0.0 [[[632.5185394287109, 165.34422755241394], [704.0046691894531, 233.8030743598938], 0.9999146461486816, 0.9999580383300781], [[642.12646484375, 153.91671895980835], [718.5318756103516, 230.7150149345398], 0.9998288154602051, 0.9998785257339478], [[617.8585052490234, 151.51600241661072], [698.3870697021484, 225.72087049484253], 0.9998804330825806, 0.9998810291290283], [[648.2749176025391, 164.82783794403076], [729.6258544921875, 243.777437210083], 0.9997249245643616, 0.9998181462287903], [[599.1936492919922, 161.87209725379944], [692.4343109130859, 236.11657619476318], 0.9999507665634155, 0.9997410178184509], [[677.6120758056641, 261.56638383865356], [753.5545349121094, 315.11853218078613], 0.9997789263725281, 0.99982088804245], [[540.9865570068359, 243.48434686660767], [654.1109466552734, 310.5684757232666], 0.9999791383743286, 0.9998767375946045], [[687.8794860839844, 367.5654602050781], [759.515380859375, 398.826584815979], 0.8083156943321228, 0.9541565179824829], [[478.8212203979492, 339.59989070892334], [636.9660186767578, 387.8083276748657], 0.9961579442024231, 0.9340807199478149], [[704.5864105224609, 468.93394947052], [753.2021331787109, 465.9320640563965], 0.6692955493927002, 0.6746015548706055], [[427.47467041015625, 416.84969902038574], [623.1256866455078, 457.00953483581543], 0.9785243272781372, 0.79215008020401], [[619.412727355957, 465.438494682312], [712.6094055175781, 457.245397567749], 0.9980432987213135, 0.9993531107902527], [[543.0260467529297, 451.8019723892212], [655.8987426757812, 452.24417209625244], 0.9989293217658997, 0.9991570711135864], [[603.0350875854492, 623.4104776382446], [716.7914581298828, 578.0671977996826], 0.880084753036499, 0.9867817759513855], [[505.6102752685547, 616.5461254119873], [640.1692962646484, 576.9552183151245], 0.9679324626922607, 0.977886438369751], [[573.1456756591797, 728.1295394897461], [723.5955810546875, 698.162784576416], 0.7831977605819702, 0.9876521825790405], [[466.4324188232422, 732.769718170166], [617.5005340576172, 690.3371715545654], 0.8474037051200867, 0.9698714017868042]]
0.1 [[[631.3849639892578, 181.31145000457764], [694.2789459228516, 234.0751576423645], 0.9998239278793335, 0.9999585747718811], [[642.1809387207031, 168.81155133247375], [709.2695617675781, 230.34624338150024], 0.9995638132095337, 0.9998783469200134], [[618.1493377685547, 167.6866865158081], [690.09033203125, 225.80509185791016], 0.9997221827507019, 0.9998794794082642], [[651.3566589355469, 177.1518051624298], [722.0197296142578, 242.96584367752075], 0.9991967678070068, 0.9998180270195007], [[604.2131423950195, 173.94208073616028], [686.6738128662109, 236.00456714630127], 0.9997973442077637, 0.9997342824935913], [[683.6131286621094, 261.98083877563477], [745.5764770507812, 312.66995429992676], 0.9995666742324829, 0.9998290538787842], [[556.131477355957, 248.40832471847534], [647.049560546875, 310.6384062767029], 0.9999592900276184, 0.9998747706413269], [[681.351318359375, 361.24175548553467], [753.0372619628906, 396.3607120513916], 0.7812864184379578, 0.9572544693946838], [[512.623176574707, 348.5423541069031], [625.7233810424805, 388.56621265411377], 0.9925353527069092, 0.9318997263908386], [[665.2611541748047, 446.23555183410645], [750.9477233886719, 470.27239322662354], 0.6215464472770691, 0.6977834701538086], [[512.154426574707, 440.3312587738037], [613.7983322143555, 458.9440727233887], 0.9571162462234497, 0.8008082509040833], [[627.2564697265625, 461.27416133880615], [709.3577575683594, 457.1418857574463], 0.9973604679107666, 0.9993171691894531], [[552.3860931396484, 450.3216075897217], [651.5018463134766, 452.183575630188], 0.9985525608062744, 0.9991428256034851], [[610.2468109130859, 617.1365976333618], [716.3771057128906, 582.9613494873047], 0.8826417922973633, 0.987440824508667], [[537.0783615112305, 611.9609212875366], [635.733757019043, 577.5858163833618], 0.9655830264091492, 0.978661835193634], [[593.0144500732422, 726.6189193725586], [723.3772277832031, 698.4921169281006], 0.7858943939208984, 0.9880654811859131], [[497.6107406616211, 732.006254196167], [614.5759963989258, 690.3052854537964], 0.8437126874923706, 0.9712995290756226]]
0.2 [[[628.4501266479492, 181.6997480392456], [670.8827972412109, 237.23711729049683], 0.9998167157173157, 0.9999565482139587], [[640.9548950195312, 169.8824179172516], [684.4357299804688, 230.35939693450928], 0.9995236396789551, 0.9998749494552612], [[616.8062210083008, 168.21731328964233], [666.2158966064453, 228.67329597473145], 0.9997106790542603, 0.9998672604560852], [[650.9754180908203, 179.38432574272156], [699.4773864746094, 242.5228714942932], 0.9990711212158203, 0.9998189210891724], [[604.1756057739258, 175.41417360305786], [667.7201843261719, 237.48817205429077], 0.9997903108596802, 0.9996862411499023], [[682.6399230957031, 263.8443088531494], [729.3409729003906, 313.01095962524414], 0.9995162487030029, 0.9998345971107483], [[553.8211822509766, 251.35360479354858], [631.7961883544922, 311.31728410720825], 0.9999598860740662, 0.9998427033424377], [[680.7973480224609, 361.5863227844238], [735.2268218994141, 396.3989067077637], 0.7693927884101868, 0.9600085020065308], [[506.41937255859375, 355.8638620376587], [616.6626739501953, 389.78771209716797], 0.9921979308128357, 0.9070430397987366], [[676.9422912597656, 451.1515474319458], [739.9385833740234, 471.08787059783936], 0.5928164720535278, 0.7164718508720398], [[484.7487258911133, 449.5190906524658], [603.200798034668, 458.601393699646], 0.9554352164268494, 0.7812329530715942], [[629.4366455078125, 461.48478984832764], [697.2152709960938, 456.749210357666], 0.9972723126411438, 0.9992451071739197], [[554.9443435668945, 451.6712522506714], [641.9427490234375, 452.84056663513184], 0.9985472559928894, 0.9990642070770264], [[611.6368865966797, 616.5884828567505], [706.4365386962891, 583.1887149810791], 0.8872821927070618, 0.9879159331321716], [[529.7623443603516, 610.5741119384766], [632.0845794677734, 578.4648942947388], 0.9663115739822388, 0.9788264632225037], [[596.3275909423828, 725.1682090759277], [722.3005676269531, 698.9906644821167], 0.7947800159454346, 0.9885125160217285], [[491.1886215209961, 730.2066421508789], [613.4415435791016, 690.3083324432373], 0.8480516672134399, 0.9726900458335876]]
0.3 [[[615.7907104492188, 179.9847114086151], [653.4409332275391, 237.40663290023804], 0.9998126029968262, 0.9999540448188782], [[629.296875, 168.17813158035278], [667.6255798339844, 230.4131269454956], 0.9995124936103821, 0.9998680353164673], [[603.8303375244141, 167.15722918510437], [647.9003143310547, 228.5572099685669], 0.999695360660553, 0.99985271692276], [[639.9570846557617, 177.74918675422668], [680.8946228027344, 242.5019931793213], 0.9990554451942444, 0.999813973903656], [[591.202392578125, 175.98432540893555], [648.3267211914062, 237.39856481552124], 0.9997738599777222, 0.9996277093887329], [[670.7949066162109, 263.07318449020386], [711.61376953125, 313.3622217178345], 0.9995154738426208, 0.9998367428779602], [[545.6858062744141, 251.60723447799683], [617.2673416137695, 311.2161326408386], 0.9999575614929199, 0.9998157620429993], [[671.136474609375, 357.49518156051636], [718.7966156005859, 396.5674352645874], 0.7642360925674438, 0.9623344540596008], [[494.1679382324219, 353.58537912368774], [601.3141632080078, 389.9656391143799], 0.9913524389266968, 0.8878400325775146], [[672.2468566894531, 443.657283782959], [719.2738342285156, 474.09619331359863], 0.5805842876434326, 0.7323399782180786], [[460.0421905517578, 436.88236713409424], [593.1114959716797, 459.46386337280273], 0.9524609446525574, 0.7670803070068359], [[626.7794799804688, 459.53810691833496], [683.363037109375, 458.3747148513794], 0.9972885847091675, 0.9991618394851685], [[554.2525482177734, 449.84983921051025], [628.195915222168, 456.47841453552246], 0.9985607862472534, 0.9989911913871765], [[610.9926605224609, 612.0291566848755], [696.1390686035156, 584.7742223739624], 0.8921681642532349, 0.9881383180618286], [[526.01806640625, 609.2442512512207], [624.3987274169922, 579.5155477523804], 0.9671667814254761, 0.9787822961807251], [[594.6462249755859, 717.1232986450195], [719.5445251464844, 698.5719394683838], 0.8032418489456177, 0.9887040257453918], [[489.22393798828125, 725.2215099334717], [612.426872253418, 690.7830190658569], 0.8535782098770142, 0.9737878441810608]]
0.4 [[[597.5568771362305, 177.8191065788269], [611.4694976806641, 248.44621896743774], 0.9998266100883484, 0.9999516010284424], [[612.839469909668, 167.25841283798218], [624.4683837890625, 239.49695348739624], 0.999549388885498, 0.9998623728752136], [[588.3092498779297, 166.1768388748169], [615.6472778320312, 239.2259430885315], 0.99971604347229, 0.9998413324356079], [[625.411376953125, 176.76208019256592], [641.9319152832031, 247.19034433364868], 0.9991287589073181, 0.9998064041137695], [[576.5740966796875, 175.71378707885742], [626.6603469848633, 244.213285446167], 0.9997879862785339, 0.9996253848075867], [[654.9510192871094, 262.65377283096313], [672.9380798339844, 312.51312017440796], 0.999549925327301, 0.9998430013656616], [[528.1884765625, 250.8295226097107], [598.7627410888672, 312.0711350440979], 0.9999583959579468, 0.9998198747634888], [[673.4058380126953, 356.73118114471436], [703.5319519042969, 375.94008922576904], 0.78324955701828, 0.9648299217224121], [[466.06571197509766, 338.32974672317505], [554.771614074707, 366.4702606201172], 0.9916720986366272, 0.8970262408256531], [[717.3576354980469, 441.31839752197266], [726.90185546875, 378.94519329071045], 0.6162463426589966, 0.7558255791664124], [[405.6179428100586, 400.41144847869873], [489.3915557861328, 363.31748485565186], 0.9557158946990967, 0.7898544073104858], [[608.0535888671875, 457.05708503723145], [641.3233947753906, 458.53127002716064], 0.9972827434539795, 0.9991474151611328], [[535.4310989379883, 446.87644958496094], [595.719108581543, 456.2909173965454], 0.9985489845275879, 0.9989928007125854], [[602.3070526123047, 610.4907274246216], [660.5189514160156, 580.8023643493652], 0.8937262296676636, 0.9886491298675537], [[516.6629028320312, 606.3883638381958], [591.491584777832, 571.5850925445557], 0.9670618176460266, 0.9789424538612366], [[592.4269866943359, 718.1036567687988], [681.0587310791016, 691.3473987579346], 0.8064252138137817, 0.989409327507019], [[486.65538787841797, 725.7207870483398], [591.6234588623047, 679.2083644866943], 0.8555172681808472, 0.9745722413063049]]
0.5 [[[574.5063018798828, 174.8665952682495], [603.2471466064453, 248.71682167053223], 0.9998185634613037, 0.999954879283905], [[586.7855072021484, 165.02755522727966], [615.9778594970703, 240.29893398284912], 0.9995203614234924, 0.9998719692230225], [[565.7803344726562, 164.08185124397278], [607.385368347168, 239.5825481414795], 0.9996939897537231, 0.9998499751091003], [[602.3224639892578, 176.20913743972778], [630.2957916259766, 248.79108667373657], 0.9991101622581482, 0.9998201131820679], [[554.4556427001953, 175.02522110939026], [615.9904861450195, 246.0249137878418], 0.9997730255126953, 0.9996546506881714], [[635.9572601318359, 263.089234828949], [664.0837097167969, 312.5878357887268], 0.9995427131652832, 0.9998530149459839], [[504.46868896484375, 249.44365739822388], [583.0305099487305, 313.0354857444763], 0.9999520182609558, 0.9998279809951782], [[674.7255706787109, 348.2799482345581], [700.3285980224609, 364.68888759613037], 0.7962284684181213, 0.9679032564163208], [[432.14271545410156, 310.38039922714233], [537.1562576293945, 358.2022976875305], 0.9917499423027039, 0.905389666557312], [[744.7369384765625, 388.0348777770996], [731.6252136230469, 338.1395888328552], 0.641950786113739, 0.7791240215301514], [[356.89292907714844, 326.9804620742798], [475.3057861328125, 345.8051061630249], 0.9581496715545654, 0.8103082776069641], [[585.5730438232422, 456.21787548065186], [637.0061111450195, 459.10041332244873], 0.9966124296188354, 0.9991441369056702], [[512.4477386474609, 446.7323398590088], [586.5510940551758, 457.07412242889404], 0.9982720017433167, 0.9990293979644775], [[590.1728439331055, 610.4618453979492], [647.1720886230469, 579.3812227249146], 0.8966768980026245, 0.9892546534538269], [[499.91294860839844, 604.2217397689819], [587.0316696166992, 571.0175371170044], 0.9669686555862427, 0.9801871180534363], [[591.9419479370117, 718.2032632827759], [666.7730712890625, 685.5127573013306], 0.8073266744613647, 0.9900237917900085], [[486.43287658691406, 725.8895301818848], [586.2677001953125, 675.3508758544922], 0.8552557229995728, 0.9762910008430481]]
0.6 [[[558.0293655395508, 174.1724717617035], [596.9731521606445, 252.76751518249512], 0.9998289942741394, 0.9999552369117737], [[570.286865234375, 164.74505424499512], [609.5876312255859, 244.72603797912598], 0.9995473623275757, 0.9998764395713806], [[548.143196105957, 162.47926354408264], [600.1436233520508, 244.50066804885864], 0.9997101426124573, 0.9998497366905212], [[583.6598968505859, 175.71476340293884], [624.1744232177734, 251.90083980560303], 0.9991762042045593, 0.9998272061347961], [[533.6032104492188, 170.2936863899231], [607.7113723754883, 250.42300701141357], 0.9997865557670593, 0.9996725916862488], [[615.1411819458008, 259.75003480911255], [660.5363464355469, 312.7049517631531], 0.9995504021644592, 0.9998586773872375], [[480.3278350830078, 243.4479546546936], [575.1076507568359, 313.5331320762634], 0.9999440312385559, 0.999826967716217], [[671.3987731933594, 326.84356212615967], [686.3761901855469, 369.62719917297363], 0.8109497427940369, 0.9705815315246582], [[405.56251525878906, 293.51810216903687], [532.8420257568359, 355.669584274292], 0.9912979006767273, 0.9123757481575012], [[761.1326599121094, 322.2013449668884], [713.6302185058594, 345.81918239593506], 0.6699635982513428, 0.7999123334884644], [[331.4514923095703, 282.02629566192627], [474.11521911621094, 341.8463373184204], 0.960042417049408, 0.8288088440895081], [[563.7062835693359, 450.85890769958496], [630.6827926635742, 459.1019582748413], 0.9962235689163208, 0.9989954829216003], [[490.5207061767578, 443.6621332168579], [581.312141418457, 457.1315002441406], 0.9980330467224121, 0.9990052580833435], [[577.2687911987305, 602.7338218688965], [629.7394943237305, 574.8512077331543], 0.8983705639839172, 0.9895145297050476], [[485.0759506225586, 600.9913301467896], [587.5874710083008, 569.1356992721558], 0.9657324552536011, 0.9808859825134277], [[577.1196746826172, 714.0303897857666], [647.8271484375, 676.8736410140991], 0.8012663722038269, 0.9904487729072571], [[485.90187072753906, 726.137580871582], [583.9426422119141, 673.3050584793091], 0.849705159664154, 0.9777451753616333]]
0.7 [[[546.5720748901367, 169.9666929244995], [595.3192138671875, 255.21044969558716], 0.9998385906219482, 0.9999581575393677], [[560.0808715820312, 161.2264358997345], [606.3338088989258, 245.7942008972168], 0.9995741248130798, 0.9998853802680969], [[536.2519454956055, 157.6975393295288], [596.678352355957, 246.6153645515442], 0.9997249841690063, 0.9998577237129211], [[571.8788909912109, 171.41902327537537], [622.1767425537109, 251.88193559646606], 0.9992406368255615, 0.9998406171798706], [[521.1307525634766, 163.69075298309326], [604.2534637451172, 251.34515047073364], 0.9997996687889099, 0.9996967911720276], [[602.6760101318359, 256.1721396446228], [660.4581451416016, 312.97295808792114], 0.9995570182800293, 0.999870240688324], [[467.3752212524414, 237.74843215942383], [575.3047943115234, 313.997004032135], 0.9999220371246338, 0.9998376369476318], [[660.3824615478516, 323.9000201225281], [684.1613006591797, 373.35976123809814], 0.8245230913162231, 0.9731187224388123], [[392.09972381591797, 287.8444576263428], [535.9931182861328, 359.72394704818726], 0.9902984499931335, 0.9191492795944214], [[752.3690032958984, 310.8699560165405], [708.6045837402344, 354.9269771575928], 0.6972806453704834, 0.819369375705719], [[325.2781295776367, 268.0300998687744], [469.81361389160156, 354.20666456222534], 0.9609817862510681, 0.8455039262771606], [[553.7343215942383, 448.8772487640381], [630.9314727783203, 457.9790782928467], 0.9960339069366455, 0.998959481716156], [[479.1764450073242, 443.43047618865967], [582.0436859130859, 454.97071266174316], 0.997788667678833, 0.9989696145057678], [[560.7058715820312, 604.480390548706], [619.6818923950195, 572.0185375213623], 0.9023387432098389, 0.9886196255683899], [[473.7403869628906, 601.7836332321167], [584.8773956298828, 568.7608766555786], 0.9628928899765015, 0.977737545967102], [[549.7123336791992, 714.7242450714111], [623.2785797119141, 677.003288269043], 0.8010258674621582, 0.9899546504020691], [[480.9311294555664, 726.346321105957], [586.8589019775391, 672.4570941925049], 0.840980052947998, 0.9765095114707947]]
0.8 [[[537.5387573242188, 167.94352412223816], [592.9202270507812, 256.26288414001465], 0.9997938275337219, 0.9999542236328125], [[551.1077117919922, 159.2250680923462], [603.4133911132812, 246.47790670394897], 0.999453604221344, 0.9998770356178284], [[527.0364379882812, 155.82545399665833], [593.1246948242188, 248.1749939918518], 0.9995836615562439, 0.9998348951339722], [[562.401008605957, 168.58155727386475], [619.5002365112305, 252.2391414642334], 0.9990767240524292, 0.9998442530632019], [[512.9511642456055, 162.27410674095154], [600.426025390625, 252.8521227836609], 0.9996476173400879, 0.9996479749679565], [[591.1483764648438, 256.4721393585205], [659.3424987792969, 313.7975549697876], 0.9995413422584534, 0.9998809695243835], [[461.10687255859375, 237.00998783111572], [572.1625518798828, 317.2204828262329], 0.9998849630355835, 0.9998292326927185], [[644.4606018066406, 331.72966718673706], [681.7156982421875, 381.5354347229004], 0.8345460891723633, 0.9755591154098511], [[388.3005905151367, 295.5173349380493], [533.9448928833008, 360.889892578125], 0.9897168874740601, 0.9169650077819824], [[751.7563629150391, 362.3220634460449], [684.6359252929688, 452.659592628479], 0.7166114449501038, 0.8363962173461914], [[309.64969635009766, 306.7024254798889], [468.1890106201172, 369.2031955718994], 0.9605909585952759, 0.8570505380630493], [[541.136589050293, 447.70561695098877], [630.8269500732422, 457.81054973602295], 0.9950971603393555, 0.9988436102867126], [[471.16870880126953, 441.46851539611816], [582.0112228393555, 454.50615406036377], 0.9970088005065918, 0.9988871812820435], [[534.3202972412109, 605.1729583740234], [614.1748046875, 570.2291822433472], 0.9032487273216248, 0.9877980947494507], [[466.7797088623047, 602.1330070495605], [583.796272277832, 567.552080154419], 0.9624254703521729, 0.976581335067749], [[517.0212936401367, 718.919563293457], [613.423957824707, 676.8200826644897], 0.8086543679237366, 0.9887755513191223], [[477.51731872558594, 726.5565204620361], [584.1650390625, 672.151837348938], 0.8438246846199036, 0.9761264324188232]]
0.9 [[[536.7603302001953, 166.8809187412262], [593.2636260986328, 255.31168699264526], 0.9997968077659607, 0.9999512434005737], [[549.2389678955078, 158.0204451084137], [604.136848449707, 246.10711812973022], 0.9994649887084961, 0.9998682737350464], [[524.1162109375, 155.24311423301697], [593.2905197143555, 247.45262145996094], 0.999593198299408, 0.9998252391815186], [[558.1797027587891, 167.07837224006653], [620.3159713745117, 252.41837739944458], 0.9990809559822083, 0.9998400211334229], [[509.2097854614258, 162.27296948432922], [598.7677001953125, 252.44661569595337], 0.9996574521064758, 0.9996306300163269], [[582.7293014526367, 255.43530464172363], [655.5541229248047, 313.9592385292053], 0.9995495676994324, 0.9998859763145447], [[456.7901611328125, 237.58200645446777], [569.462890625, 317.9606866836548], 0.9998896718025208, 0.9998320937156677], [[604.1062164306641, 336.1885929107666], [669.7660827636719, 386.9125556945801], 0.8366255760192871, 0.9771304130554199], [[391.90746307373047, 318.5944175720215], [536.2559127807617, 379.4843816757202], 0.9900383353233337, 0.9127980470657349], [[626.5199661254883, 428.48005771636963], [672.3187255859375, 466.4958429336548], 0.719781756401062, 0.8477687239646912], [[342.27073669433594, 399.0666103363037], [492.56343841552734, 427.84645557403564], 0.9609401226043701, 0.8639511466026306], [[543.0318450927734, 447.3877429962158], [629.6917724609375, 457.0567846298218], 0.995189368724823, 0.9987964630126953], [[473.6675262451172, 440.0365161895752], [579.1339111328125, 454.3569803237915], 0.9971011281013489, 0.9988787770271301], [[528.6631011962891, 605.3545331954956], [614.5167922973633, 570.0284242630005], 0.9059582352638245, 0.9870719909667969], [[469.6417999267578, 602.5887250900269], [585.8258819580078, 568.0081844329834], 0.9615948796272278, 0.9750824570655823], [[516.4237213134766, 719.0717840194702], [613.9996337890625, 676.5867948532104], 0.818147599697113, 0.9878698587417603], [[474.8946762084961, 726.699857711792], [585.9001922607422, 672.4900531768799], 0.8464711308479309, 0.9753276109695435]]
1.0 [[[541.0885620117188, 164.9396538734436], [593.8218307495117, 254.3118667602539], 0.9997481107711792, 0.9999442100524902], [[550.7659149169922, 155.06646394729614], [604.959602355957, 245.3063178062439], 0.9993484020233154, 0.999846339225769], [[527.1482086181641, 153.07741284370422], [594.511604309082, 246.32343292236328], 0.9995045065879822, 0.9998124837875366], [[555.465202331543, 162.99702644348145], [619.8183441162109, 252.28315114974976], 0.9988885521888733, 0.9998151063919067], [[509.67357635498047, 160.27448773384094], [599.3502807617188, 252.07885265350342], 0.9995987415313721, 0.9996187090873718], [[582.8513717651367, 250.22928714752197], [653.8189697265625, 313.24124336242676], 0.9995153546333313, 0.9998871684074402], [[454.33910369873047, 238.6565637588501], [567.6586151123047, 317.6971220970154], 0.999885618686676, 0.999843180179596], [[585.9733963012695, 349.7446274757385], [664.390869140625, 386.89225673675537], 0.8272220492362976, 0.9775525331497192], [[407.74070739746094, 347.49616384506226], [542.9668045043945, 386.0978078842163], 0.9888461828231812, 0.9075812697410583], [[590.1755523681641, 450.7281017303467], [666.7665863037109, 460.70008277893066], 0.6949947476387024, 0.8516956567764282], [[385.4768371582031, 446.52231216430664], [509.58106994628906, 452.19035625457764], 0.9532470703125, 0.8704499006271362], [[546.3755416870117, 448.19133281707764], [627.7280807495117, 453.88890266418457], 0.9950422644615173, 0.9988100528717041], [[474.02793884277344, 441.4674425125122], [577.7444458007812, 452.36321926116943], 0.9969763159751892, 0.9989172220230103], [[545.4630279541016, 605.8983135223389], [619.8673248291016, 569.1306781768799], 0.9028192758560181, 0.986496090888977], [[471.4707565307617, 603.2792329788208], [585.8951568603516, 566.6855335235596], 0.955460250377655, 0.9743416905403137], [[530.7564163208008, 738.8929653167725], [621.358642578125, 676.25892162323], 0.810298502445221, 0.9875782132148743], [[474.4892120361328, 728.1813812255859], [585.681037902832, 671.6056108474731], 0.8336718678474426, 0.9752318859100342]]
1.1 [[[539.9124145507812, 158.82370233535767], [596.250114440918, 251.4224624633789], 0.9997598528862, 0.9999357461929321], [[548.3183670043945, 147.7394735813141], [606.5914154052734, 244.64917659759521], 0.9993830323219299, 0.9998204112052917], [[523.4218215942383, 147.7481210231781], [595.129508972168, 245.82610845565796], 0.9995301365852356, 0.9997892379760742], [[553.4580230712891, 155.84849953651428], [620.1650238037109, 252.21362829208374], 0.9989351630210876, 0.9997838735580444], [[506.3399887084961, 156.93434357643127], [597.6015090942383, 251.46175146102905], 0.9996234178543091, 0.999567985534668], [[581.1140823364258, 244.85860347747803], [655.3871154785156, 311.8351221084595], 0.9995208382606506, 0.9998847246170044], [[459.08069610595703, 238.98529529571533], [567.4985504150391, 317.88687229156494], 0.999891996383667, 0.9998379349708557], [[581.7764282226562, 350.2147436141968], [668.2735443115234, 386.59099102020264], 0.8109169602394104, 0.978657603263855], [[409.08748626708984, 349.60553884506226], [548.2296752929688, 390.5843925476074], 0.9890080690383911, 0.8991404175758362], [[597.607536315918, 448.17017555236816], [670.6541442871094, 455.47136306762695], 0.6780050992965698, 0.8604855537414551], [[410.37841796875, 455.9121036529541], [535.80810546875, 454.29076194763184], 0.9529931545257568, 0.8713282942771912], [[550.6296539306641, 445.75777530670166], [632.466926574707, 451.27806186676025], 0.9952008128166199, 0.9987571239471436], [[477.34371185302734, 441.67824268341064], [580.386848449707, 450.88457107543945], 0.9970723390579224, 0.9988992810249329], [[551.3801956176758, 597.2002744674683], [628.3045196533203, 569.7653102874756], 0.8954572677612305, 0.9867861270904541], [[474.9946594238281, 603.4252738952637], [587.2774505615234, 567.0282554626465], 0.9548168182373047, 0.9752739667892456], [[555.859489440918, 714.0954065322876], [633.2007598876953, 676.9700717926025], 0.8039605021476746, 0.9876270890235901], [[474.4956970214844, 727.9350471496582], [584.9276733398438, 670.7897472381592], 0.8330724239349365, 0.9761025309562683]]
1.2 [[[542.0523834228516, 159.53332901000977], [597.4267578125, 250.87589263916016], 0.9997767210006714, 0.999937891960144], [[552.2237014770508, 148.46949577331543], [608.2337188720703, 244.2547845840454], 0.9994192123413086, 0.999824047088623], [[528.1776809692383, 148.23098301887512], [596.5785598754883, 245.3548765182495], 0.999563992023468, 0.999796986579895], [[560.1133346557617, 156.63803458213806], [622.2350311279297, 251.99548959732056], 0.9989877939224243, 0.9997913837432861], [[511.0153579711914, 157.40148782730103], [599.0647125244141, 251.0542917251587], 0.9996510148048401, 0.9995856881141663], [[587.166748046875, 244.57499742507935], [657.4867248535156, 311.31031036376953], 0.9995259642601013, 0.999891459941864], [[463.77540588378906, 239.22489166259766], [569.8408889770508, 318.03932905197144], 0.9998996257781982, 0.9998481273651123], [[593.4049606323242, 352.2081398963928], [672.042236328125, 386.3534116744995], 0.8168755769729614, 0.980099618434906], [[413.6767578125, 348.8757634162903], [550.9603118896484, 390.3412342071533], 0.9895123243331909, 0.8928480744361877], [[622.302131652832, 452.6908779144287], [676.8367004394531, 454.9026918411255], 0.6760045886039734, 0.8708265423774719], [[416.2041473388672, 450.00720977783203], [540.1334381103516, 455.9882354736328], 0.9554533958435059, 0.8750203251838684], [[555.780029296875, 441.64618492126465], [636.6548919677734, 451.5541362762451], 0.9953433275222778, 0.9987523555755615], [[482.32994079589844, 440.89259147644043], [584.5014190673828, 451.17725372314453], 0.9971810579299927, 0.998934805393219], [[565.2109909057617, 592.4720335006714], [632.5665283203125, 570.0980758666992], 0.8995408415794373, 0.9876177310943604], [[477.0289611816406, 598.3405780792236], [588.258171081543, 567.9055309295654], 0.9544614553451538, 0.9768230319023132], [[571.8557739257812, 710.58021068573], [653.3506011962891, 677.1939182281494], 0.8067768812179565, 0.9881778955459595], [[474.67952728271484, 727.2430801391602], [585.0531768798828, 671.2909126281738], 0.8337193727493286, 0.9776558876037598]]
1.3 [[[545.6639862060547, 159.70301628112793], [600.8513641357422, 250.9584617614746], 0.9997541904449463, 0.9999387860298157], [[556.3463592529297, 148.54520916938782], [612.1668243408203, 243.92946481704712], 0.9993361234664917, 0.9998242855072021], [[531.8773651123047, 148.90225410461426], [600.0022506713867, 245.15572786331177], 0.999534547328949, 0.9998046159744263], [[564.692497253418, 157.26174473762512], [625.8743286132812, 251.82899951934814], 0.9987876415252686, 0.999793529510498], [[514.3857574462891, 158.30595016479492], [602.6470184326172, 251.6671872138977], 0.9996383786201477, 0.9996060132980347], [[587.6570892333984, 245.75130701065063], [661.8614196777344, 312.5480103492737], 0.9994774460792542, 0.9998909831047058], [[466.5686798095703, 243.8672161102295], [573.9655685424805, 319.2569661140442], 0.999902069568634, 0.9998590350151062], [[602.5956344604492, 352.42621421813965], [676.3988494873047, 389.20921325683594], 0.8005456924438477, 0.9809068441390991], [[425.95726013183594, 353.88512134552], [552.09228515625, 390.5981254577637], 0.9893364906311035, 0.8942542672157288], [[635.0114059448242, 444.2491292953491], [680.9761047363281, 456.34859561920166], 0.650692343711853, 0.8739069104194641], [[419.5203399658203, 439.9098300933838], [539.1998291015625, 455.1622009277344], 0.9556716680526733, 0.8811995983123779], [[565.9897994995117, 445.65516471862793], [640.0797271728516, 451.59979820251465], 0.9953856468200684, 0.9987576007843018], [[492.98221588134766, 445.0115633010864], [587.168083190918, 452.8239583969116], 0.9972310066223145, 0.9989766478538513], [[575.9855270385742, 593.6399745941162], [646.8110656738281, 570.4013156890869], 0.903684139251709, 0.988443911075592], [[488.36669921875, 598.4992790222168], [589.131965637207, 568.7688589096069], 0.9546229839324951, 0.9782534241676331], [[575.0284576416016, 712.1990203857422], [674.9420166015625, 679.7080707550049], 0.811619758605957, 0.9888043999671936], [[477.86956787109375, 726.0512351989746], [585.5764770507812, 671.7421674728394], 0.8343196511268616, 0.9789977073669434]]
1.4 [[[560.3302001953125, 162.14680910110474], [601.8474578857422, 250.65886974334717], 0.9997754096984863, 0.9999412298202515], [[574.4908905029297, 150.42245507240295], [614.0625, 243.2103967666626], 0.9993945360183716, 0.9998304843902588], [[546.9603729248047, 151.82380199432373], [600.8740997314453, 244.88014698028564], 0.9995749592781067, 0.9998125433921814], [[587.8168487548828, 159.60960030555725], [628.7042999267578, 251.44368410110474], 0.9988957047462463, 0.9998035430908203], [[535.5976486206055, 161.72576665878296], [607.1311569213867, 251.42967224121094], 0.9996680617332458, 0.9996219277381897], [[622.7570343017578, 250.66189527511597], [668.5149383544922, 312.0194435119629], 0.9995168447494507, 0.999896228313446], [[491.7787551879883, 246.95257186889648], [584.1336059570312, 320.0961971282959], 0.9999058842658997, 0.9998641014099121], [[665.6870269775391, 354.7853350639343], [685.1626586914062, 389.54644203186035], 0.8181101679801941, 0.9820602536201477], [[445.1708221435547, 349.82996463775635], [559.5051956176758, 391.9400882720947], 0.9886245131492615, 0.890198826789856], [[722.87353515625, 441.56108379364014], [694.4662475585938, 459.0838050842285], 0.6811119914054871, 0.8829340934753418], [[414.4424819946289, 429.1106128692627], [536.9514846801758, 450.6587076187134], 0.953319787979126, 0.8856104016304016], [[590.2863693237305, 449.555869102478], [652.9475402832031, 451.6713809967041], 0.9955363273620605, 0.9987574219703674], [[519.5615386962891, 446.18486881256104], [599.019889831543, 453.07140827178955], 0.9973263740539551, 0.9989955425262451], [[584.5038604736328, 597.7675724029541], [657.6715087890625, 569.98619556427], 0.9063578248023987, 0.9889945387840271], [[500.7221221923828, 598.7488317489624], [589.7028350830078, 568.9710760116577], 0.9571365118026733, 0.9795560836791992], [[577.0402145385742, 711.0382032394409], [680.1799774169922, 681.6381883621216], 0.8170289993286133, 0.9890229105949402], [[480.89454650878906, 726.1076259613037], [585.568962097168, 671.9696617126465], 0.8419190049171448, 0.9801568984985352]]
1.5 [[[602.2123336791992, 167.88684368133545], [619.1513824462891, 250.4865860939026], 0.9997851252555847, 0.9999454021453857], [[608.4392547607422, 154.5184886455536], [632.1675872802734, 243.0169129371643], 0.9994255900382996, 0.999841570854187], [[585.6493377685547, 154.41301345825195], [618.7189865112305, 244.3378472328186], 0.999598503112793, 0.9998239278793335], [[612.0236968994141, 163.20530533790588], [648.4027099609375, 251.3835597038269], 0.998958170413971, 0.9998175501823425], [[565.330810546875, 164.81205582618713], [623.875846862793, 251.32925033569336], 0.9996844530105591, 0.9996396899223328], [[646.2439727783203, 253.92775297164917], [680.2967071533203, 312.72104501724243], 0.9995074272155762, 0.9999026656150818], [[518.2435989379883, 247.9132318496704], [595.0818634033203, 320.76217889785767], 0.9998944997787476, 0.9998618960380554], [[689.6312713623047, 350.5657696723938], [700.6416320800781, 391.4019727706909], 0.8224499225616455, 0.9835346341133118], [[466.260986328125, 337.3799657821655], [566.0837936401367, 390.7645082473755], 0.987453818321228, 0.8898412585258484], [[774.9343109130859, 400.55461406707764], [715.7098388671875, 463.1553554534912], 0.6979969143867493, 0.893508791923523], [[411.82838439941406, 377.3790407180786], [531.0174560546875, 446.7175340652466], 0.9532425999641418, 0.8914467096328735], [[609.2794036865234, 453.80616188049316], [666.6819763183594, 453.1119203567505], 0.9953543543815613, 0.9987467527389526], [[542.2817230224609, 447.4503564834595], [611.9725799560547, 453.5958766937256], 0.9972274899482727, 0.9990046620368958], [[600.0905227661133, 599.9904155731201], [668.695068359375, 569.385552406311], 0.9096671938896179, 0.989525318145752], [[515.765380859375, 599.9438524246216], [594.2499542236328, 568.6773633956909], 0.9601976871490479, 0.9809913635253906], [[578.5805511474609, 711.2875413894653], [680.2972412109375, 681.4768695831299], 0.8208099007606506, 0.9891480803489685], [[484.6881866455078, 726.1255645751953], [585.792236328125, 671.9409084320068], 0.8525124192237854, 0.9814130067825317]]
1.6 [[[616.630859375, 171.60019040107727], [639.0402221679688, 250.1056694984436], 0.9997196793556213, 0.9999496340751648], [[623.5572052001953, 157.9138219356537], [651.3552856445312, 242.45452880859375], 0.9993151426315308, 0.9998534321784973], [[599.4596481323242, 159.05218362808228], [635.086784362793, 242.90640592575073], 0.999495267868042, 0.9998369812965393], [[626.4199066162109, 165.03446459770203], [666.3489532470703, 251.19078397750854], 0.998835563659668, 0.99983149766922], [[580.9074020385742, 168.34263682365417], [635.9955596923828, 250.3026294708252], 0.9996064305305481, 0.9996646046638489], [[661.96533203125, 256.1886191368103], [693.7748718261719, 312.6703190803528], 0.9994125962257385, 0.9999080300331116], [[533.2130813598633, 247.7919101715088], [607.31201171875, 320.4510426521301], 0.9998363852500916, 0.9998570084571838], [[703.7528991699219, 347.7509093284607], [719.6268463134766, 384.56693172454834], 0.8150113821029663, 0.9845143556594849], [[478.76441955566406, 324.6887183189392], [571.8062591552734, 385.3001403808594], 0.9841228127479553, 0.8930449485778809], [[789.6456909179688, 380.33024311065674], [745.3239440917969, 447.9893732070923], 0.6997845768928528, 0.9019972085952759], [[420.20286560058594, 347.76015758514404], [522.3643112182617, 420.49818992614746], 0.9480646848678589, 0.8975718021392822], [[617.1701812744141, 455.14692306518555], [673.9567565917969, 453.66411209106445], 0.9940380454063416, 0.9986617565155029], [[552.6773834228516, 447.57957458496094], [621.5338897705078, 453.6643695831299], 0.9964795708656311, 0.9989266395568848], [[604.7650146484375, 602.4645280838013], [678.23974609375, 570.5681705474854], 0.9074020981788635, 0.9896957278251648], [[530.7857131958008, 601.6442441940308], [605.060920715332, 569.1628217697144], 0.9603978991508484, 0.981891393661499], [[576.9963836669922, 711.4455556869507], [683.3349609375, 680.931715965271], 0.8162766098976135, 0.9889007210731506], [[507.0354461669922, 726.3166236877441], [585.9856033325195, 672.1320962905884], 0.8518359065055847, 0.9823468327522278]]
1.7 [[[623.4862518310547, 172.1699559688568], [646.7401123046875, 250.1592493057251], 0.9997164011001587, 0.9999514818191528], [[630.3560256958008, 158.53333711624146], [659.8304748535156, 242.39582061767578], 0.9993235468864441, 0.99985671043396], [[608.1372833251953, 159.57656621932983], [645.8526611328125, 242.80967473983765], 0.9994901418685913, 0.9998399019241333], [[632.8063201904297, 166.48449897766113], [675.6985473632812, 251.52541637420654], 0.9988851547241211, 0.9998325705528259], [[590.9877395629883, 169.18236136436462], [650.8967590332031, 250.2078080177307], 0.9995968341827393, 0.9996708035469055], [[667.6450347900391, 260.0903534889221], [706.84326171875, 312.82678842544556], 0.9994156360626221, 0.9999092221260071], [[540.5222320556641, 247.89093732833862], [618.2575225830078, 320.13492822647095], 0.9998129606246948, 0.9998568296432495], [[712.6081848144531, 347.89077043533325], [737.0578765869141, 378.10585498809814], 0.8243041634559631, 0.9842109680175781], [[486.8216323852539, 325.05712509155273], [577.7071380615234, 377.18909740448], 0.9813896417617798, 0.8993644714355469], [[783.8135528564453, 394.34733867645264], [774.3440246582031, 412.87376403808594], 0.7188042402267456, 0.9087691903114319], [[434.85008239746094, 356.8471384048462], [518.3440399169922, 396.26020431518555], 0.9438421726226807, 0.9052265882492065], [[621.7573165893555, 458.771595954895], [684.2130279541016, 453.6878442764282], 0.9937911629676819, 0.9986322522163391], [[553.9105987548828, 449.3609046936035], [631.8931198120117, 452.6895475387573], 0.9964327812194824, 0.9988863468170166], [[603.343391418457, 609.916090965271], [686.0983276367188, 572.5073862075806], 0.9063102006912231, 0.9896625876426697], [[549.1104125976562, 609.1171360015869], [612.3746871948242, 569.5053291320801], 0.959675669670105, 0.9829750657081604], [[575.5550384521484, 711.7895650863647], [683.7412261962891, 681.5387535095215], 0.8085828423500061, 0.9885249137878418], [[536.1223602294922, 746.9827651977539], [587.661247253418, 672.1935939788818], 0.8517935872077942, 0.9830604195594788]]
1.8 [[[629.2252349853516, 175.2213442325592], [660.2677917480469, 250.5013918876648], 0.9997316002845764, 0.9999535083770752], [[636.1563873291016, 160.99730014801025], [672.4102783203125, 242.39386796951294], 0.9993621706962585, 0.9998613595962524], [[614.7595977783203, 161.1842179298401], [657.4888610839844, 242.94809818267822], 0.9995181560516357, 0.9998449087142944], [[637.6472854614258, 169.46999073028564], [687.6284790039062, 251.50254249572754], 0.9989453554153442, 0.9998347163200378], [[594.1127395629883, 170.44338583946228], [660.0511169433594, 250.16130924224854], 0.9996200203895569, 0.9996846318244934], [[667.3058319091797, 261.6951513290405], [716.1285400390625, 313.45144271850586], 0.9994492530822754, 0.9999046325683594], [[540.9738159179688, 247.97346353530884], [628.4016799926758, 319.99783515930176], 0.9998228549957275, 0.9998603463172913], [[694.556884765625, 354.1471838951111], [745.4379272460938, 377.63726234436035], 0.8329720497131348, 0.9817923307418823], [[483.4605407714844, 341.74020767211914], [584.566650390625, 372.0954751968384], 0.9824240803718567, 0.9067922830581665], [[773.4735107421875, 431.03360652923584], [781.0785675048828, 397.11207389831543], 0.7351604104042053, 0.9122986793518066], [[438.4495162963867, 409.93603706359863], [518.8970947265625, 382.71685123443604], 0.9461261630058289, 0.9134510159492493], [[623.79638671875, 459.1913080215454], [694.9904632568359, 455.2292776107788], 0.9938739538192749, 0.9985693693161011], [[555.9467697143555, 450.89590072631836], [642.1141052246094, 452.81996726989746], 0.9964989423751831, 0.9988003373146057], [[602.0492553710938, 610.5300807952881], [692.7415466308594, 573.8987874984741], 0.8987199068069458, 0.9886885285377502], [[551.4743041992188, 610.0170278549194], [617.6774978637695, 569.4514274597168], 0.954561173915863, 0.983238697052002], [[574.9090576171875, 713.0691719055176], [685.2653503417969, 683.1323719024658], 0.7976271510124207, 0.9877305626869202], [[537.1719360351562, 746.3584327697754], [602.7103424072266, 672.2998094558716], 0.8408811688423157, 0.9831134676933289]]
1.9 [[[640.8968353271484, 174.77688074111938], [665.3018188476562, 250.46165227890015], 0.9995628595352173, 0.9999565482139587], [[641.7317962646484, 160.92828154563904], [677.2096252441406, 242.27829694747925], 0.9989920258522034, 0.999870240688324], [[625.6394577026367, 160.92473030090332], [663.1763458251953, 242.93224096298218], 0.9992664456367493, 0.9998539090156555], [[634.998779296875, 169.42244052886963], [693.8156890869141, 251.47522687911987], 0.9983335137367249, 0.9998456835746765], [[600.3509521484375, 169.9653947353363], [667.6808166503906, 250.1210117340088], 0.9994542598724365, 0.9997038841247559], [[660.8796691894531, 259.69913721084595], [723.7782287597656, 314.4067597389221], 0.9992879033088684, 0.9999096393585205], [[542.253532409668, 248.0728554725647], [635.7964324951172, 319.8840880393982], 0.9998205900192261, 0.9998640418052673], [[661.6617584228516, 356.4882802963257], [750.5585479736328, 377.0791482925415], 0.7972705960273743, 0.9823071360588074], [[498.1517028808594, 352.5006937980652], [591.8037796020508, 371.16125106811523], 0.9832961559295654, 0.9133434891700745], [[665.9265899658203, 448.1055450439453], [786.2530517578125, 407.518572807312], 0.6992197632789612, 0.9190089106559753], [[472.7784729003906, 452.9743766784668], [523.0684661865234, 383.6551094055176], 0.9475377798080444, 0.921004593372345], [[621.0193634033203, 458.2016372680664], [694.552001953125, 456.1186122894287], 0.993009626865387, 0.9985870718955994], [[552.5645065307617, 451.6160202026367], [642.2566223144531, 452.72478103637695], 0.996241569519043, 0.9987844228744507], [[602.7996826171875, 606.5469789505005], [694.9537658691406, 574.0901899337769], 0.891193687915802, 0.9871475696563721], [[550.3903198242188, 609.8592710494995], [627.557487487793, 568.9868259429932], 0.9483656287193298, 0.9827867150306702], [[576.3439178466797, 713.3894491195679], [687.3045349121094, 683.1365346908569], 0.786786675453186, 0.9857213497161865], [[539.2069244384766, 745.2217769622803], [628.8784027099609, 672.3864555358887], 0.8318926095962524, 0.9824190139770508]]
2.0 [[[638.5439300537109, 174.44387912750244], [670.2729797363281, 250.5224633216858], 0.9994537234306335, 0.9999595880508423], [[639.7313690185547, 160.89040875434875], [682.6576232910156, 242.27776050567627], 0.9987613558769226, 0.9998783469200134], [[623.6634063720703, 160.83207607269287], [665.7076263427734, 242.9587197303772], 0.9990890026092529, 0.9998632073402405], [[633.2617950439453, 169.05187726020813], [697.5984191894531, 251.75095796585083], 0.9979895353317261, 0.9998559951782227], [[598.6210250854492, 169.6315562725067], [666.8769836425781, 250.18489122390747], 0.9993144869804382, 0.9997227787971497], [[660.3472900390625, 259.3455147743225], [726.6838073730469, 317.15786933898926], 0.9991891980171204, 0.9999118447303772], [[540.7035064697266, 248.01446914672852], [637.0613861083984, 320.5318093299866], 0.9998123049736023, 0.9998641014099121], [[657.958984375, 358.6084055900574], [753.5243225097656, 383.55902194976807], 0.7808730602264404, 0.9834144115447998], [[506.1553192138672, 353.17330598831177], [594.7891235351562, 372.93901920318604], 0.9836991429328918, 0.9191454648971558], [[659.3523406982422, 449.07989501953125], [778.9383697509766, 440.7851314544678], 0.6762142777442932, 0.9236690998077393], [[485.11619567871094, 451.75785541534424], [530.6111526489258, 394.02023792266846], 0.9460457563400269, 0.9272705912590027], [[620.0161743164062, 457.97834873199463], [696.9496917724609, 458.633451461792], 0.9920169711112976, 0.9984888434410095], [[550.5170440673828, 452.5115776062012], [643.7819671630859, 454.88895893096924], 0.9957727789878845, 0.998721182346344], [[602.18017578125, 607.0118808746338], [691.6665649414062, 574.8597478866577], 0.8799477219581604, 0.9869658946990967], [[544.8332977294922, 611.1524820327759], [639.2390823364258, 570.8189249038696], 0.9396889805793762, 0.9827998280525208], [[575.6278228759766, 715.5382204055786], [685.9763336181641, 683.1325006484985], 0.7697558403015137, 0.9852924942970276], [[535.6578826904297, 742.2776985168457], [646.0709381103516, 674.2705678939819], 0.818556010723114, 0.9821969270706177]]
2.1 [[[636.0994338989258, 174.2071795463562], [671.0807037353516, 250.4745054244995], 0.9993746280670166, 0.999957799911499], [[637.1887969970703, 160.76961278915405], [684.2530822753906, 242.31516122817993], 0.9986332058906555, 0.9998694062232971], [[621.0536956787109, 160.64024448394775], [667.5642395019531, 242.92168378829956], 0.99897301197052, 0.9998577237129211], [[630.8509063720703, 168.9868175983429], [697.2034454345703, 251.98716402053833], 0.997778058052063, 0.9998452067375183], [[596.0336303710938, 169.40434098243713], [668.5530090332031, 250.25898456573486], 0.9992308020591736, 0.9997149109840393], [[657.2865295410156, 259.20196294784546], [726.4615631103516, 319.54941272735596], 0.9991137981414795, 0.9999015927314758], [[540.9039306640625, 248.66442203521729], [632.0844268798828, 321.1975336074829], 0.9997990727424622, 0.999866783618927], [[655.9514617919922, 358.7949800491333], [742.0060729980469, 392.67565727233887], 0.7613978981971741, 0.9835047125816345], [[509.7740173339844, 356.8637466430664], [595.8606719970703, 384.6490716934204], 0.9837266206741333, 0.9236623048782349], [[663.1626129150391, 445.66482067108154], [764.9329376220703, 462.4893522262573], 0.6515612006187439, 0.9231011867523193], [[487.92503356933594, 455.9339475631714], [549.5909881591797, 432.26544857025146], 0.9437018036842346, 0.9316080212593079], [[619.1566848754883, 457.44667053222656], [697.1852111816406, 458.89729499816895], 0.9916059970855713, 0.9984613060951233], [[550.1194381713867, 452.3587989807129], [641.7206573486328, 455.1791524887085], 0.9954413771629333, 0.9987464547157288], [[609.7260665893555, 606.929612159729], [692.1533203125, 575.7675790786743], 0.8735794425010681, 0.9870012402534485], [[542.6875686645508, 611.0134363174438], [641.7415618896484, 571.4503383636475], 0.9351756572723389, 0.9825100898742676], [[583.7024688720703, 716.1374044418335], [686.5981292724609, 683.3024454116821], 0.7604703903198242, 0.9849575161933899], [[532.7466583251953, 741.432695388794], [647.7181243896484, 675.2028179168701], 0.8101548552513123, 0.9814538359642029]]
2.2 [[[635.9788131713867, 174.01928544044495], [668.3945465087891, 249.7108268737793], 0.9994103908538818, 0.9999549388885498], [[636.6487503051758, 160.7472538948059], [681.8614196777344, 242.22864389419556], 0.9987114071846008, 0.9998612999916077], [[620.5710983276367, 160.4853093624115], [664.0579986572266, 242.50220775604248], 0.9990258812904358, 0.9998526573181152], [[630.7871627807617, 168.94834399223328], [694.1668701171875, 251.96334600448608], 0.9978964924812317, 0.9998350143432617], [[595.9536743164062, 169.4721794128418], [664.1423797607422, 250.13523817062378], 0.9992719292640686, 0.9997064471244812], [[656.9309997558594, 259.1288352012634], [722.0997619628906, 319.14703845977783], 0.9991641640663147, 0.9998929500579834], [[543.2654571533203, 249.07883405685425], [627.92236328125, 321.0875201225281], 0.9998090863227844, 0.9998664855957031], [[656.5336608886719, 359.8500323295593], [740.0252532958984, 394.05757427215576], 0.7676241397857666, 0.9820373058319092], [[506.56307220458984, 358.0430817604065], [600.5974578857422, 390.6617259979248], 0.9844281673431396, 0.9208844304084778], [[682.4332427978516, 447.21333503723145], [736.1370849609375, 464.6454620361328], 0.6666887402534485, 0.9090873003005981], [[488.43482971191406, 456.05857372283936], [578.4022903442383, 457.2659969329834], 0.9460562467575073, 0.9267097115516663], [[619.7910690307617, 457.2995138168335], [693.1816101074219, 458.67713928222656], 0.9920644760131836, 0.9984761476516724], [[551.4015960693359, 452.8050756454468], [638.2368087768555, 455.1532745361328], 0.9956533908843994, 0.9987493753433228], [[627.215690612793, 605.3654766082764], [692.8671264648438, 575.814700126648], 0.8761255741119385, 0.9861781597137451], [[543.061637878418, 610.8351230621338], [642.5404357910156, 572.3889827728271], 0.9374701380729675, 0.9787198901176453], [[619.0956878662109, 715.8629608154297], [685.5344390869141, 684.9883317947388], 0.7663193345069885, 0.9842509031295776], [[534.6149826049805, 734.4885635375977], [650.2831268310547, 676.9210624694824], 0.8159078359603882, 0.9787692427635193]]
2.3 [[[641.6285705566406, 173.9893627166748], [664.8868560791016, 248.5772180557251], 0.9994571208953857, 0.9999516010284424], [[641.7685699462891, 160.71903705596924], [678.21044921875, 241.29334688186646], 0.9988090395927429, 0.9998509287834167], [[626.5181350708008, 160.51469564437866], [659.8927307128906, 241.1978816986084], 0.9991061091423035, 0.999843418598175], [[634.9951171875, 168.96118640899658], [690.2127075195312, 251.4768147468567], 0.9980486631393433, 0.9998195767402649], [[603.0121612548828, 169.57510113716125], [660.3348541259766, 249.0173363685608], 0.9993340373039246, 0.9996858835220337], [[661.5090942382812, 259.3621230125427], [718.2775115966797, 317.51895904541016], 0.9991971850395203, 0.9998863339424133], [[550.6038284301758, 249.04666900634766], [626.5164947509766, 320.8644461631775], 0.999824047088623, 0.9998578429222107], [[677.4378967285156, 358.2658123970032], [733.5305023193359, 392.77586460113525], 0.7614348530769348, 0.9801167249679565], [[506.77417755126953, 355.80092668533325], [607.2919845581055, 392.87384033203125], 0.9849507808685303, 0.9133908152580261], [[741.9550323486328, 432.8132200241089], [730.2444458007812, 463.7130403518677], 0.6738141179084778, 0.895501434803009], [[485.17982482910156, 446.111741065979], [595.2669143676758, 460.6340789794922], 0.9480414390563965, 0.9154825210571289], [[630.2302932739258, 457.18827724456787], [693.1394958496094, 457.7413272857666], 0.9924421310424805, 0.998458743095398], [[559.3195724487305, 453.5827445983887], [638.2512664794922, 455.113320350647], 0.99594646692276, 0.9987096786499023], [[644.0797424316406, 601.6355752944946], [690.1815032958984, 575.7778787612915], 0.8788630962371826, 0.9851332902908325], [[545.9445190429688, 608.6268281936646], [643.5282897949219, 572.3888540267944], 0.9421325922012329, 0.9739336967468262], [[645.2286529541016, 711.0019397735596], [684.9761199951172, 687.3415946960449], 0.7750375270843506, 0.9834292531013489], [[537.8056716918945, 730.1666450500488], [649.2617797851562, 678.0722665786743], 0.8283470869064331, 0.9760781526565552]]
2.4 [[[648.4908294677734, 175.78535914421082], [666.6926574707031, 248.99613618850708], 0.9995013475418091, 0.9999464750289917], [[650.4177856445312, 163.02616596221924], [677.6570129394531, 241.62437438964844], 0.9989050626754761, 0.9998331665992737], [[634.0978240966797, 162.42620944976807], [658.9424133300781, 241.46573781967163], 0.9991815090179443, 0.9998334646224976], [[645.9921264648438, 171.01373076438904], [687.5391387939453, 251.32903575897217], 0.9982151389122009, 0.9997880458831787], [[614.019775390625, 171.31119847297668], [656.3902282714844, 249.59909677505493], 0.9993917942047119, 0.9996742010116577], [[674.9372100830078, 260.90271949768066], [716.4451599121094, 315.4711675643921], 0.9992544651031494, 0.999870240688324], [[561.4987182617188, 249.21157121658325], [621.4243316650391, 320.80106019973755], 0.9998348355293274, 0.999855637550354], [[716.0043334960938, 355.4524755477905], [727.6393127441406, 392.6503801345825], 0.7689469456672668, 0.9737190008163452], [[515.517578125, 342.4337410926819], [604.5087814331055, 395.6713628768921], 0.9842424988746643, 0.9141167998313904], [[816.2373352050781, 394.5747900009155], [727.4492645263672, 459.80469703674316], 0.6979290843009949, 0.8618015646934509], [[491.63673400878906, 410.8751106262207], [599.5358276367188, 463.82835388183594], 0.9495740532875061, 0.9098445773124695], [[640.9590148925781, 458.00529956817627], [691.7884826660156, 456.1834144592285], 0.9927770495414734, 0.9984195828437805], [[570.6789398193359, 454.18853759765625], [636.9538497924805, 454.8374605178833], 0.9962001442909241, 0.9986841678619385], [[650.1709747314453, 602.3506307601929], [689.1634368896484, 574.9478101730347], 0.8857888579368591, 0.9844154715538025], [[555.2557373046875, 608.5833120346069], [643.7629699707031, 572.1266412734985], 0.9466520547866821, 0.9712039232254028], [[648.6133575439453, 711.175274848938], [685.2339172363281, 687.1351289749146], 0.783798336982727, 0.982846200466156], [[543.5078811645508, 728.6247825622559], [648.5562896728516, 678.1546211242676], 0.8388920426368713, 0.974277913570404]]
2.5 [[[666.2216949462891, 178.0504310131073], [665.0444793701172, 248.2752227783203], 0.9995388984680176, 0.9999474883079529], [[667.4395751953125, 165.8528709411621], [676.2218475341797, 241.37482166290283], 0.9989935755729675, 0.9998331069946289], [[651.0744476318359, 165.52156448364258], [657.4465942382812, 241.1616611480713], 0.9992501139640808, 0.9998367428779602], [[663.2722473144531, 173.73626947402954], [686.1042785644531, 250.2968144416809], 0.9983614087104797, 0.9997801780700684], [[631.1492156982422, 174.35826301574707], [653.3466339111328, 249.5388650894165], 0.9994450211524963, 0.9996814727783203], [[684.4282531738281, 260.8770990371704], [715.2602386474609, 314.2272877693176], 0.9992549419403076, 0.9998655319213867], [[586.7782592773438, 249.49886798858643], [618.9656829833984, 320.16677141189575], 0.9998311400413513, 0.9998621940612793], [[712.4224853515625, 342.2690534591675], [727.5189208984375, 392.19165802001953], 0.7404575347900391, 0.9725192785263062], [[543.4734344482422, 325.94680309295654], [603.089485168457, 395.8861541748047], 0.9817467927932739, 0.9182732105255127], [[799.2702484130859, 342.1604347229004], [729.6315002441406, 457.94260025024414], 0.6949041485786438, 0.8555462956428528], [[507.15381622314453, 377.0936107635498], [591.568717956543, 461.83515071868896], 0.9426689147949219, 0.9108001589775085], [[656.2690734863281, 453.3233642578125], [694.2778015136719, 455.86137771606445], 0.9930734634399414, 0.9984526634216309], [[604.2845916748047, 452.31940269470215], [637.6136016845703, 454.8296070098877], 0.9963217377662659, 0.9987331628799438], [[654.9546813964844, 598.1165170669556], [693.5124206542969, 575.1080989837646], 0.8861044645309448, 0.9844332933425903], [[588.5749435424805, 599.3026113510132], [646.3754272460938, 572.1079730987549], 0.9493916034698486, 0.9721519947052002], [[650.3092193603516, 709.0081787109375], [688.4568023681641, 686.9835948944092], 0.7894850969314575, 0.9828460216522217], [[551.9123077392578, 711.3605833053589], [647.2294616699219, 678.5969924926758], 0.8443028926849365, 0.9746672511100769]]
2.6 [[[699.6466064453125, 183.8084578514099], [663.4964752197266, 247.68346309661865], 0.9995586276054382, 0.9999505877494812], [[699.1184997558594, 173.41878175735474], [674.8612213134766, 240.8191967010498], 0.9990347027778625, 0.9998406171798706], [[683.3375549316406, 173.25374007225037], [656.5573120117188, 241.00109338760376], 0.9992910027503967, 0.9998455047607422], [[692.3848724365234, 182.63463735580444], [685.4639434814453, 249.15520191192627], 0.9984258413314819, 0.9997875690460205], [[662.4098968505859, 182.58060693740845], [652.7565765380859, 249.4266414642334], 0.9994726181030273, 0.9996989965438843], [[715.1914978027344, 269.69963550567627], [715.0806427001953, 313.8554906845093], 0.9992490410804749, 0.9998663663864136], [[622.7399444580078, 251.05961322784424], [618.8784790039062, 318.92611026763916], 0.999832034111023, 0.9998719096183777], [[742.0366668701172, 351.7373585700989], [730.2725219726562, 391.6198539733887], 0.7360408902168274, 0.9737605452537537], [[579.6152496337891, 325.1909565925598], [600.909423828125, 394.46449756622314], 0.9809334874153137, 0.9231165647506714], [[827.7204895019531, 367.88869857788086], [737.9142761230469, 459.24671173095703], 0.7090568542480469, 0.8630238771438599], [[550.8090209960938, 382.31666564941406], [582.2913360595703, 457.89878368377686], 0.9436984062194824, 0.9152816534042358], [[687.8181457519531, 456.8134546279907], [697.2994995117188, 455.47784328460693], 0.9934228658676147, 0.998488187789917], [[628.4584426879883, 452.8458881378174], [639.1377639770508, 454.77673530578613], 0.9965522289276123, 0.9988056421279907], [[669.4102478027344, 598.6584949493408], [698.4169769287109, 575.2919912338257], 0.8904473185539246, 0.9851608872413635], [[608.6458206176758, 599.9943208694458], [646.7890930175781, 572.235860824585], 0.95252525806427, 0.974183201789856], [[658.8441467285156, 710.0005960464478], [701.8695068359375, 684.5949268341064], 0.7974859476089478, 0.9834299087524414], [[567.0423126220703, 708.2084512710571], [644.7507476806641, 678.2061195373535], 0.8529637455940247, 0.9761711955070496]]
2.7 [[[708.2246398925781, 190.61073303222656], [664.2649841308594, 248.8936972618103], 0.9995944499969482, 0.9999542236328125], [[711.4223480224609, 180.4113221168518], [675.2932739257812, 241.09258890151978], 0.9991087913513184, 0.9998509883880615], [[692.7490234375, 178.3723282814026], [657.2407531738281, 242.17066526412964], 0.9993481040000916, 0.9998553991317749], [[705.1063537597656, 188.93051147460938], [685.7706451416016, 249.1738486289978], 0.9985212087631226, 0.9998007416725159], [[671.9789123535156, 185.24277448654175], [653.1971740722656, 250.02973079681396], 0.9995133280754089, 0.9997161030769348], [[719.0400695800781, 273.134343624115], [720.3092956542969, 315.09679555892944], 0.999271035194397, 0.9998747110366821], [[626.440544128418, 255.22637128829956], [621.7299652099609, 318.91958713531494], 0.9998407959938049, 0.9998807311058044], [[732.4369812011719, 360.7995128631592], [743.8383483886719, 392.0211982727051], 0.7238931059837341, 0.9758650064468384], [[587.4883270263672, 345.5082607269287], [599.754753112793, 393.78682136535645], 0.9821387529373169, 0.9281327724456787], [[790.5795288085938, 430.9690189361572], [774.9543762207031, 458.42591285705566], 0.7130917310714722, 0.874531626701355], [[574.7527313232422, 421.79491996765137], [578.2415008544922, 454.51756954193115], 0.9468299150466919, 0.9206623435020447], [[689.6290588378906, 456.8932342529297], [699.6977233886719, 455.74185848236084], 0.9938721060752869, 0.9985589981079102], [[637.7030563354492, 453.3431911468506], [640.8941650390625, 455.24768829345703], 0.996778666973114, 0.9988789558410645], [[668.6416625976562, 596.3792181015015], [709.991455078125, 576.0156726837158], 0.8891662359237671, 0.9860617518424988], [[631.5424728393555, 599.7597455978394], [648.4904479980469, 573.8577175140381], 0.9546570777893066, 0.9760690927505493], [[658.0513000488281, 706.9664812088013], [725.7881164550781, 682.2630786895752], 0.8055019378662109, 0.9843189120292664], [[592.4373245239258, 706.4036464691162], [645.2708435058594, 678.1937170028687], 0.8609175682067871, 0.9776630997657776]]
2.8 [[[710.0602722167969, 189.09564971923828], [670.5130004882812, 249.62973833084106], 0.9996240139007568, 0.9999583959579468], [[715.5308532714844, 177.80663967132568], [681.1482238769531, 241.28055810928345], 0.9991706013679504, 0.9998640418052673], [[696.1235046386719, 175.97890734672546], [662.8475189208984, 242.51930952072144], 0.999396800994873, 0.999867856502533], [[713.69873046875, 187.3861813545227], [692.5637054443359, 249.43737030029297], 0.9985740184783936, 0.999817967414856], [[678.3109283447266, 183.53326320648193], [658.5454559326172, 250.68964004516602], 0.9995484352111816, 0.9997403025627136], [[720.9236145019531, 272.06796169281006], [728.2013702392578, 317.0628762245178], 0.9991975426673889, 0.9998853802680969], [[628.0116653442383, 254.27556037902832], [630.6230926513672, 319.57574129104614], 0.9998466968536377, 0.9998893737792969], [[720.4698181152344, 368.6467123031616], [761.3235473632812, 391.79627895355225], 0.684901773929596, 0.9777646064758301], [[600.279655456543, 356.8082571029663], [599.1098022460938, 393.3150100708008], 0.9831363558769226, 0.9335858821868896], [[725.9913635253906, 457.0712471008301], [808.2396697998047, 441.7037773132324], 0.691879153251648, 0.8851863741874695], [[587.5974273681641, 457.47332096099854], [567.1696090698242, 448.3733367919922], 0.9497923254966736, 0.9263538122177124], [[691.9503784179688, 456.4373445510864], [705.9196472167969, 456.37855052948], 0.9942919611930847, 0.9986596703529358], [[632.4337005615234, 452.5561237335205], [649.1639709472656, 455.59410095214844], 0.9969899654388428, 0.9989443421363831], [[672.4330139160156, 597.1204090118408], [720.4499816894531, 575.7997226715088], 0.8902636766433716, 0.986910879611969], [[626.7576217651367, 600.1252555847168], [650.8067321777344, 573.8289213180542], 0.9549840688705444, 0.9775610566139221], [[657.7865600585938, 706.1389017105103], [742.3502349853516, 683.7972593307495], 0.8119297027587891, 0.9852929711341858], [[588.7418365478516, 706.9521474838257], [645.8393859863281, 678.4291934967041], 0.8671485185623169, 0.9788742065429688]]
2.9 [[[713.4190368652344, 187.46960878372192], [683.9198303222656, 250.87889671325684], 0.9996272921562195, 0.9999614357948303], [[717.7069854736328, 176.580011844635], [692.5044250488281, 241.48142337799072], 0.9991796612739563, 0.9998725652694702], [[698.51806640625, 174.6094036102295], [674.3659210205078, 243.79814386367798], 0.9994040131568909, 0.9998754262924194], [[715.8332824707031, 186.37091159820557], [705.2081298828125, 249.45067405700684], 0.9984927177429199, 0.999829113483429], [[680.6568145751953, 182.41984605789185], [668.1885528564453, 252.221417427063], 0.9995481371879578, 0.9997565150260925], [[719.9324798583984, 271.13320112228394], [737.7464294433594, 317.3371481895447], 0.998862087726593, 0.9998926520347595], [[634.993782043457, 250.63788414001465], [641.6945648193359, 320.0722932815552], 0.9998267292976379, 0.9998926520347595], [[715.4888916015625, 368.4186601638794], [778.5812377929688, 383.347749710083], 0.6300836801528931, 0.9785171747207642], [[623.8191986083984, 355.66876888275146], [603.010368347168, 389.1477584838867], 0.9826760292053223, 0.9380216598510742], [[720.1792907714844, 452.3809003829956], [839.7016906738281, 411.8081331253052], 0.6455512046813965, 0.8930063247680664], [[611.3420486450195, 459.4716739654541], [559.7908401489258, 426.38111114501953], 0.9466554522514343, 0.9314974546432495], [[692.0903015136719, 455.7847738265991], [713.2284545898438, 460.59043407440186], 0.994421124458313, 0.998664915561676], [[637.5312042236328, 452.1144390106201], [656.3844299316406, 457.89955615997314], 0.9970570206642151, 0.9989030361175537], [[674.1986083984375, 597.5896453857422], [729.8995971679688, 576.2197351455688], 0.8807682394981384, 0.9874750375747681], [[628.3724212646484, 600.4165649414062], [652.6848602294922, 574.4274187088013], 0.951819658279419, 0.9789505004882812], [[655.6692504882812, 705.6367063522339], [746.3265991210938, 684.3872165679932], 0.8051671385765076, 0.9859452843666077], [[588.299446105957, 706.770486831665], [647.1260833740234, 678.5878086090088], 0.8661467432975769, 0.9799498319625854]]
3.0 [[[716.3282775878906, 187.18044519424438], [701.8455505371094, 250.60762882232666], 0.9996523857116699, 0.9999629259109497], [[720.7133483886719, 176.52915716171265], [711.4863586425781, 241.47936344146729], 0.9992312788963318, 0.9998741745948792], [[701.0456848144531, 174.11324858665466], [692.4362945556641, 243.5464882850647], 0.999445915222168, 0.9998757243156433], [[718.4066772460938, 185.89111804962158], [722.9847717285156, 249.46017980575562], 0.9985365271568298, 0.999828040599823], [[681.9583129882812, 181.69618606567383], [684.7479248046875, 252.39477396011353], 0.9995793104171753, 0.9997619390487671], [[718.6312103271484, 271.06818437576294], [752.46826171875, 317.3014426231384], 0.9987495541572571, 0.9998904466629028], [[635.3558349609375, 246.57616138458252], [657.5983428955078, 319.1842246055603], 0.9998297691345215, 0.9998904466629028], [[712.9262542724609, 366.96550369262695], [789.2234802246094, 378.6100244522095], 0.5834745764732361, 0.9761059284210205], [[618.8389205932617, 355.4193663597107], [618.2575225830078, 382.66157627105713], 0.9835461378097534, 0.9410364627838135], [[719.1900634765625, 451.8981456756592], [855.5457305908203, 381.72988414764404], 0.6133875846862793, 0.8974044322967529], [[604.56298828125, 461.7567443847656], [563.3951950073242, 406.5942192077637], 0.9493849277496338, 0.9358001947402954], [[696.0263061523438, 454.6857976913452], [728.1508636474609, 460.3591203689575], 0.9947091937065125, 0.9986394643783569], [[641.7216491699219, 451.41448974609375], [671.3262939453125, 457.77342796325684], 0.9972054362297058, 0.9988681077957153], [[677.1333312988281, 597.777099609375], [737.5202941894531, 577.0262002944946], 0.8778985142707825, 0.9879445433616638], [[627.9707717895508, 600.2501392364502], [660.2039337158203, 575.1956033706665], 0.9496205449104309, 0.980469286441803], [[657.2164916992188, 705.9611892700195], [749.5027923583984, 686.3214111328125], 0.8034756183624268, 0.9864880442619324], [[588.4103393554688, 706.14821434021], [648.3040618896484, 679.4782161712646], 0.8661454916000366, 0.9811236262321472]]
3.1 [[[713.5709381103516, 186.84858083724976], [715.9527587890625, 251.1646056175232], 0.9996696710586548, 0.9999637007713318], [[720.0223541259766, 176.5897536277771], [726.9229888916016, 242.34960079193115], 0.999267041683197, 0.9998756647109985], [[699.6481323242188, 173.83098363876343], [708.1867980957031, 243.74544382095337], 0.9994707107543945, 0.9998764991760254], [[720.5806732177734, 186.60926342010498], [737.4910736083984, 249.73423719406128], 0.9985533356666565, 0.9998281002044678], [[681.0205841064453, 181.5203619003296], [700.7099151611328, 252.6354432106018], 0.9995934367179871, 0.9997715353965759], [[726.3640594482422, 272.2253751754761], [769.5896148681641, 317.27401971817017], 0.9987240433692932, 0.9998801350593567], [[630.7688522338867, 250.6538701057434], [671.6600799560547, 318.90186309814453], 0.9998300671577454, 0.9998854994773865], [[715.4750061035156, 370.6663942337036], [804.7766876220703, 376.0751438140869], 0.5563620328903198, 0.9736759066581726], [[610.9498977661133, 359.46877241134644], [633.1786346435547, 381.1915111541748], 0.9835781455039978, 0.9438677430152893], [[719.7218322753906, 457.93388843536377], [862.6375579833984, 367.8995132446289], 0.5901936888694763, 0.8984395265579224], [[594.9151611328125, 461.6777801513672], [576.1220169067383, 399.26024436950684], 0.9488417506217957, 0.9395220875740051], [[695.6037902832031, 454.7650194168091], [739.4889068603516, 460.5328416824341], 0.9949794411659241, 0.9986125230789185], [[635.6412506103516, 451.12639904022217], [683.9547729492188, 457.6544666290283], 0.9973373413085938, 0.9988223314285278], [[678.1999206542969, 597.8901815414429], [744.9267578125, 577.8327083587646], 0.8792275190353394, 0.9885535836219788], [[625.0581741333008, 599.9058723449707], [665.2556610107422, 576.3617420196533], 0.9484037756919861, 0.9820811748504639], [[655.7609558105469, 708.2819652557373], [748.9623260498047, 687.6408004760742], 0.8095659017562866, 0.9872254133224487], [[589.5198440551758, 706.8506956100464], [649.039306640625, 679.4459438323975], 0.868843138217926, 0.9824730157852173]]
3.2 [[[709.4129180908203, 188.09331893920898], [731.0115051269531, 251.16297483444214], 0.999695897102356, 0.9999630451202393], [[717.1819305419922, 177.63137340545654], [742.2869110107422, 243.10308694839478], 0.999321460723877, 0.9998701214790344], [[695.2639770507812, 174.51347708702087], [724.3220520019531, 243.73831987380981], 0.9995126724243164, 0.999870777130127], [[719.8628997802734, 187.39954948425293], [751.6505432128906, 250.51212072372437], 0.9986419677734375, 0.9998132586479187], [[676.1038208007812, 182.07583665847778], [718.3457183837891, 252.59008169174194], 0.9996250867843628, 0.9997618198394775], [[732.7516937255859, 273.1815719604492], [779.8185729980469, 317.53936529159546], 0.998759388923645, 0.9998676776885986], [[626.632080078125, 256.57464265823364], [684.0513610839844, 318.0223774909973], 0.9998401999473572, 0.9998751282691956], [[723.4149932861328, 370.6068277359009], [813.2465362548828, 376.5281581878662], 0.5528664588928223, 0.9720278382301331], [[602.2763061523438, 363.1835460662842], [645.0164031982422, 380.68867206573486], 0.9842714071273804, 0.9458630681037903], [[723.807373046875, 455.12314796447754], [871.9868469238281, 385.35683155059814], 0.5882042050361633, 0.901260256767273], [[591.4443206787109, 461.22776985168457], [588.3938598632812, 400.80519676208496], 0.9506725668907166, 0.9429328441619873], [[699.6830749511719, 457.0612907409668], [750.1904296875, 461.71717643737793], 0.995235025882721, 0.9985701441764832], [[634.8488616943359, 452.97231674194336], [695.9346771240234, 457.87513732910156], 0.9974972009658813, 0.9987748265266418], [[681.3654327392578, 598.19260597229], [752.8868103027344, 580.8828735351562], 0.8854392170906067, 0.9888128042221069], [[623.8057708740234, 600.5176305770874], [673.1358337402344, 578.72878074646], 0.9509343504905701, 0.9833663105964661], [[658.9094543457031, 705.9017515182495], [749.8219299316406, 689.2671632766724], 0.8191503286361694, 0.9876688122749329], [[589.5371246337891, 706.7110061645508], [650.0559997558594, 679.7830867767334], 0.8752459287643433, 0.983535647392273]]
3.3 [[[705.4737854003906, 188.8198757171631], [735.9204864501953, 251.28734350204468], 0.9997185468673706, 0.9999655485153198], [[713.9772033691406, 178.63404750823975], [748.1334686279297, 243.7653136253357], 0.9993652105331421, 0.9998781085014343], [[691.8934631347656, 175.1812183856964], [730.5052185058594, 243.7917923927307], 0.9995474219322205, 0.9998773336410522], [[718.6443328857422, 188.495135307312], [759.6302795410156, 251.07686519622803], 0.9987061023712158, 0.9998243451118469], [[673.5282897949219, 182.63691186904907], [726.4261627197266, 252.57336616516113], 0.999650776386261, 0.9997686147689819], [[737.142333984375, 275.6463932991028], [788.8709259033203, 319.4569945335388], 0.9988270401954651, 0.9998732805252075], [[624.4576263427734, 259.7851824760437], [692.9209899902344, 317.98454761505127], 0.9998506903648376, 0.999868631362915], [[735.3832244873047, 369.95163917541504], [826.0150909423828, 383.0673837661743], 0.575231671333313, 0.9739612340927124], [[594.893798828125, 362.4633836746216], [654.6118927001953, 381.12443447113037], 0.9850229620933533, 0.9470672011375427], [[758.6466979980469, 451.7771244049072], [882.5133514404297, 401.2022066116333], 0.6071455478668213, 0.9091482162475586], [[580.1103973388672, 457.10630893707275], [600.9778594970703, 408.25603008270264], 0.9527990221977234, 0.9458367228507996], [[698.504638671875, 459.126033782959], [756.8431091308594, 463.79372119903564], 0.9955427646636963, 0.9985910654067993], [[634.1128540039062, 454.1304302215576], [703.1114196777344, 458.8508605957031], 0.9976593255996704, 0.9987742900848389], [[680.7496643066406, 598.7135124206543], [758.8941955566406, 581.7832803726196], 0.8901965618133545, 0.9889255166053772], [[624.0669631958008, 600.8010864257812], [680.8802795410156, 579.1147613525391], 0.953444242477417, 0.9843330383300781], [[660.1045227050781, 705.850510597229], [750.01953125, 690.2376508712769], 0.8279626369476318, 0.9880337119102478], [[591.0610961914062, 706.2593221664429], [665.5033874511719, 681.7261219024658], 0.8809463977813721, 0.9845430850982666]]
3.4 [[[702.7165985107422, 192.15673685073853], [745.5443572998047, 251.17031335830688], 0.9997439384460449, 0.999967634677887], [[710.9828186035156, 182.5840401649475], [756.3098907470703, 243.82728338241577], 0.999419093132019, 0.999884307384491], [[689.3635559082031, 178.73989820480347], [738.7027740478516, 243.77964735031128], 0.9995853900909424, 0.9998840689659119], [[717.4685668945312, 192.84977674484253], [767.4102020263672, 251.68188571929932], 0.9988169074058533, 0.9998329281806946], [[671.6285705566406, 186.11112356185913], [731.5570068359375, 252.6344132423401], 0.999675989151001, 0.9997775554656982], [[740.6462097167969, 281.88793659210205], [796.2374877929688, 322.6813745498657], 0.9989294409751892, 0.999879777431488], [[622.7300262451172, 261.328547000885], [696.61376953125, 319.67554092407227], 0.9998580813407898, 0.9998734593391418], [[776.4518737792969, 373.9129400253296], [830.5694580078125, 390.33891677856445], 0.6152037382125854, 0.9760263562202454], [[590.2108001708984, 360.3448677062988], [659.1702270507812, 385.18933296203613], 0.9838635325431824, 0.9494656920433044], [[841.9166564941406, 444.3376636505127], [870.2395629882812, 457.9414415359497], 0.6424298286437988, 0.9161204099655151], [[558.4934234619141, 428.56146812438965], [614.7956466674805, 429.05945777893066], 0.9512757062911987, 0.9483534097671509], [[702.4311065673828, 459.6839761734009], [764.0401458740234, 466.7542791366577], 0.9957355260848999, 0.9986405968666077], [[633.4202194213867, 453.55180263519287], [707.6570129394531, 463.0886650085449], 0.9977490901947021, 0.9988186359405518], [[679.4175720214844, 598.8145351409912], [759.9211883544922, 582.2318315505981], 0.8986140489578247, 0.9891607165336609], [[620.1637649536133, 600.8771324157715], [694.5185852050781, 581.0162544250488], 0.9567574262619019, 0.984580934047699], [[659.0287780761719, 705.9754800796509], [751.4190673828125, 690.3382015228271], 0.8403971195220947, 0.9879655838012695], [[587.9326629638672, 704.4799661636353], [686.9589996337891, 682.0540809631348], 0.8886450529098511, 0.9845260977745056]]
3.5 [[[701.3937377929688, 193.0345058441162], [747.3322296142578, 251.23880624771118], 0.9997563362121582, 0.9999681115150452], [[708.8854217529297, 183.11479568481445], [758.6038208007812, 244.23946380615234], 0.9994423389434814, 0.9998829960823059], [[687.8141021728516, 179.8320508003235], [740.5664825439453, 243.76346826553345], 0.9995986223220825, 0.9998878836631775], [[713.7675476074219, 192.8603982925415], [769.3138885498047, 252.4902606010437], 0.9988690614700317, 0.999825119972229], [[669.7540283203125, 187.34307289123535], [733.7239837646484, 252.55933284759521], 0.9996876120567322, 0.9997861385345459], [[738.2075500488281, 281.33492946624756], [798.2659912109375, 322.8593444824219], 0.9990074038505554, 0.9998648166656494], [[621.4381790161133, 261.1769700050354], [699.8645782470703, 319.79201316833496], 0.9998624324798584, 0.9998816847801208], [[777.0975494384766, 366.88066005706787], [816.7159271240234, 395.49588203430176], 0.6387189030647278, 0.975239634513855], [[584.559326171875, 346.6461396217346], [663.7042999267578, 388.34421157836914], 0.9844141006469727, 0.952110230922699], [[851.5852355957031, 395.01887798309326], [848.3184051513672, 468.88519763946533], 0.664440929889679, 0.9074081778526306], [[530.4582977294922, 392.0620107650757], [634.2465972900391, 450.6744146347046], 0.9524306654930115, 0.9502437114715576], [[699.3635559082031, 459.6253967285156], [764.6575927734375, 466.2722969055176], 0.9957695603370667, 0.9986632466316223], [[631.5839385986328, 451.4940547943115], [710.4828643798828, 462.5457429885864], 0.9977426528930664, 0.9988711476325989], [[677.2878265380859, 599.3726062774658], [760.6266784667969, 582.5588893890381], 0.9037436246871948, 0.988910973072052], [[612.2542572021484, 601.2582206726074], [703.6176300048828, 580.8088874816895], 0.9600380659103394, 0.9843857884407043], [[657.4079895019531, 708.9179706573486], [753.3845520019531, 691.4338302612305], 0.8476091027259827, 0.9877036809921265], [[569.7819137573242, 705.0377798080444], [694.9222564697266, 684.1539287567139], 0.8912135362625122, 0.9841779470443726]]
3.6 [[[689.1347503662109, 193.46825122833252], [750.2161407470703, 249.53395128250122], 0.9997761249542236, 0.9999600052833557], [[699.5237731933594, 183.1769585609436], [762.6030731201172, 243.6053466796875], 0.9994881749153137, 0.9998435378074646], [[677.1174621582031, 180.60120105743408], [743.6653900146484, 242.02885150909424], 0.9996293783187866, 0.999867856502533], [[706.6519165039062, 192.24497079849243], [773.0023956298828, 252.47043371200562], 0.9989628791809082, 0.9997491240501404], [[663.38623046875, 187.53376722335815], [736.3493347167969, 250.0222635269165], 0.9997116327285767, 0.9997543692588806], [[734.0692138671875, 280.1420545578003], [798.3134460449219, 319.95670080184937], 0.9990949034690857, 0.9998055696487427], [[612.7706146240234, 262.1641945838928], [700.7849884033203, 319.3427109718323], 0.9998701214790344, 0.9998802542686462], [[766.0971069335938, 360.74398040771484], [809.5126342773438, 394.39476013183594], 0.6641496419906616, 0.9695184826850891], [[568.4055709838867, 339.15048122406006], [676.6600036621094, 391.89640045166016], 0.9853028655052185, 0.9494578838348389], [[843.6255645751953, 388.13448429107666], [825.1165771484375, 467.91629791259766], 0.6906252503395081, 0.8726614117622375], [[505.9893035888672, 380.0056314468384], [659.3582153320312, 457.21024990081787], 0.9556443095207214, 0.9448460936546326], [[695.9539794921875, 459.8106622695923], [766.8181610107422, 466.12539768218994], 0.9959607124328613, 0.9985550045967102], [[626.4504241943359, 451.1257553100586], [711.5830993652344, 462.07929611206055], 0.9977641701698303, 0.9988515973091125], [[676.7301940917969, 601.0284519195557], [761.9673156738281, 582.3817777633667], 0.9084970355033875, 0.98846435546875], [[592.3219680786133, 599.8614978790283], [700.8714294433594, 580.5682182312012], 0.9629384875297546, 0.9841167330741882], [[656.91162109375, 709.9737739562988], [754.7811126708984, 691.3537073135376], 0.8556617498397827, 0.9873048067092896], [[545.0132369995117, 705.3984832763672], [696.5773010253906, 685.3050470352173], 0.8942039012908936, 0.9838321805000305]]
3.7 [[[665.1821136474609, 192.0737385749817], [751.8083953857422, 248.73467445373535], 0.9997941255569458, 0.9999450445175171], [[679.4528961181641, 182.36090183258057], [763.0718994140625, 243.36615800857544], 0.9995293617248535, 0.9997790455818176], [[655.8015441894531, 179.9080216884613], [744.1706848144531, 241.6800355911255], 0.999657392501831, 0.9998348355293274], [[690.2101898193359, 192.08592653274536], [772.8620910644531, 252.4244499206543], 0.999051570892334, 0.9996100664138794], [[642.2544097900391, 187.20527172088623], [735.8473205566406, 249.6932315826416], 0.9997327327728271, 0.9996955990791321], [[719.4391632080078, 279.64685440063477], [797.7582550048828, 316.6163420677185], 0.99917072057724, 0.9996796250343323], [[594.647216796875, 261.5690231323242], [699.5939636230469, 319.33425664901733], 0.9998782873153687, 0.9998688697814941], [[757.2742462158203, 361.30115032196045], [806.3652038574219, 393.6669588088989], 0.6901205778121948, 0.9598637819290161], [[543.9970016479492, 339.3176794052124], [679.9095916748047, 396.1855745315552], 0.9856201410293579, 0.9463340640068054], [[819.6566009521484, 397.26476669311523], [813.7876892089844, 464.3446683883667], 0.7131447196006775, 0.8244463205337524], [[486.9742202758789, 390.69228172302246], [670.9523010253906, 464.16669845581055], 0.9569284915924072, 0.9352753758430481], [[675.6547546386719, 459.62398052215576], [765.1126861572266, 465.6731128692627], 0.9961232542991638, 0.9983910322189331], [[603.41064453125, 449.8104429244995], [709.3245697021484, 462.0356512069702], 0.9978684186935425, 0.9987867474555969], [[668.3702087402344, 602.8307676315308], [761.2624359130859, 582.2512722015381], 0.9124980568885803, 0.9873518347740173], [[570.0887298583984, 600.0890350341797], [701.9982147216797, 580.4133367538452], 0.9652285575866699, 0.9837498664855957], [[656.3826751708984, 709.8536539077759], [753.2255554199219, 691.8719959259033], 0.8596460223197937, 0.9864669442176819], [[536.0825347900391, 715.6729316711426], [696.6111755371094, 686.8833017349243], 0.8986667990684509, 0.9833006262779236]]
3.8 [[[641.3621520996094, 188.7960147857666], [752.6245880126953, 247.86437273025513], 0.9998121857643127, 0.9999364018440247], [[655.3921508789062, 177.65264868736267], [763.6463165283203, 242.53705501556396], 0.9995696544647217, 0.9997368454933167], [[631.1856842041016, 176.6611647605896], [745.0184631347656, 241.07937097549438], 0.9996858239173889, 0.9998099207878113], [[668.8920593261719, 187.47353553771973], [773.6152648925781, 251.9977855682373], 0.9991357326507568, 0.9995188117027283], [[618.5874557495117, 183.27205896377563], [737.4893951416016, 249.1229510307312], 0.999754011631012, 0.9996455311775208], [[699.4733428955078, 277.62826681137085], [800.1569366455078, 316.47781133651733], 0.9992405772209167, 0.9996052384376526], [[573.6531829833984, 260.1389765739441], [700.3597259521484, 318.9105749130249], 0.9998868107795715, 0.9998618364334106], [[723.0793762207031, 364.2336416244507], [805.1957702636719, 393.54881286621094], 0.7174534797668457, 0.9559876322746277], [[523.8739776611328, 340.2064776420593], [682.1109771728516, 396.0008668899536], 0.9860624670982361, 0.9441205859184265], [[772.1926116943359, 433.46059799194336], [811.6791534423828, 469.46605682373047], 0.7346594333648682, 0.801062822341919], [[481.9221878051758, 397.4687433242798], [671.7080688476562, 462.77276515960693], 0.958577573299408, 0.9305443167686462], [[647.9340362548828, 459.62732791900635], [764.9543762207031, 465.44527530670166], 0.9963318705558777, 0.9983198642730713], [[573.5442352294922, 449.8418998718262], [709.8405456542969, 461.7451572418213], 0.9979812502861023, 0.9987709522247314], [[652.821044921875, 607.226071357727], [761.1367034912109, 582.4453783035278], 0.9157794713973999, 0.9867173433303833], [[553.374137878418, 600.1881694793701], [702.4237823486328, 580.2843761444092], 0.9668221473693848, 0.9837951064109802], [[652.7719116210938, 706.6268920898438], [752.6960754394531, 691.8577480316162], 0.858912467956543, 0.986005425453186], [[525.4840087890625, 721.8488788604736], [696.5437316894531, 687.3900032043457], 0.9009170532226562, 0.9832462668418884]]
3.9 [[[621.0576629638672, 186.99691772460938], [750.9452819824219, 247.33175039291382], 0.9998246431350708, 0.9999157190322876], [[634.2951583862305, 175.6970715522766], [762.8135681152344, 242.2227430343628], 0.999593198299408, 0.9996525645256042], [[608.892822265625, 174.95694279670715], [743.5057830810547, 240.6307339668274], 0.9997060298919678, 0.9997552037239075], [[645.9791564941406, 185.11012315750122], [772.5105285644531, 251.7295002937317], 0.999179482460022, 0.9993901252746582], [[595.8286285400391, 180.61313152313232], [736.7236328125, 248.59659433364868], 0.9997705221176147, 0.9995445013046265], [[676.4079284667969, 271.37638092041016], [799.7321319580078, 315.48526525497437], 0.9992715716362, 0.9995118379592896], [[550.0357055664062, 258.1666302680969], [701.6938781738281, 318.9010262489319], 0.9998964667320251, 0.9998434782028198], [[680.0479125976562, 364.25981998443604], [806.3819122314453, 391.62689208984375], 0.7288224697113037, 0.9488851428031921], [[505.7166290283203, 349.5162320137024], [683.9808654785156, 395.9659767150879], 0.9868046641349792, 0.9326905608177185], [[703.0316925048828, 452.96690940856934], [809.7825622558594, 463.82487773895264], 0.7266111969947815, 0.7620083093643188], [[484.0592956542969, 438.09592723846436], [675.3950500488281, 461.2216329574585], 0.9604372382164001, 0.9167395830154419], [[629.0969848632812, 460.11467456817627], [763.2661437988281, 465.2000570297241], 0.9964461922645569, 0.9981732964515686], [[552.5931549072266, 452.2639560699463], [709.5988464355469, 461.6185140609741], 0.9981061220169067, 0.9987046122550964], [[643.802490234375, 606.5091705322266], [761.2303161621094, 582.3823356628418], 0.9167293906211853, 0.9858735203742981], [[538.86474609375, 600.271897315979], [701.9148254394531, 580.5185651779175], 0.968294620513916, 0.9834378957748413], [[652.6263427734375, 705.4148769378662], [752.3457336425781, 692.2927379608154], 0.8575491905212402, 0.9855864644050598], [[528.637580871582, 722.2527980804443], [696.9126892089844, 687.5229549407959], 0.9029050469398499, 0.9831562638282776]]
4.0 [[[600.658073425293, 186.49300575256348], [748.7400054931641, 248.1808090209961], 0.9998217225074768, 0.9999151825904846], [[612.4114227294922, 174.06863808631897], [760.9803771972656, 242.41272926330566], 0.9995756149291992, 0.9996475577354431], [[588.179817199707, 174.7865903377533], [742.3844909667969, 241.15541696548462], 0.9996945261955261, 0.9997493028640747], [[624.5009613037109, 182.46276140213013], [771.6341400146484, 251.75906896591187], 0.9991439580917358, 0.9993915557861328], [[577.4393463134766, 180.4777979850769], [737.7336120605469, 248.69094371795654], 0.9997597336769104, 0.9995315074920654], [[658.1813812255859, 265.21126985549927], [800.4895782470703, 314.78604555130005], 0.999295175075531, 0.999518632888794], [[535.3265380859375, 255.3915309906006], [703.8688659667969, 319.08367395401], 0.9999016523361206, 0.9998441934585571], [[663.2325744628906, 362.80919551849365], [807.3841857910156, 391.77881240844727], 0.7294999361038208, 0.9499645829200745], [[497.71045684814453, 352.4979043006897], [685.3919982910156, 396.44564151763916], 0.9862496256828308, 0.9290696978569031], [[673.4181976318359, 446.9305229187012], [810.8036804199219, 469.2887306213379], 0.697533369064331, 0.7618937492370605], [[487.1090316772461, 448.09404373168945], [673.5386657714844, 465.1898002624512], 0.9540031552314758, 0.9149633049964905], [[615.6635665893555, 458.3539009094238], [766.2200927734375, 465.09984970092773], 0.996411144733429, 0.9981474280357361], [[542.5576019287109, 451.9378852844238], [711.6168212890625, 461.59456729888916], 0.9980700016021729, 0.9987131953239441], [[637.2905731201172, 603.3546781539917], [761.5519714355469, 582.3592042922974], 0.9172849059104919, 0.9852926731109619], [[534.8980712890625, 600.3273439407349], [701.41845703125, 580.4542779922485], 0.9675211906433105, 0.9833292961120605], [[636.2126541137695, 706.1368417739868], [752.6877593994141, 692.8124856948853], 0.8570937514305115, 0.9851698875427246], [[526.6463470458984, 721.1694431304932], [697.6674652099609, 687.3417234420776], 0.898919403553009, 0.9830337166786194]]
4.1 [[[597.7556228637695, 182.36864805221558], [747.2050476074219, 248.44130516052246], 0.9997931718826294, 0.9999174475669861], [[610.93994140625, 170.58396577835083], [759.3605804443359, 242.42109775543213], 0.9994869232177734, 0.9996576905250549], [[586.1906814575195, 170.21816611289978], [741.2765502929688, 241.34132623672485], 0.9996432065963745, 0.9997511506080627], [[621.7214965820312, 178.20590257644653], [770.2566528320312, 251.68722867965698], 0.9989405274391174, 0.999419629573822], [[572.2665405273438, 177.5879967212677], [737.7304840087891, 248.72883796691895], 0.999726414680481, 0.9995289444923401], [[649.8658752441406, 261.2143921852112], [801.0280609130859, 314.8345398902893], 0.999235212802887, 0.9995472431182861], [[526.7252731323242, 255.32850980758667], [705.2546691894531, 320.0354290008545], 0.9999040961265564, 0.9998440146446228], [[642.7007293701172, 362.14954376220703], [807.2978210449219, 392.67385482788086], 0.7014589309692383, 0.9525831341743469], [[497.81471252441406, 358.2338619232178], [685.8556365966797, 396.20020866394043], 0.9858870506286621, 0.9228347539901733], [[638.6100387573242, 449.14130687713623], [812.1125793457031, 470.16265869140625], 0.6498088836669922, 0.7727053165435791], [[488.97544860839844, 452.5192594528198], [668.5891723632812, 464.02928352355957], 0.9489732384681702, 0.9121800065040588], [[613.7583541870117, 457.9554319381714], [767.3419952392578, 464.96681213378906], 0.9961883425712585, 0.998182475566864], [[543.092155456543, 451.9279718399048], [713.2939910888672, 461.25373363494873], 0.997943639755249, 0.9987463355064392], [[620.1335906982422, 603.5991668701172], [761.9490814208984, 582.365984916687], 0.915274977684021, 0.9849035143852234], [[533.4729766845703, 600.368971824646], [700.306396484375, 580.4100322723389], 0.965080738067627, 0.9832165837287903], [[605.7948684692383, 708.7741184234619], [752.7864074707031, 693.0336713790894], 0.85320645570755, 0.9848945736885071], [[524.5052337646484, 720.5533504486084], [697.3201751708984, 687.1750402450562], 0.8915181756019592, 0.9830346703529358]]
4.2 [[[596.5299224853516, 182.12006092071533], [745.5753326416016, 248.608717918396], 0.999692976474762, 0.9999226331710815], [[609.5072555541992, 170.5329179763794], [758.5427856445312, 242.41873741149902], 0.9992077350616455, 0.9996795654296875], [[583.8631439208984, 169.93051528930664], [740.4151916503906, 241.40295267105103], 0.9994654655456543, 0.9997642040252686], [[618.5619354248047, 177.747083902359], [770.43701171875, 251.73059463500977], 0.9983332753181458, 0.999461829662323], [[571.4577484130859, 176.87207221984863], [738.5483551025391, 248.75338554382324], 0.9996123909950256, 0.9995507001876831], [[646.3672637939453, 257.00156450271606], [802.1754455566406, 315.0176167488098], 0.9991145730018616, 0.9995830059051514], [[524.6017456054688, 254.536292552948], [708.3010864257812, 321.01821184158325], 0.9999015927314758, 0.9998497366905212], [[638.9719772338867, 359.9440813064575], [807.4835968017578, 392.63651847839355], 0.6692240834236145, 0.9560785889625549], [[495.6364059448242, 357.6883864402771], [685.0785064697266, 396.1566495895386], 0.9853519797325134, 0.9206618666648865], [[634.4956588745117, 447.1375894546509], [813.1072998046875, 469.81903553009033], 0.6059386730194092, 0.7900242805480957], [[488.4256362915039, 451.3442802429199], [661.0567474365234, 461.18730068206787], 0.9433720111846924, 0.9150954484939575], [[608.4140777587891, 456.6543674468994], [768.4910583496094, 464.1381597518921], 0.9956083297729492, 0.9982588887214661], [[540.5790328979492, 450.93130588531494], [715.7212066650391, 460.45254707336426], 0.9976138472557068, 0.998799741268158], [[603.2627105712891, 600.685601234436], [762.4299621582031, 582.4213886260986], 0.9092105627059937, 0.9851073026657104], [[531.7141723632812, 599.6007871627808], [699.2766571044922, 580.36376953125], 0.9595122933387756, 0.9833483695983887], [[581.077766418457, 708.7291860580444], [752.8282165527344, 693.0243587493896], 0.8445194363594055, 0.9850993156433105], [[524.122200012207, 718.1352424621582], [697.0622253417969, 687.0432043075562], 0.877354085445404, 0.9830977916717529]]
4.3 [[[595.7208251953125, 180.14687776565552], [746.683349609375, 251.63596630096436], 0.9996505379676819, 0.9999282360076904], [[609.3987274169922, 169.30062532424927], [759.0271759033203, 244.09526824951172], 0.9990653395652771, 0.9997032880783081], [[585.3304290771484, 168.21365475654602], [741.3493347167969, 243.74192476272583], 0.999382734298706, 0.9997784495353699], [[620.3237152099609, 176.57190084457397], [771.1682891845703, 252.8689670562744], 0.9981012940406799, 0.9995059967041016], [[575.2487182617188, 175.11147022247314], [739.3376159667969, 250.98146438598633], 0.9995514750480652, 0.9995748400688171], [[654.7092437744141, 256.36343479156494], [802.8093719482422, 315.76494455337524], 0.9990251660346985, 0.9996190071105957], [[528.8822174072266, 252.65209436416626], [710.7364654541016, 321.60452127456665], 0.9999023675918579, 0.9998537302017212], [[654.4957733154297, 358.3180618286133], [811.7288208007812, 392.5939464569092], 0.6607139706611633, 0.9595932960510254], [[494.52430725097656, 356.2591552734375], [684.2548370361328, 395.53703784942627], 0.9840712547302246, 0.9206869602203369], [[652.8041839599609, 445.5248737335205], [820.5399322509766, 467.46851921081543], 0.5753238201141357, 0.807807981967926], [[489.71553802490234, 449.6735429763794], [658.0181121826172, 450.58454990386963], 0.9365506768226624, 0.9196681976318359], [[611.5915679931641, 453.9219045639038], [767.9415130615234, 463.766770362854], 0.9951028227806091, 0.9983512759208679], [[542.0476150512695, 446.9250297546387], [717.574462890625, 459.79246616363525], 0.9974648952484131, 0.9988595843315125], [[606.546745300293, 596.0576963424683], [763.9773559570312, 582.4288129806519], 0.908016562461853, 0.9850412011146545], [[532.9539108276367, 599.2931699752808], [698.1745910644531, 579.4122934341431], 0.9587123990058899, 0.9832470417022705], [[579.0654754638672, 708.3175849914551], [752.5939178466797, 693.0050468444824], 0.8413084149360657, 0.9851008057594299], [[524.0435028076172, 717.9078769683838], [696.0912322998047, 686.9535112380981], 0.8724750280380249, 0.983073353767395]]
4.4 [[[600.7048416137695, 176.737779378891], [745.5848693847656, 252.4258017539978], 0.9995951652526855, 0.9999334812164307], [[614.0827178955078, 166.51878833770752], [757.9888916015625, 244.592764377594], 0.9989204406738281, 0.9997249841690063], [[589.3367767333984, 164.96651887893677], [740.5536651611328, 244.2146372795105], 0.9992703199386597, 0.9997932314872742], [[625.2460861206055, 174.69515919685364], [770.4750823974609, 253.4442901611328], 0.9979006052017212, 0.9995484352111816], [[578.087158203125, 172.94691681861877], [739.6622467041016, 251.45402669906616], 0.9994654655456543, 0.9996052980422974], [[659.9342346191406, 256.6888189315796], [802.3379516601562, 316.523859500885], 0.9989742636680603, 0.9996522068977356], [[533.2968902587891, 250.57636499404907], [710.8040618896484, 323.0880403518677], 0.9998984336853027, 0.9998600482940674], [[661.3539123535156, 358.5459637641907], [816.7743682861328, 392.08149433135986], 0.6634458899497986, 0.9625257849693298], [[498.2694625854492, 355.7938885688782], [681.4371490478516, 395.28782844543457], 0.9819267988204956, 0.9199351668357849], [[667.2360229492188, 445.70966720581055], [831.1022186279297, 452.6821231842041], 0.5537254214286804, 0.8224762082099915], [[492.6924514770508, 447.1209383010864], [632.1681594848633, 431.98482513427734], 0.9224022626876831, 0.9247884154319763], [[614.7694778442383, 453.4567451477051], [766.8537139892578, 465.9088468551636], 0.9944381713867188, 0.9983871579170227], [[543.2775115966797, 445.78433990478516], [717.5851440429688, 461.54826164245605], 0.9971484541893005, 0.998885989189148], [[605.0662994384766, 596.2704277038574], [763.5753631591797, 585.0217151641846], 0.9034885764122009, 0.9853367805480957], [[533.4308624267578, 599.9645376205444], [691.5128326416016, 579.4036674499512], 0.9559659361839294, 0.9838060140609741], [[578.0364227294922, 710.5731725692749], [753.7287139892578, 692.7248096466064], 0.8348184823989868, 0.9853194355964661], [[524.5547485351562, 718.4560346603394], [694.9182891845703, 686.0537052154541], 0.8607481122016907, 0.9834643602371216]]
4.5 [[[606.5204620361328, 177.22761511802673], [743.7327575683594, 252.38372325897217], 0.9995967745780945, 0.9999358654022217], [[619.8167037963867, 166.84863567352295], [757.5340270996094, 244.69846487045288], 0.9989299178123474, 0.9997401833534241], [[594.5249176025391, 165.44772863388062], [739.7846984863281, 244.17749404907227], 0.9992632865905762, 0.9998031854629517], [[630.6826019287109, 174.46438193321228], [769.5658111572266, 254.24187183380127], 0.9979631900787354, 0.999580979347229], [[581.3498687744141, 172.89842247962952], [738.4515380859375, 251.45046472549438], 0.9994570016860962, 0.9996284246444702], [[664.2619323730469, 257.6800775527954], [801.0264587402344, 317.60178565979004], 0.9990068674087524, 0.9996746182441711], [[537.0244598388672, 249.1632056236267], [708.3417510986328, 323.3590292930603], 0.9998959898948669, 0.9998634457588196], [[666.3788604736328, 359.2992568016052], [819.3764495849609, 389.1277599334717], 0.679071307182312, 0.9621570110321045], [[502.1033477783203, 355.1995539665222], [678.3412933349609, 391.29618644714355], 0.9807380437850952, 0.9205185174942017], [[670.8023834228516, 451.3527774810791], [827.3187255859375, 416.42372131347656], 0.5473498702049255, 0.8279867768287659], [[495.50670623779297, 448.4351348876953], [612.2885894775391, 409.7791385650635], 0.9099187254905701, 0.9297803640365601], [[616.4472579956055, 453.5472536087036], [766.4191436767578, 467.3941469192505], 0.994131326675415, 0.9984084963798523], [[543.6394500732422, 445.77781677246094], [716.06201171875, 461.59276485443115], 0.9969164729118347, 0.998906672000885], [[604.3065643310547, 599.5324659347534], [762.8713226318359, 585.3605318069458], 0.8976885676383972, 0.9848548769950867], [[536.3739013671875, 602.0673036575317], [683.2667541503906, 575.2295064926147], 0.9508494138717651, 0.9839741587638855], [[576.9352340698242, 712.7312135696411], [753.2231903076172, 692.699146270752], 0.8232027292251587, 0.9850488305091858], [[525.9781646728516, 720.0220584869385], [680.9773254394531, 679.9003744125366], 0.843268096446991, 0.983722448348999]]
4.6 [[[610.551643371582, 178.09608221054077], [734.1972351074219, 254.16958093643188], 0.999596357345581, 0.9999352693557739], [[623.7057495117188, 167.16721773147583], [748.1864166259766, 245.94715118408203], 0.99892657995224, 0.9997504353523254], [[598.758544921875, 165.89061498641968], [735.9346008300781, 245.10030269622803], 0.9992548823356628, 0.9998064637184143], [[633.8268280029297, 174.88017797470093], [763.9009094238281, 255.2119517326355], 0.9979637265205383, 0.9996067881584167], [[585.6171798706055, 173.13413500785828], [737.7946472167969, 252.13494300842285], 0.9994529485702515, 0.9996405243873596], [[665.4363250732422, 258.195276260376], [793.8954162597656, 317.1278929710388], 0.9990381002426147, 0.9997010231018066], [[540.7375335693359, 248.97019386291504], [707.5514984130859, 323.2803010940552], 0.9998968839645386, 0.99986732006073], [[669.5124816894531, 361.812744140625], [817.2016906738281, 383.18140983581543], 0.6913298964500427, 0.9630345702171326], [[504.58065032958984, 355.0370121002197], [667.8675842285156, 385.1059055328369], 0.9808096885681152, 0.9222644567489624], [[677.9930114746094, 461.44758224487305], [809.8569488525391, 410.30051708221436], 0.5409300327301025, 0.8356606364250183], [[502.26322174072266, 450.59879779815674], [599.7564697265625, 405.05094051361084], 0.9049972891807556, 0.9343761801719666], [[617.9218673706055, 454.1091012954712], [763.7931060791016, 467.31071949005127], 0.9937822222709656, 0.9984954595565796], [[545.4497146606445, 445.8879804611206], [713.8899230957031, 460.8882236480713], 0.9966241717338562, 0.9989439845085144], [[604.522819519043, 606.7072677612305], [761.533203125, 584.2179107666016], 0.8817386031150818, 0.9850951433181763], [[538.822135925293, 607.3807382583618], [674.2396545410156, 574.51256275177], 0.9404574036598206, 0.9843389391899109], [[575.8072662353516, 722.51784324646], [752.80029296875, 692.6882886886597], 0.7970900535583496, 0.9855760335922241], [[523.7876129150391, 722.0059490203857], [664.6991729736328, 678.227276802063], 0.8110871911048889, 0.9841704964637756]]
4.7 [[[612.9239654541016, 178.30601334571838], [721.6191864013672, 255.21680116653442], 0.9996206760406494, 0.9999374151229858], [[625.698127746582, 167.41045117378235], [734.3309783935547, 246.74391746520996], 0.9989895224571228, 0.9997624158859253], [[601.0196685791016, 166.18740677833557], [722.8517913818359, 246.0520362854004], 0.9993008375167847, 0.9998111724853516], [[635.1152801513672, 175.15588760375977], [752.2811126708984, 255.7916522026062], 0.9980899691581726, 0.9996320605278015], [[587.8452682495117, 172.9168975353241], [730.4695892333984, 252.51697540283203], 0.9994916319847107, 0.9996464252471924], [[665.6869506835938, 258.5706567764282], [784.7015380859375, 317.8286147117615], 0.9990730881690979, 0.9997249245643616], [[542.7742385864258, 248.9972734451294], [697.9936218261719, 321.9185757637024], 0.9999024271965027, 0.9998685121536255], [[671.212158203125, 362.04169750213623], [813.9128112792969, 381.2519359588623], 0.6943334937095642, 0.9649110436439514], [[501.5431213378906, 353.12384605407715], [654.4978332519531, 380.6483316421509], 0.9815780520439148, 0.9234412908554077], [[678.2613372802734, 457.88140296936035], [808.7926483154297, 416.3583183288574], 0.5260234475135803, 0.8446100950241089], [[488.8834762573242, 448.7088918685913], [592.7333831787109, 403.10829162597656], 0.9079865217208862, 0.9376394748687744], [[619.6982955932617, 455.330171585083], [753.2582092285156, 466.4239168167114], 0.993911623954773, 0.9985672831535339], [[547.4066162109375, 446.62286281585693], [701.0520935058594, 460.2258253097534], 0.9966522455215454, 0.9989436268806458], [[602.252082824707, 612.7187633514404], [757.3337554931641, 582.4164962768555], 0.8852801322937012, 0.9853324294090271], [[536.9612884521484, 609.4222211837769], [669.1645812988281, 574.3970775604248], 0.939932107925415, 0.9848493337631226], [[572.6828002929688, 725.4469871520996], [752.2521209716797, 692.6502227783203], 0.7973310351371765, 0.9861874580383301], [[519.2243576049805, 724.0771293640137], [654.5998382568359, 678.0080652236938], 0.7999349236488342, 0.9848425984382629]]
4.8 [[[613.9548873901367, 178.57171297073364], [707.0375061035156, 255.0153136253357], 0.9996539950370789, 0.9999397397041321], [[626.8015670776367, 167.20306277275085], [720.0975036621094, 246.65390253067017], 0.9990798830986023, 0.9997752904891968], [[602.0612716674805, 166.31667852401733], [708.0762481689453, 246.02343320846558], 0.9993616342544556, 0.9998165369033813], [[636.2374114990234, 174.99042749404907], [735.9321594238281, 255.71240901947021], 0.998262882232666, 0.9996596574783325], [[589.1975784301758, 173.06538462638855], [715.5743408203125, 252.8174901008606], 0.9995343685150146, 0.9996484518051147], [[667.6485443115234, 260.12683153152466], [769.3987274169922, 319.0076279640198], 0.999150812625885, 0.9997478723526001], [[544.0037155151367, 249.08284664154053], [683.0377197265625, 320.94454765319824], 0.9999066591262817, 0.9998626708984375], [[695.4552459716797, 363.2798480987549], [791.925048828125, 386.7787027359009], 0.7216247916221619, 0.9676756858825684], [[490.44273376464844, 345.12567043304443], [641.0514068603516, 382.22731590270996], 0.9826117157936096, 0.9198939800262451], [[742.1327972412109, 455.733962059021], [793.3604431152344, 437.36027240753174], 0.5684784650802612, 0.8545662760734558], [[446.43638610839844, 417.32335567474365], [589.015007019043, 411.5393543243408], 0.9146148562431335, 0.9376164674758911], [[621.2020111083984, 455.40892124176025], [735.2244567871094, 465.04573345184326], 0.9942091703414917, 0.9986461997032166], [[549.2990112304688, 446.09272956848145], [683.0055236816406, 459.9411678314209], 0.9967883825302124, 0.9989644885063171], [[604.0845489501953, 613.8830995559692], [746.8590545654297, 581.8709564208984], 0.8884783983230591, 0.9861055016517639], [[532.1376800537109, 609.0542650222778], [659.1803741455078, 571.4757871627808], 0.9429099559783936, 0.9848449230194092], [[575.6124114990234, 725.0158596038818], [750.4313659667969, 693.0682182312012], 0.7976047396659851, 0.986958384513855], [[500.35972595214844, 725.0798892974854], [653.8703155517578, 677.9662656784058], 0.8064256906509399, 0.9851202964782715]]
4.9 [[[611.0407638549805, 178.7410569190979], [692.8168487548828, 254.97458696365356], 0.9996830224990845, 0.999944269657135], [[623.8457489013672, 167.1735692024231], [706.2554931640625, 246.57272815704346], 0.9991585612297058, 0.9997938275337219], [[598.338623046875, 166.245299577713], [692.4703979492188, 245.80488681793213], 0.9994139075279236, 0.9998281002044678], [[634.8361206054688, 175.12105107307434], [722.2666931152344, 255.65445184707642], 0.9984175562858582, 0.999690592288971], [[584.6902465820312, 173.18946361541748], [699.0689849853516, 252.8070831298828], 0.9995715618133545, 0.9996628165245056], [[668.6796569824219, 262.92776584625244], [757.0269775390625, 319.73223209381104], 0.9992187023162842, 0.9997712969779968], [[540.3289794921875, 248.94656896591187], [668.9458465576172, 320.96349477767944], 0.9999090433120728, 0.9998611807823181], [[706.4527893066406, 362.24709033966064], [773.5329437255859, 393.46070766448975], 0.7448108196258545, 0.9706047773361206], [[480.28160095214844, 333.95877599716187], [632.9778289794922, 384.0827178955078], 0.9834461212158203, 0.912993311882019], [[768.4490203857422, 444.1810655593872], [775.3215789794922, 462.72950649261475], 0.6038670539855957, 0.8677112460136414], [[418.00621032714844, 385.7889461517334], [586.347770690918, 427.6123523712158], 0.9210397601127625, 0.9354058504104614], [[619.7441482543945, 456.54261589050293], [721.7573547363281, 464.97612476348877], 0.9944595694541931, 0.9987237453460693], [[546.9163131713867, 446.1811351776123], [667.8108215332031, 459.9219846725464], 0.9969039559364319, 0.9990024566650391], [[601.9834518432617, 613.9177322387695], [736.5547180175781, 582.036566734314], 0.8956788182258606, 0.9869617223739624], [[519.0339279174805, 608.7284088134766], [657.5605773925781, 571.6607522964478], 0.946776807308197, 0.9855403304100037], [[577.7959060668945, 723.9367961883545], [749.4043731689453, 691.549015045166], 0.807630717754364, 0.9876626133918762], [[489.43260192871094, 725.381498336792], [652.9800415039062, 677.1729326248169], 0.8177400231361389, 0.9858118891716003]]
5.0 [[[605.3366088867188, 178.80728602409363], [680.6143951416016, 254.85584020614624], 0.9997120499610901, 0.9999474287033081], [[617.2686767578125, 167.15453624725342], [693.71826171875, 246.44054889678955], 0.999236524105072, 0.9998072385787964], [[592.4929809570312, 165.96574902534485], [679.5552062988281, 245.7680869102478], 0.9994654655456543, 0.999835729598999], [[625.4880523681641, 174.91729974746704], [708.8215637207031, 255.60284614562988], 0.9985683560371399, 0.9997135996818542], [[577.5214385986328, 173.06361436843872], [686.8714141845703, 252.87312984466553], 0.9996073246002197, 0.9996692538261414], [[659.6669769287109, 263.3306336402893], [743.0387878417969, 319.40289974212646], 0.9992900490760803, 0.9997897744178772], [[525.2170562744141, 248.9954924583435], [653.9450073242188, 321.3088345527649], 0.9999105334281921, 0.9998652935028076], [[701.7372131347656, 360.9817314147949], [750.7207489013672, 395.2908754348755], 0.7682455778121948, 0.972419261932373], [[465.7126235961914, 330.76892137527466], [627.8633499145508, 391.00560665130615], 0.9839747548103333, 0.9047035574913025], [[766.4094543457031, 438.8481903076172], [749.0023803710938, 468.583459854126], 0.6404014229774475, 0.8747333288192749], [[395.67928314208984, 372.69890785217285], [592.8458786010742, 449.9113368988037], 0.92649245262146, 0.9300265908241272], [[604.0634155273438, 457.5352478027344], [712.0069885253906, 462.7315664291382], 0.9947609901428223, 0.9988041520118713], [[529.5029830932617, 446.20336532592773], [658.0760192871094, 459.91142749786377], 0.9970301389694214, 0.9990621209144592], [[596.7450714111328, 613.3751964569092], [724.7846984863281, 580.8124494552612], 0.9037013053894043, 0.9880052804946899], [[507.48958587646484, 607.3674774169922], [650.9505462646484, 572.0663452148438], 0.950984001159668, 0.9864991903305054], [[577.9385375976562, 721.1241245269775], [746.9377899169922, 690.2284669876099], 0.8203675150871277, 0.9886882305145264], [[485.1906967163086, 726.3945579528809], [652.8311920166016, 676.5311336517334], 0.831540584564209, 0.9868671894073486]]
5.1 [[[599.9421310424805, 176.11993789672852], [664.7916412353516, 254.72153663635254], 0.9997366070747375, 0.999945342540741], [[610.3359222412109, 165.11218428611755], [677.923583984375, 246.35446071624756], 0.9993036389350891, 0.9998071193695068], [[586.8157196044922, 162.45457649230957], [664.9769592285156, 245.74145793914795], 0.999509334564209, 0.999822735786438], [[614.8610305786133, 172.74563312530518], [693.9109802246094, 255.0533366203308], 0.9986980557441711, 0.999721348285675], [[570.2500534057617, 168.73536586761475], [673.7997436523438, 252.79247045516968], 0.9996392726898193, 0.9996082186698914], [[641.0966491699219, 263.11408281326294], [731.1927795410156, 319.33178901672363], 0.9993537068367004, 0.9998021721839905], [[510.61492919921875, 246.75434589385986], [643.6767578125, 320.29098987579346], 0.9999153017997742, 0.9998533129692078], [[681.9924926757812, 359.4603180885315], [736.5779113769531, 396.55640602111816], 0.7876006960868835, 0.9736061692237854], [[449.22401428222656, 328.82129430770874], [627.5784301757812, 392.1441078186035], 0.9850419163703918, 0.8729048371315002], [[748.5768127441406, 439.33085918426514], [731.5115356445312, 468.25236797332764], 0.6709904074668884, 0.8779104948043823], [[377.81333923339844, 379.3410015106201], [596.4023971557617, 456.0234260559082], 0.9324015974998474, 0.903133749961853], [[587.935905456543, 458.080358505249], [703.0189514160156, 460.99122047424316], 0.9950999021530151, 0.9988375902175903], [[516.3743209838867, 447.02678203582764], [649.4535827636719, 458.9843273162842], 0.9971834421157837, 0.9990795254707336], [[583.9394378662109, 616.3933897018433], [716.2153625488281, 580.8341217041016], 0.9064188003540039, 0.988842248916626], [[500.77808380126953, 607.2609186172485], [650.1091003417969, 572.2928524017334], 0.9517284631729126, 0.9869815111160278], [[574.3008422851562, 720.8893775939941], [743.2248687744141, 687.1340990066528], 0.8234351277351379, 0.9895429611206055], [[482.0343017578125, 726.2403202056885], [652.5699615478516, 676.6090679168701], 0.8308860063552856, 0.9876654148101807]]
5.2 [[[585.1067352294922, 166.96577310562134], [653.7029266357422, 253.4973120689392], 0.9997495412826538, 0.9999119639396667], [[592.5617599487305, 155.57489275932312], [666.5089416503906, 245.00412940979004], 0.9993411302566528, 0.9997296929359436], [[571.7452239990234, 153.10319423675537], [654.3582916259766, 245.28408765792847], 0.9995364546775818, 0.9996986985206604], [[593.8556671142578, 164.6336567401886], [683.0701446533203, 253.29284191131592], 0.9987646341323853, 0.9996457695960999], [[552.4948120117188, 160.3737187385559], [665.2204895019531, 252.39421606063843], 0.9996616840362549, 0.9992527365684509], [[618.6456298828125, 255.50195217132568], [723.7566375732422, 319.22351360321045], 0.9993911981582642, 0.9997875094413757], [[489.04056549072266, 244.06604290008545], [637.4489593505859, 320.03414154052734], 0.999919056892395, 0.9998028874397278], [[643.8449096679688, 352.9020595550537], [727.210693359375, 397.17597484588623], 0.7893456220626831, 0.9724618196487427], [[428.71631622314453, 331.41565561294556], [628.250732421875, 393.2366466522217], 0.9860424399375916, 0.8275250196456909], [[679.1469573974609, 411.26628398895264], [726.2849426269531, 469.0656566619873], 0.6793615221977234, 0.8662766814231873], [[368.75022888183594, 389.93186473846436], [598.5186004638672, 457.02476978302], 0.9380134344100952, 0.8548344373703003], [[575.8860397338867, 457.7908945083618], [700.7553863525391, 459.1864585876465], 0.9952967762947083, 0.9987385869026184], [[502.2171401977539, 447.3463296890259], [647.2718811035156, 458.2943344116211], 0.9972492456436157, 0.9990355968475342], [[577.2230911254883, 615.6250762939453], [704.2442321777344, 578.8912153244019], 0.9081917405128479, 0.9888129234313965], [[490.92235565185547, 607.4073028564453], [649.8538208007812, 572.457389831543], 0.9491772055625916, 0.9866312146186829], [[570.6525802612305, 720.2792072296143], [726.2689208984375, 683.1042623519897], 0.8215152025222778, 0.9896019101142883], [[481.92298889160156, 727.7829551696777], [650.8476257324219, 676.1992263793945], 0.824371337890625, 0.9878101348876953]]
5.3 [[[573.2464599609375, 164.29051637649536], [648.2243347167969, 253.33120822906494], 0.9997579455375671, 0.9999026656150818], [[579.5917510986328, 152.8191375732422], [660.1651763916016, 244.4835877418518], 0.9993728995323181, 0.999712347984314], [[558.7844085693359, 149.6967351436615], [647.6427459716797, 245.27378797531128], 0.9995598793029785, 0.9996653199195862], [[577.5529861450195, 161.91128969192505], [676.4418792724609, 252.36833810806274], 0.998823344707489, 0.9996358156204224], [[537.8012084960938, 156.21278643608093], [657.4934387207031, 252.20598936080933], 0.9996828436851501, 0.9991598129272461], [[598.1400299072266, 252.71151065826416], [719.747314453125, 318.7988877296448], 0.9994064569473267, 0.9997923970222473], [[472.2580337524414, 243.16638708114624], [631.4656829833984, 320.3157091140747], 0.9999233484268188, 0.99977707862854], [[596.8581390380859, 353.24628353118896], [725.0530242919922, 397.5418281555176], 0.7728670239448547, 0.9734556078910828], [[416.32640838623047, 337.7720618247986], [622.5946044921875, 395.0691318511963], 0.986984372138977, 0.7966269850730896], [[616.5103149414062, 445.01448154449463], [729.2304229736328, 475.4423189163208], 0.6560961008071899, 0.8657951951026917], [[367.49706268310547, 420.41579246520996], [601.003303527832, 463.3285617828369], 0.9428439140319824, 0.8249492645263672], [[562.0059967041016, 457.74776458740234], [697.0893096923828, 458.43016147613525], 0.9954519271850586, 0.9986748099327087], [[488.8883590698242, 448.84325981140137], [644.4902801513672, 458.15584659576416], 0.9973336458206177, 0.998964786529541], [[576.4631271362305, 611.0180711746216], [692.0899963378906, 578.7126874923706], 0.9079337120056152, 0.988024890422821], [[482.9203796386719, 608.7336015701294], [649.644775390625, 572.6447153091431], 0.9469188451766968, 0.9831981658935547], [[568.5164642333984, 712.6160287857056], [706.6275787353516, 682.4025106430054], 0.8203921318054199, 0.9891655445098877], [[478.5285186767578, 727.6698303222656], [650.93505859375, 676.3195610046387], 0.822736918926239, 0.9860135912895203]]
5.4 [[[563.2465744018555, 160.61578273773193], [643.9410400390625, 253.440363407135], 0.9997251629829407, 0.9998685121536255], [[567.7865600585938, 149.7636079788208], [654.7663879394531, 244.41908597946167], 0.999316930770874, 0.9996531009674072], [[548.484992980957, 146.42709016799927], [643.9251708984375, 245.37036895751953], 0.9995326399803162, 0.9995882511138916], [[564.2848968505859, 158.00949096679688], [672.5244140625, 251.74376964569092], 0.9987216591835022, 0.9995946884155273], [[525.5342864990234, 153.85502815246582], [654.8554992675781, 252.04087257385254], 0.9996841549873352, 0.9990423917770386], [[583.2218170166016, 248.86629581451416], [715.777587890625, 317.5394296646118], 0.9993264079093933, 0.999790370464325], [[461.42677307128906, 243.43518733978271], [632.2553634643555, 320.6103229522705], 0.9999246597290039, 0.9997517466545105], [[577.0929718017578, 353.95007371902466], [721.4617156982422, 396.97388648986816], 0.732082188129425, 0.9736320376396179], [[418.58192443847656, 351.2666416168213], [621.3861083984375, 395.9101438522339], 0.9875683784484863, 0.7641170024871826], [[585.797004699707, 460.00669956207275], [722.8533172607422, 471.80241107940674], 0.6101436614990234, 0.8585525155067444], [[383.89026641845703, 449.149374961853], [600.103645324707, 463.0340766906738], 0.9447617530822754, 0.7898892164230347], [[549.9192047119141, 458.1333589553833], [693.2897186279297, 458.46985816955566], 0.9954025149345398, 0.9984651207923889], [[479.5498275756836, 452.01311588287354], [642.9798889160156, 457.7432155609131], 0.9973318576812744, 0.9987879991531372], [[566.1024856567383, 615.5030679702759], [677.0116424560547, 578.815598487854], 0.897722065448761, 0.9843765497207642], [[479.12628173828125, 616.3728761672974], [648.2843017578125, 573.435001373291], 0.9410348534584045, 0.9718698263168335], [[547.141227722168, 724.4522953033447], [679.3848419189453, 683.0876970291138], 0.8041744232177734, 0.9860945343971252], [[475.80711364746094, 734.1142559051514], [651.9448089599609, 677.7139234542847], 0.8100268244743347, 0.9772640466690063]]
5.5 [[[560.9110641479492, 157.81330347061157], [642.2334289550781, 253.53413343429565], 0.9995097517967224, 0.9998366832733154], [[560.3496551513672, 145.04682540893555], [652.0460510253906, 244.33956384658813], 0.9989428520202637, 0.999595582485199], [[545.8809280395508, 144.30310249328613], [642.9365539550781, 245.438711643219], 0.9991979002952576, 0.9995282292366028], [[549.8684692382812, 152.47974157333374], [671.2705993652344, 251.07555627822876], 0.9981791377067566, 0.9995467066764832], [[520.2036285400391, 152.8669559955597], [655.1972961425781, 251.9157314300537], 0.9994905591011047, 0.9989845752716064], [[572.3295211791992, 245.36826610565186], [717.1984100341797, 315.08168935775757], 0.9992075562477112, 0.9997894167900085], [[454.78614807128906, 243.65330457687378], [633.2001876831055, 320.61249017715454], 0.9998953938484192, 0.9997534155845642], [[563.5056686401367, 352.6607036590576], [719.8472595214844, 394.79700565338135], 0.6897298693656921, 0.9714423418045044], [[423.95076751708984, 360.58515071868896], [619.5473098754883, 396.25346660614014], 0.987352728843689, 0.7458084225654602], [[566.9192504882812, 460.0756645202637], [713.876953125, 469.0684461593628], 0.5688209533691406, 0.8391121625900269], [[394.3767547607422, 461.2929582595825], [600.32470703125, 461.93334102630615], 0.9416860342025757, 0.7696208953857422], [[538.4981155395508, 457.9801082611084], [691.3546752929688, 457.19810485839844], 0.9951847195625305, 0.9983943700790405], [[474.7246551513672, 452.3494005203247], [640.6976318359375, 455.61371326446533], 0.9970395565032959, 0.9987380504608154], [[537.2156524658203, 615.1319789886475], [677.7809906005859, 577.907338142395], 0.888671875, 0.982182502746582], [[477.76222229003906, 615.312910079956], [648.8963317871094, 573.4510946273804], 0.9318701028823853, 0.9642688035964966], [[526.2410736083984, 729.9441719055176], [675.8859252929688, 684.3122005462646], 0.7999775409698486, 0.9848358631134033], [[477.8239440917969, 735.8827114105225], [652.1082305908203, 678.5085010528564], 0.8006809949874878, 0.9719571471214294]]
5.6 [[[552.771110534668, 156.89104199409485], [641.3654327392578, 253.52213859558105], 0.999448299407959, 0.9998232126235962], [[552.8040313720703, 143.72228622436523], [651.3612365722656, 243.94622325897217], 0.9987807869911194, 0.9995779991149902], [[537.1213531494141, 143.55109691619873], [642.5328826904297, 245.25636434555054], 0.9991022944450378, 0.9995110034942627], [[544.6621704101562, 150.84962368011475], [671.1232757568359, 250.25593757629395], 0.9978883266448975, 0.9995441436767578], [[510.2610397338867, 152.45712518692017], [655.3067016601562, 250.91644763946533], 0.999445915222168, 0.9989970922470093], [[571.8256759643555, 244.45155143737793], [715.5533599853516, 314.6866750717163], 0.9991834163665771, 0.999798059463501], [[444.6207809448242, 244.16489839553833], [633.4355926513672, 320.57135581970215], 0.9998887777328491, 0.9997622966766357], [[572.9886627197266, 353.2159638404846], [718.5234069824219, 394.50775623321533], 0.6751089692115784, 0.971219539642334], [[416.9760513305664, 362.50694274902344], [618.2966995239258, 396.00035190582275], 0.9876108765602112, 0.728732168674469], [[583.6092376708984, 457.46293544769287], [706.2835693359375, 467.73558139801025], 0.5459774732589722, 0.8360234498977661], [[401.1366653442383, 464.22240257263184], [600.6099700927734, 459.044451713562], 0.9409697651863098, 0.7562509775161743], [[539.8291015625, 458.99741649627686], [690.8851623535156, 457.64326572418213], 0.9951359629631042, 0.9983334541320801], [[471.7314910888672, 454.53392028808594], [639.8479461669922, 456.3874340057373], 0.9969109892845154, 0.9987108707427979], [[536.5757369995117, 615.6049060821533], [679.7569274902344, 577.9571628570557], 0.881522536277771, 0.9795792698860168], [[478.70800018310547, 615.6691074371338], [647.7003479003906, 573.5717296600342], 0.9218641519546509, 0.9553847908973694], [[525.8098602294922, 736.3866233825684], [675.0173950195312, 684.363226890564], 0.792158842086792, 0.9822708368301392], [[478.6658477783203, 738.1870937347412], [652.0970916748047, 679.1488838195801], 0.7869565486907959, 0.9649327993392944]]
5.7 [[[546.7856597900391, 158.34703087806702], [645.20263671875, 252.31565952301025], 0.999458372592926, 0.9997939467430115], [[548.1193923950195, 145.01219272613525], [656.2895202636719, 242.3688268661499], 0.9988044500350952, 0.9995248317718506], [[530.070686340332, 144.4909644126892], [646.5505981445312, 244.14554357528687], 0.9991074800491333, 0.9994572997093201], [[541.4887619018555, 152.02807903289795], [675.2756500244141, 249.3629550933838], 0.997951090335846, 0.9995021820068359], [[502.3747253417969, 152.9076075553894], [657.130126953125, 250.54990768432617], 0.9994441866874695, 0.9989442825317383], [[569.9131393432617, 244.5540976524353], [717.3190307617188, 314.2400121688843], 0.9992190003395081, 0.999792754650116], [[439.4369125366211, 246.44726514816284], [633.0806350708008, 320.5726218223572], 0.9998758435249329, 0.9997594952583313], [[577.029914855957, 353.9931607246399], [722.3813629150391, 394.05959129333496], 0.6788649559020996, 0.9706412553787231], [[418.27674865722656, 365.6710481643677], [615.4747772216797, 395.8626365661621], 0.9863898754119873, 0.7195444703102112], [[590.6066131591797, 458.15001010894775], [717.1878814697266, 466.8571901321411], 0.5408070087432861, 0.8259225487709045], [[404.9644470214844, 465.88841915130615], [599.77783203125, 458.4335517883301], 0.9318575859069824, 0.7443661689758301], [[540.5418014526367, 462.15431213378906], [692.15576171875, 457.66704082489014], 0.995280385017395, 0.9981679320335388], [[467.98328399658203, 458.3260917663574], [639.2809295654297, 456.3238763809204], 0.9968602657318115, 0.9986038208007812], [[546.470947265625, 617.7550077438354], [682.9655456542969, 578.3238315582275], 0.8824360966682434, 0.9775747656822205], [[474.9336242675781, 619.0212249755859], [646.9171905517578, 573.7354946136475], 0.9173730611801147, 0.9492459893226624], [[536.2870025634766, 750.3385734558105], [676.6812133789062, 684.8470544815063], 0.7908297777175903, 0.9806220531463623], [[478.1886291503906, 737.9563808441162], [651.0916900634766, 679.3800687789917], 0.7805808782577515, 0.9597006440162659]]
5.8 [[[542.2123336791992, 158.78799676895142], [647.550048828125, 252.31821298599243], 0.9994656443595886, 0.9997544884681702], [[543.8595581054688, 145.19018411636353], [658.5005187988281, 242.32033252716064], 0.9988295435905457, 0.9994587898254395], [[525.4761505126953, 144.8309826850891], [649.1117858886719, 244.15202379226685], 0.999118983745575, 0.9993768334388733], [[536.1801910400391, 152.3889970779419], [677.4436950683594, 249.1353964805603], 0.9980117678642273, 0.9994615912437439], [[498.1295394897461, 152.94371008872986], [659.6086120605469, 250.32198429107666], 0.9994487762451172, 0.9988545179367065], [[565.6610870361328, 243.30631256103516], [718.6265563964844, 313.47375869750977], 0.9992476105690002, 0.9997902512550354], [[435.34156799316406, 246.5495753288269], [635.5620193481445, 320.2960753440857], 0.9998722076416016, 0.999752402305603], [[574.8686981201172, 353.9115571975708], [723.2779693603516, 393.4388208389282], 0.6745003461837769, 0.9703417420387268], [[416.14978790283203, 364.29157733917236], [618.4820556640625, 395.5099582672119], 0.9854413270950317, 0.7007315754890442], [[590.2554321289062, 455.6210947036743], [717.5967407226562, 464.9837636947632], 0.5251538157463074, 0.8224346041679382], [[403.86009216308594, 465.11401176452637], [600.1640701293945, 457.36122608184814], 0.9239799380302429, 0.7292426824569702], [[542.3100662231445, 461.2934732437134], [692.8134155273438, 457.35920906066895], 0.9953967332839966, 0.9980427622795105], [[466.59061431884766, 457.7993059158325], [640.0318908691406, 455.6976127624512], 0.9968677759170532, 0.9985246062278748], [[551.5092849731445, 617.7222204208374], [684.2922210693359, 578.3931827545166], 0.878827691078186, 0.9767158627510071], [[473.5895538330078, 618.1729602813721], [644.9762725830078, 573.7765645980835], 0.9161689877510071, 0.9471544027328491], [[551.6000366210938, 729.8921585083008], [677.9899597167969, 684.9689769744873], 0.7815892696380615, 0.9795821905136108], [[475.3907012939453, 737.3038959503174], [650.0605010986328, 679.0646409988403], 0.7775824069976807, 0.9571142792701721]]
5.9 [[[540.9416580200195, 159.38765287399292], [650.0883483886719, 251.6082000732422], 0.999462902545929, 0.999740481376648], [[541.748046875, 145.81568598747253], [661.1270904541016, 241.60645723342896], 0.9988345503807068, 0.9994350075721741], [[523.2100677490234, 145.494464635849], [651.4804840087891, 243.65967750549316], 0.9991088509559631, 0.9993538856506348], [[533.9712524414062, 153.15515398979187], [679.7586059570312, 248.6207127571106], 0.9980280995368958, 0.9994446635246277], [[498.02391052246094, 153.3198094367981], [661.6240692138672, 249.69207286834717], 0.999441385269165, 0.9988403916358948], [[563.7375640869141, 243.86629343032837], [720.8927154541016, 313.5701036453247], 0.9992709159851074, 0.9997838735580444], [[435.0303268432617, 246.55953168869019], [636.3785934448242, 319.7074270248413], 0.9998722076416016, 0.9997518658638], [[569.0102005004883, 354.00745153427124], [724.1960906982422, 393.41697692871094], 0.6641885638237, 0.9689372181892395], [[410.56690216064453, 363.01759243011475], [618.0100631713867, 394.347767829895], 0.9854902029037476, 0.6894339919090271], [[587.5364303588867, 455.730357170105], [718.1443786621094, 464.65468883514404], 0.5105292797088623, 0.8094785213470459], [[397.67127990722656, 465.1137113571167], [600.5939865112305, 457.1948432922363], 0.9232192039489746, 0.7172962427139282], [[540.3867340087891, 460.4385566711426], [691.4560699462891, 457.45194911956787], 0.9954189658164978, 0.9979931712150574], [[465.2388000488281, 457.50404834747314], [638.9860153198242, 455.2650260925293], 0.9967907071113586, 0.9984915852546692], [[559.9570465087891, 617.5444221496582], [683.4384918212891, 578.0003786087036], 0.871403694152832, 0.9770485758781433], [[472.9465866088867, 618.7851047515869], [639.2465209960938, 573.253984451294], 0.9111608266830444, 0.9479205012321472], [[566.5293502807617, 742.344217300415], [678.1616973876953, 685.1056623458862], 0.7669283747673035, 0.9799277186393738], [[474.9192428588867, 737.9623031616211], [649.3557739257812, 677.8178644180298], 0.7672670483589172, 0.9576734900474548]]
6.0 [[[544.8868560791016, 160.3531301021576], [651.6277313232422, 251.60678386688232], 0.9993687868118286, 0.9997323751449585], [[544.9188995361328, 145.95791816711426], [662.3207855224609, 241.64018869400024], 0.9986678957939148, 0.9994158148765564], [[527.933235168457, 145.75895190238953], [653.3172607421875, 243.6644196510315], 0.9989572167396545, 0.9993419647216797], [[534.7361373901367, 153.57221603393555], [680.5619049072266, 248.7202548980713], 0.9977341890335083, 0.999431312084198], [[502.7995300292969, 153.65857243537903], [663.2677459716797, 249.72011804580688], 0.9993438124656677, 0.9988565444946289], [[562.877197265625, 244.2696976661682], [722.5064849853516, 314.14235830307007], 0.9992768168449402, 0.9997839331626892], [[438.47389221191406, 246.658194065094], [637.1425247192383, 319.88619089126587], 0.9998668432235718, 0.9997605085372925], [[567.1492767333984, 354.09087896347046], [724.6879577636719, 393.67472648620605], 0.6458762288093567, 0.9676024317741394], [[412.6565933227539, 363.6273765563965], [617.2087860107422, 394.1812562942505], 0.9854665994644165, 0.6811345815658569], [[586.03759765625, 455.7802677154541], [719.2266845703125, 464.4436740875244], 0.4932289123535156, 0.8036286234855652], [[400.37315368652344, 464.51984882354736], [599.7293853759766, 455.36428928375244], 0.9228472113609314, 0.7161226272583008], [[543.0070114135742, 459.45781230926514], [693.2109832763672, 457.5306987762451], 0.9953341484069824, 0.9980248808860779], [[469.3119430541992, 459.36060905456543], [639.9917602539062, 455.2632665634155], 0.9965385794639587, 0.9985321164131165], [[570.5792999267578, 613.7289476394653], [685.7408142089844, 578.0700731277466], 0.8591234683990479, 0.97835373878479], [[476.27830505371094, 618.3228206634521], [631.9661712646484, 573.1858348846436], 0.9022807478904724, 0.9509000778198242], [[580.2692413330078, 723.18603515625], [679.8081970214844, 685.1973295211792], 0.7464479207992554, 0.9808183312416077], [[475.83335876464844, 737.6093673706055], [649.1918182373047, 675.589485168457], 0.75138920545578, 0.9595385193824768]]
6.1 [[[548.5440826416016, 160.68954348564148], [651.8646240234375, 251.42405033111572], 0.999347984790802, 0.9997495412826538], [[549.7003173828125, 146.54120206832886], [662.2256469726562, 241.5206480026245], 0.9986383318901062, 0.999449610710144], [[531.6501998901367, 146.23741507530212], [653.8152313232422, 243.5736107826233], 0.9989380836486816, 0.999384880065918], [[541.6899871826172, 154.14053320884705], [680.7399749755859, 248.7925672531128], 0.9976627230644226, 0.9994630813598633], [[507.8777313232422, 153.92478704452515], [663.7922668457031, 249.7306752204895], 0.9993402361869812, 0.9989417791366577], [[567.4855804443359, 243.5536766052246], [723.3772277832031, 314.23095703125], 0.99927818775177, 0.9997942447662354], [[443.51490020751953, 246.67111158370972], [637.4680328369141, 319.7506642341614], 0.9998637437820435, 0.999778687953949], [[573.0894088745117, 352.0277667045593], [724.4358062744141, 393.65545749664307], 0.6298417448997498, 0.9681076407432556], [[416.17462158203125, 363.191442489624], [610.8589935302734, 391.8980312347412], 0.9857534170150757, 0.6978920698165894], [[592.7618408203125, 446.44652366638184], [720.9824371337891, 464.2225742340088], 0.4820098578929901, 0.8094692230224609], [[408.1893539428711, 464.8584508895874], [588.1821441650391, 448.0988931655884], 0.923902690410614, 0.7360396981239319], [[546.4789581298828, 458.3859157562256], [693.9990997314453, 456.74418926239014], 0.9953538775444031, 0.9981020092964172], [[473.1992721557617, 459.32631969451904], [641.0611724853516, 453.78418922424316], 0.9964642524719238, 0.9986053705215454], [[582.9433441162109, 613.1917762756348], [687.0708465576172, 576.4260721206665], 0.8525711297988892, 0.9797042012214661], [[477.10391998291016, 617.9994964599609], [623.0805587768555, 570.8923959732056], 0.8970953226089478, 0.9542468190193176], [[590.0086212158203, 721.6456317901611], [680.0271606445312, 684.6653509140015], 0.7319467663764954, 0.9817423224449158], [[476.5409851074219, 738.0565452575684], [644.0946960449219, 672.8817844390869], 0.7408719062805176, 0.9616603851318359]]
6.2 [[[550.739631652832, 160.1394009590149], [651.2804412841797, 251.4682102203369], 0.9993239641189575, 0.9997684359550476], [[551.5674591064453, 146.50909066200256], [661.7101287841797, 241.5177083015442], 0.998613178730011, 0.9994868040084839], [[533.6946868896484, 146.1703383922577], [653.2329559326172, 243.6267614364624], 0.9989339113235474, 0.9994260668754578], [[545.7791137695312, 154.10136222839355], [680.1606750488281, 248.84136199951172], 0.9976102113723755, 0.9994994401931763], [[510.6011962890625, 153.88433933258057], [663.2666778564453, 249.94583129882812], 0.9993509650230408, 0.9990135431289673], [[571.7488861083984, 243.6864137649536], [723.4275054931641, 315.06441593170166], 0.9992168545722961, 0.9998074173927307], [[449.0441131591797, 245.34826755523682], [637.1201705932617, 320.0026845932007], 0.9998637437820435, 0.9997900128364563], [[573.6636352539062, 352.08194732666016], [725.9541320800781, 394.3067407608032], 0.6038786768913269, 0.9701468348503113], [[420.4562759399414, 362.2621965408325], [605.3493118286133, 391.0215711593628], 0.9864494204521179, 0.7150672078132629], [[591.0274124145508, 445.8888816833496], [725.3624725341797, 466.7032527923584], 0.4638091027736664, 0.823486864566803], [[422.476806640625, 464.5452117919922], [566.815299987793, 438.54692459106445], 0.9271488785743713, 0.7567252516746521], [[547.940788269043, 458.34900856018066], [694.2905426025391, 456.8153429031372], 0.99521404504776, 0.9981645941734314], [[474.9440002441406, 459.1249179840088], [640.8939361572266, 453.774790763855], 0.9963620901107788, 0.9986583590507507], [[590.0894165039062, 612.8984928131104], [686.431884765625, 576.5773916244507], 0.8423178791999817, 0.9810293912887573], [[476.54624938964844, 617.6232147216797], [614.4545364379883, 568.8012170791626], 0.8939041495323181, 0.9578081369400024], [[597.8395462036133, 721.7355823516846], [678.7008666992188, 684.7428131103516], 0.711055338382721, 0.9826880693435669], [[477.0064926147461, 747.9738521575928], [619.1213989257812, 670.3474617004395], 0.7284804582595825, 0.9640617966651917]]
6.3 [[[568.7561798095703, 160.35229325294495], [646.2250518798828, 251.4344573020935], 0.9992968440055847, 0.9997872710227966], [[567.9412078857422, 147.03191757202148], [656.7671203613281, 241.0596513748169], 0.998603880405426, 0.9995273351669312], [[553.232421875, 146.36940121650696], [647.0382690429688, 243.46471309661865], 0.9989299774169922, 0.999466061592102], [[557.673454284668, 155.0030779838562], [676.0396575927734, 248.198983669281], 0.9975648522377014, 0.9995419383049011], [[527.2548294067383, 154.2174482345581], [658.0689239501953, 249.9298882484436], 0.9993650317192078, 0.9990742206573486], [[574.0340042114258, 243.76299619674683], [720.9278106689453, 315.0347828865051], 0.9990352392196655, 0.9998250603675842], [[468.99818420410156, 244.87345218658447], [633.4833908081055, 320.2797245979309], 0.9998548626899719, 0.9997938275337219], [[567.9767608642578, 352.62802362442017], [728.6280059814453, 394.24760341644287], 0.5608435273170471, 0.9728209376335144], [[446.295166015625, 361.28600120544434], [596.8164825439453, 387.45255947113037], 0.9868239164352417, 0.7283744812011719], [[574.8488616943359, 446.1331558227539], [737.9444885253906, 466.4985466003418], 0.4297524392604828, 0.8401668071746826], [[458.29246520996094, 464.60606575012207], [541.1552047729492, 422.29072093963623], 0.9261852502822876, 0.7755573987960815], [[548.6637496948242, 457.55537509918213], [692.1072387695312, 457.2698163986206], 0.9948655962944031, 0.99824458360672], [[481.6807556152344, 458.9667749404907], [639.6157836914062, 453.8056468963623], 0.9960964918136597, 0.9986768960952759], [[593.2585525512695, 611.6253232955933], [685.6954956054688, 576.7323160171509], 0.8380926847457886, 0.9815545678138733], [[477.6172637939453, 617.1549654006958], [607.960205078125, 568.9994430541992], 0.8918065428733826, 0.9599266648292542], [[606.2779998779297, 736.2425994873047], [677.0738983154297, 684.9494504928589], 0.7029527425765991, 0.9824814796447754], [[476.02134704589844, 750.0622844696045], [590.8565521240234, 670.7870006561279], 0.7244707942008972, 0.9653617143630981]]
6.4 [[[586.1467361450195, 160.79214334487915], [640.3971862792969, 251.36780977249146], 0.9993159770965576, 0.9998049736022949], [[586.1989593505859, 147.78833270072937], [651.3829040527344, 240.9833264350891], 0.9986274242401123, 0.9995660781860352], [[571.3224029541016, 146.72035217285156], [642.0156860351562, 243.02335023880005], 0.99897700548172, 0.999506950378418], [[576.8173217773438, 155.7968294620514], [670.4634094238281, 248.19542169570923], 0.9975059628486633, 0.9995821714401245], [[545.0327682495117, 154.37913179397583], [653.6082458496094, 249.38497066497803], 0.9993992447853088, 0.9991405010223389], [[590.0588226318359, 244.22487258911133], [710.0441741943359, 315.0417137145996], 0.9989063143730164, 0.9998411536216736], [[485.41027069091797, 246.0906171798706], [628.0290985107422, 319.66037034988403], 0.9998595714569092, 0.9997981190681458], [[570.850830078125, 353.8293743133545], [729.5316314697266, 389.8686933517456], 0.5288639664649963, 0.975218653678894], [[477.84271240234375, 367.1235179901123], [587.2589111328125, 379.3179130554199], 0.9876285195350647, 0.7409375309944153], [[582.9094696044922, 446.4319324493408], [739.8641967773438, 453.9352083206177], 0.4086860120296478, 0.8550777435302734], [[506.9835662841797, 468.2998752593994], [526.5659332275391, 404.46892261505127], 0.9303106665611267, 0.792366623878479], [[571.9331741333008, 458.5918664932251], [682.9783630371094, 457.6968240737915], 0.9946139454841614, 0.9983327388763428], [[504.7634506225586, 459.6911430358887], [631.9047164916992, 453.7765073776245], 0.9960060715675354, 0.9987228512763977], [[600.2531051635742, 611.662917137146], [683.0033874511719, 576.7888355255127], 0.8327204585075378, 0.9822524785995483], [[490.30689239501953, 616.3173866271973], [605.4152679443359, 569.1488742828369], 0.8934653401374817, 0.962340235710144], [[605.9207153320312, 743.3530712127686], [675.8110046386719, 685.0043821334839], 0.6964468955993652, 0.9825302958488464], [[477.1279525756836, 753.0947685241699], [580.1310348510742, 675.4841709136963], 0.7266145348548889, 0.9673975110054016]]
6.5 [[[604.166145324707, 168.6508333683014], [635.3642654418945, 251.27946853637695], 0.9990817904472351, 0.9998193979263306], [[605.4024505615234, 154.28457856178284], [647.0285034179688, 240.98944187164307], 0.9982597827911377, 0.9995958209037781], [[590.2054977416992, 151.79913640022278], [633.9545440673828, 242.61550426483154], 0.998742938041687, 0.9995362758636475], [[596.1624908447266, 161.95683360099792], [664.6530151367188, 248.88054370880127], 0.9965499639511108, 0.9996136426925659], [[563.7220001220703, 157.7533721923828], [640.3421783447266, 248.83434534072876], 0.9993061423301697, 0.9991738200187683], [[607.6268768310547, 248.70306730270386], [699.7633361816406, 316.82548999786377], 0.9986827373504639, 0.9998542666435242], [[507.99816131591797, 245.91041564941406], [614.0923309326172, 319.379403591156], 0.9998491406440735, 0.9997913837432861], [[590.046501159668, 351.9976830482483], [728.4555816650391, 387.8738594055176], 0.5060110688209534, 0.977241575717926], [[515.2976226806641, 353.8317346572876], [572.525520324707, 375.40411949157715], 0.9885798692703247, 0.7522376179695129], [[591.1403274536133, 411.0595178604126], [738.7148284912109, 447.6369094848633], 0.40741345286369324, 0.8675333857536316], [[594.6164703369141, 409.6515083312988], [514.1068267822266, 397.8654956817627], 0.9360197186470032, 0.805208146572113], [[581.3517379760742, 458.4902858734131], [673.2731628417969, 460.12789249420166], 0.9948223233222961, 0.9983776807785034], [[516.7906951904297, 457.8883981704712], [620.054931640625, 456.1394262313843], 0.9960871338844299, 0.9986929893493652], [[602.3873138427734, 609.5038032531738], [678.3201599121094, 576.7040348052979], 0.8380751013755798, 0.9826335906982422], [[499.9720764160156, 610.5927801132202], [600.9429168701172, 570.6416416168213], 0.8980684280395508, 0.9644142389297485], [[600.3189086914062, 727.2690868377686], [676.3719940185547, 684.5092248916626], 0.6924708485603333, 0.9826093912124634], [[478.902587890625, 735.2076530456543], [578.1660842895508, 676.6851139068604], 0.7291320562362671, 0.9692134857177734]]
6.6 [[[623.7789154052734, 168.92563104629517], [630.1674270629883, 250.62760591506958], 0.9989942908287048, 0.9998320937156677], [[622.1724700927734, 154.88297939300537], [642.8001403808594, 241.0023808479309], 0.9982426762580872, 0.9996228814125061], [[610.6216430664062, 153.1041383743286], [627.1775436401367, 242.06914901733398], 0.9987008571624756, 0.9995591640472412], [[610.0571441650391, 161.90392971038818], [658.0925750732422, 249.39842462539673], 0.9966345429420471, 0.9996436834335327], [[584.5701217651367, 158.58891248703003], [628.6798858642578, 248.10321807861328], 0.9993088245391846, 0.9991890788078308], [[613.6533355712891, 248.5055923461914], [688.1919860839844, 316.7816090583801], 0.9985401630401611, 0.9998670816421509], [[535.4013824462891, 238.84751558303833], [603.1832122802734, 318.51051807403564], 0.9998308420181274, 0.999773383140564], [[621.3485717773438, 334.197793006897], [716.7452239990234, 388.0327320098877], 0.47407981753349304, 0.9792234301567078], [[580.5974197387695, 314.2014527320862], [562.2732543945312, 376.35310649871826], 0.9895352721214294, 0.7626251578330994], [[650.7435607910156, 361.6498804092407], [728.5206604003906, 447.90611743927], 0.39977526664733887, 0.8794097304344177], [[689.0669250488281, 316.52926683425903], [504.73270416259766, 399.9275779724121], 0.941249668598175, 0.8160131573677063], [[586.7454147338867, 456.9731855392456], [663.7667846679688, 460.8167266845703], 0.9943045973777771, 0.998455286026001], [[534.2336273193359, 456.47468090057373], [611.5421676635742, 456.8714761734009], 0.9956038594245911, 0.9986818432807922], [[601.4588165283203, 608.2653951644897], [671.0078430175781, 576.177806854248], 0.838541567325592, 0.983069121837616], [[507.5999069213867, 610.1964569091797], [594.0491485595703, 571.0610961914062], 0.9049283266067505, 0.9657274484634399], [[600.7630157470703, 725.3272533416748], [673.5063171386719, 685.4755067825317], 0.6948002576828003, 0.982732892036438], [[479.45274353027344, 735.593376159668], [578.8790130615234, 677.9342079162598], 0.7424414157867432, 0.9705495834350586]]
6.7 [[[639.0705490112305, 171.7234754562378], [621.013298034668, 249.08589363098145], 0.9989024996757507, 0.9998456835746765], [[638.2320404052734, 157.1744978427887], [634.9286651611328, 240.62991857528687], 0.9982144832611084, 0.9996523857116699], [[623.6690139770508, 156.2097179889679], [618.1861114501953, 240.5148196220398], 0.9986703991889954, 0.9995914101600647], [[627.7701568603516, 163.80542278289795], [648.8212585449219, 249.42803621292114], 0.9967344403266907, 0.9996737241744995], [[597.3957443237305, 161.75307154655457], [618.6478424072266, 246.40492916107178], 0.9993148446083069, 0.999238908290863], [[644.3206787109375, 245.64449071884155], [676.9385528564453, 316.1302185058594], 0.9982485771179199, 0.9998770952224731], [[551.7036056518555, 235.61214923858643], [590.4340744018555, 316.9246244430542], 0.9997543692588806, 0.9997674226760864], [[670.9808349609375, 315.84217071533203], [695.1697540283203, 389.2974042892456], 0.45252561569213867, 0.9808430671691895], [[619.3271636962891, 276.51248931884766], [552.4089431762695, 377.9547929763794], 0.9904173016548157, 0.768897533416748], [[683.9140319824219, 351.36725664138794], [704.4738006591797, 459.6519613265991], 0.3828853368759155, 0.8885045051574707], [[723.8981628417969, 258.304603099823], [498.5331344604492, 407.9361391067505], 0.945182740688324, 0.8259288668632507], [[614.3452072143555, 454.68249320983887], [648.0612182617188, 459.53797817230225], 0.9943879246711731, 0.9985142350196838], [[554.5195388793945, 453.11501026153564], [598.724250793457, 456.25834465026855], 0.9956297874450684, 0.9986939430236816], [[608.0171966552734, 609.5511388778687], [661.309814453125, 576.1728715896606], 0.8484165072441101, 0.9839550256729126], [[518.6960983276367, 610.2448225021362], [588.3856201171875, 571.0952568054199], 0.9126602411270142, 0.9671804904937744], [[603.5885620117188, 725.0952529907227], [673.0547332763672, 685.5437421798706], 0.710791289806366, 0.9837812185287476], [[480.76656341552734, 734.5168018341064], [578.6637115478516, 677.965407371521], 0.7593361139297485, 0.9723313450813293]]
6.8 [[[655.4076385498047, 173.40227007865906], [614.3753051757812, 249.12449598312378], 0.9989801645278931, 0.9998574256896973], [[654.1349029541016, 159.63659405708313], [626.4467239379883, 241.38971328735352], 0.9983596801757812, 0.9996767640113831], [[642.2117614746094, 157.863450050354], [608.8543701171875, 240.5792999267578], 0.9987761378288269, 0.9996197819709778], [[643.2558441162109, 165.59025049209595], [637.6718902587891, 250.49875259399414], 0.9970227479934692, 0.999697208404541], [[615.3545379638672, 162.6986038684845], [603.992919921875, 246.52584314346313], 0.9993720650672913, 0.9992814064025879], [[658.7593841552734, 246.13147258758545], [665.3799438476562, 316.4056062698364], 0.9980159997940063, 0.9998815059661865], [[568.6305618286133, 235.77473402023315], [576.1872482299805, 316.3688278198242], 0.999671220779419, 0.9997629523277283], [[700.5594635009766, 278.2024312019348], [678.9427947998047, 389.3494176864624], 0.46544408798217773, 0.9815189242362976], [[637.452507019043, 281.2918424606323], [543.0377197265625, 380.2510643005371], 0.9911400079727173, 0.7725406289100647], [[755.2037811279297, 254.3051290512085], [684.2615509033203, 459.51802253723145], 0.41567203402519226, 0.8919469118118286], [[736.2260437011719, 260.0640892982483], [495.6682586669922, 414.3413829803467], 0.9492146968841553, 0.833354651927948], [[624.4125366210938, 456.2747812271118], [636.7759323120117, 457.7477216720581], 0.9945767521858215, 0.9985226988792419], [[566.0535430908203, 453.83830547332764], [585.6852340698242, 455.8254146575928], 0.9957157373428345, 0.9986999034881592], [[614.2255783081055, 609.5774459838867], [650.4642486572266, 573.626446723938], 0.8565446138381958, 0.9848546981811523], [[527.3201370239258, 611.1798191070557], [583.2535552978516, 571.1449098587036], 0.920272946357727, 0.9688645601272583], [[601.7567825317383, 723.4191513061523], [671.9374084472656, 684.356575012207], 0.7217631340026855, 0.9848253130912781], [[488.8613510131836, 730.9693336486816], [578.3958053588867, 678.0849695205688], 0.7777752876281738, 0.9742233157157898]]
6.9 [[[667.3519134521484, 177.25978016853333], [606.6551971435547, 250.80551147460938], 0.9990233778953552, 0.9998698234558105], [[667.0237731933594, 164.58155751228333], [618.104248046875, 243.76366138458252], 0.9984549283981323, 0.999703586101532], [[654.9483489990234, 162.34832882881165], [601.5280151367188, 241.84800624847412], 0.9988512396812439, 0.9996522068977356], [[653.5295104980469, 170.4796600341797], [628.2235717773438, 252.23317623138428], 0.9972282648086548, 0.999721884727478], [[628.991584777832, 166.6352391242981], [595.6036376953125, 247.45856523513794], 0.9994149804115295, 0.9993398785591125], [[660.1976776123047, 252.2507929801941], [653.5195922851562, 316.379599571228], 0.9979006052017212, 0.9998875856399536], [[583.3290863037109, 237.49435186386108], [564.2081832885742, 316.37198209762573], 0.99967360496521, 0.9997786283493042], [[700.6450653076172, 302.51232147216797], [667.0226287841797, 389.77445125579834], 0.4523063898086548, 0.982164204120636], [[645.5613708496094, 300.7184171676636], [537.4466705322266, 385.0444507598877], 0.9919112324714661, 0.783768892288208], [[738.9011383056641, 326.1893606185913], [669.6024322509766, 460.73381423950195], 0.42170482873916626, 0.8941352367401123], [[748.69873046875, 312.2203731536865], [498.9270782470703, 429.45698261260986], 0.953447699546814, 0.8444575667381287], [[630.0522994995117, 460.4374837875366], [623.8261795043945, 457.564172744751], 0.9937270879745483, 0.9985694885253906], [[577.2884368896484, 456.1335039138794], [575.1174163818359, 455.8486747741699], 0.9951028227806091, 0.9987547993659973], [[617.1398162841797, 611.6484975814819], [634.2440795898438, 573.7546348571777], 0.8539646863937378, 0.9857538342475891], [[537.5325393676758, 611.8529033660889], [582.6879119873047, 571.3568258285522], 0.9259070158004761, 0.969551146030426], [[601.624641418457, 724.6061038970947], [667.794189453125, 683.7700939178467], 0.7143926620483398, 0.9858781695365906], [[501.21856689453125, 739.0480613708496], [577.3886871337891, 678.0778884887695], 0.7871915698051453, 0.9756637215614319]]
7.0 [[[674.1349792480469, 178.09557795524597], [596.5219879150391, 248.82456064224243], 0.9989590048789978, 0.9998738765716553], [[673.2279968261719, 165.8118760585785], [607.5528717041016, 242.7613091468811], 0.9982849955558777, 0.9997037053108215], [[660.5387115478516, 163.98886442184448], [590.7665252685547, 241.37409210205078], 0.9987469911575317, 0.9996552467346191], [[661.3448333740234, 172.27769494056702], [620.1625442504883, 251.7630386352539], 0.9969243407249451, 0.9997143745422363], [[636.4606857299805, 168.78299117088318], [584.5665740966797, 247.49285459518433], 0.9993607997894287, 0.9993205070495605], [[666.2195587158203, 256.15840673446655], [646.1189270019531, 315.2144265174866], 0.9978001713752747, 0.9998767375946045], [[588.5042572021484, 242.61507511138916], [552.8602981567383, 316.3459539413452], 0.9996893405914307, 0.9997814893722534], [[675.5857849121094, 344.54476833343506], [655.914306640625, 389.1129970550537], 0.42801085114479065, 0.9815397262573242], [[636.3225173950195, 338.103883266449], [532.72216796875, 390.06258487701416], 0.9921050071716309, 0.789169430732727], [[699.9555969238281, 409.8175048828125], [645.2691650390625, 459.81452465057373], 0.39502620697021484, 0.8924359083175659], [[696.7567443847656, 406.6328001022339], [504.11842346191406, 448.18519592285156], 0.9544596672058105, 0.8480286002159119], [[635.1523590087891, 460.3258180618286], [621.7980194091797, 457.12257385253906], 0.9929935336112976, 0.9984899759292603], [[579.1301727294922, 456.0504627227783], [568.3774566650391, 455.8802604675293], 0.9947125911712646, 0.998781144618988], [[616.7977905273438, 613.6438035964966], [624.3374633789062, 573.6674308776855], 0.8443995118141174, 0.9866622686386108], [[556.6737747192383, 613.6468935012817], [579.9678421020508, 572.2350025177002], 0.9217119812965393, 0.9716677665710449], [[595.6229400634766, 753.0463600158691], [647.7816772460938, 674.8341751098633], 0.6897820830345154, 0.9866337180137634], [[522.3086547851562, 739.4792747497559], [575.8932495117188, 677.6507091522217], 0.7618560791015625, 0.977389395236969]]
7.1 [[[678.1462097167969, 179.92868542671204], [587.841911315918, 248.86760473251343], 0.9990171194076538, 0.9998742938041687], [[679.20654296875, 168.81205558776855], [599.68994140625, 242.75107383728027], 0.9983293414115906, 0.9996951818466187], [[665.0463104248047, 167.24419713020325], [583.2314300537109, 241.38808250427246], 0.9987917542457581, 0.999657928943634], [[671.4857482910156, 176.8621802330017], [613.1433868408203, 251.73228979110718], 0.9969247579574585, 0.9996893405914307], [[643.0116271972656, 174.20710444450378], [578.9574432373047, 247.93365955352783], 0.9993669986724854, 0.9993165731430054], [[683.0870819091797, 264.8645567893982], [639.9176025390625, 314.5188546180725], 0.9978802800178528, 0.9998676776885986], [[589.7332763671875, 246.2067675590515], [548.7221145629883, 315.93671321868896], 0.9997076392173767, 0.9997906684875488], [[674.58251953125, 364.78763580322266], [647.4994659423828, 388.78872871398926], 0.42384690046310425, 0.9787077903747559], [[600.7172393798828, 357.01133251190186], [531.1801147460938, 389.6430015563965], 0.992229163646698, 0.7945102453231812], [[687.5295257568359, 457.34208583831787], [640.1896667480469, 454.2996025085449], 0.400727242231369, 0.8764297366142273], [[620.7161331176758, 463.6109447479248], [510.0271224975586, 452.9778528213501], 0.9561313986778259, 0.8528982996940613], [[646.7028045654297, 465.15589714050293], [617.7241897583008, 454.7217607498169], 0.9927972555160522, 0.9984456896781921], [[591.6327667236328, 460.9574890136719], [565.5927276611328, 454.47272300720215], 0.9947503805160522, 0.9987653493881226], [[625.0571823120117, 611.9792032241821], [610.7811737060547, 573.3837175369263], 0.8317248821258545, 0.9866080284118652], [[596.396484375, 617.1620893478394], [577.0173263549805, 572.2031164169312], 0.9180818796157837, 0.9701379537582397], [[596.2701416015625, 733.3200645446777], [625.3211212158203, 675.4812526702881], 0.6729336380958557, 0.9869720339775085], [[562.0659637451172, 737.406120300293], [575.2365875244141, 676.9761228561401], 0.7559223771095276, 0.9770996570587158]]
7.2 [[[681.4016723632812, 179.9956226348877], [582.0121002197266, 249.20328855514526], 0.9990484714508057, 0.9998686909675598], [[683.6674499511719, 169.76205110549927], [593.8250732421875, 243.03397178649902], 0.9983149766921997, 0.9996706247329712], [[667.8813171386719, 168.04308772087097], [576.6213226318359, 241.94542407989502], 0.9988187551498413, 0.9996404647827148], [[679.5915222167969, 178.97491335868835], [608.3803558349609, 251.889488697052], 0.9967444539070129, 0.9996568560600281], [[649.8769378662109, 176.32902145385742], [573.1699371337891, 249.14080381393433], 0.9993665814399719, 0.9992806315422058], [[689.4107055664062, 266.84677362442017], [635.4966354370117, 314.13268089294434], 0.9978061318397522, 0.999861478805542], [[595.5995941162109, 248.88009309768677], [544.6427536010742, 315.96057415008545], 0.9997286200523376, 0.9997938871383667], [[676.5357971191406, 368.98406982421875], [641.417236328125, 388.63959789276123], 0.400039404630661, 0.9766660332679749], [[588.289909362793, 360.42649269104004], [532.1390533447266, 392.1561670303345], 0.9921870827674866, 0.7955015301704407], [[684.0487670898438, 465.52934646606445], [629.7479248046875, 454.5934009552002], 0.3886800706386566, 0.8633499145507812], [[553.7369918823242, 470.06468296051025], [513.1664276123047, 459.8048257827759], 0.9581666588783264, 0.8509080410003662], [[643.5264587402344, 466.25118255615234], [609.5340728759766, 454.92183208465576], 0.9927061200141907, 0.9983781576156616], [[594.028205871582, 462.67500400543213], [559.2910003662109, 454.48079109191895], 0.9949708580970764, 0.9987239837646484], [[620.4331207275391, 611.8644905090332], [598.0493927001953, 574.4669008255005], 0.8064332008361816, 0.9857925772666931], [[607.0149993896484, 618.6664009094238], [574.7153854370117, 572.9946899414062], 0.9170630574226379, 0.9673869609832764], [[595.8127975463867, 726.6691303253174], [602.2144317626953, 675.9081315994263], 0.6638612151145935, 0.986461341381073], [[563.5568237304688, 753.5893249511719], [576.1067962646484, 678.8975715637207], 0.7619024515151978, 0.9751785397529602]]
7.3 [[[684.3103790283203, 179.97603178024292], [579.0230560302734, 249.21373844146729], 0.9990841150283813, 0.9998534917831421], [[687.7088928222656, 169.86058473587036], [591.5681838989258, 243.02603244781494], 0.9983506798744202, 0.9996228218078613], [[670.4119110107422, 167.64721512794495], [573.1425094604492, 241.91145658493042], 0.998838484287262, 0.9996127486228943], [[684.8138427734375, 179.02735590934753], [606.4918899536133, 251.89189195632935], 0.996769905090332, 0.999586284160614], [[651.4472198486328, 175.42708039283752], [570.0962448120117, 249.2703652381897], 0.9993585348129272, 0.9992263913154602], [[698.7093353271484, 265.33020973205566], [633.3710861206055, 313.91140937805176], 0.9979283213615417, 0.999832272529602], [[594.9637603759766, 249.96540069580078], [541.2124633789062, 316.64013862609863], 0.9997385740280151, 0.999786376953125], [[688.1224822998047, 365.1455497741699], [638.150520324707, 388.089337348938], 0.40529704093933105, 0.970962405204773], [[566.9145965576172, 357.2916769981384], [531.1886596679688, 394.2314672470093], 0.9912889003753662, 0.7880635261535645], [[699.8660278320312, 465.3629207611084], [617.2591400146484, 445.8101749420166], 0.3970099091529846, 0.8253329992294312], [[526.6201782226562, 457.30414867401123], [516.2289428710938, 462.68667697906494], 0.9541319608688354, 0.8320069909095764], [[654.1792297363281, 465.8308267593384], [606.2819290161133, 454.8161745071411], 0.992807924747467, 0.9982707500457764], [[599.0236663818359, 462.93700218200684], [556.0968017578125, 454.4045305252075], 0.9951153993606567, 0.9986315369606018], [[622.6611328125, 610.9430122375488], [593.713264465332, 574.4850540161133], 0.7990104556083679, 0.9848845601081848], [[601.9481658935547, 618.6245584487915], [571.5625762939453, 573.2748413085938], 0.9160226583480835, 0.9609025120735168], [[597.9367828369141, 722.5690841674805], [600.8281326293945, 676.7238664627075], 0.667620062828064, 0.9860047698020935], [[565.9321975708008, 730.7701206207275], [574.8748016357422, 678.8785600662231], 0.7652944922447205, 0.9714597463607788]]
7.4 [[[684.3583679199219, 180.12260913848877], [576.0335540771484, 249.23182725906372], 0.9991506934165955, 0.9998263716697693], [[688.2194519042969, 169.5948314666748], [589.0266799926758, 243.01599025726318], 0.9984574913978577, 0.9995393753051758], [[669.9374389648438, 167.47522115707397], [570.5949020385742, 241.9145679473877], 0.9989213943481445, 0.9995593428611755], [[685.782470703125, 178.8830852508545], [603.6186599731445, 251.90307140350342], 0.9969315528869629, 0.9994795322418213], [[649.2595672607422, 175.25662064552307], [568.2521438598633, 249.49283838272095], 0.9994012713432312, 0.9991398453712463], [[697.4199676513672, 264.78076457977295], [631.9786834716797, 313.8207721710205], 0.9979825615882874, 0.9997867345809937], [[594.9578094482422, 250.75536489486694], [539.63623046875, 317.82387256622314], 0.9997557401657104, 0.9997790455818176], [[688.0510711669922, 362.99351692199707], [637.3630523681641, 389.558629989624], 0.3922853171825409, 0.966946005821228], [[559.0201950073242, 355.39848804473877], [531.2561798095703, 397.36162662506104], 0.9912868142127991, 0.7767844796180725], [[695.0121307373047, 457.7719259262085], [620.8242034912109, 448.14022064208984], 0.3885266184806824, 0.7913272976875305], [[522.9222869873047, 454.27205085754395], [516.3628387451172, 464.6110010147095], 0.953277587890625, 0.8124228119850159], [[654.9151611328125, 464.15034770965576], [604.8026657104492, 455.42763233184814], 0.992853045463562, 0.9980407953262329], [[599.6231079101562, 461.61430835723877], [555.8783721923828, 455.41767597198486], 0.9953504204750061, 0.998511552810669], [[620.9769821166992, 609.2244672775269], [593.1565475463867, 575.114278793335], 0.7961133718490601, 0.9846634268760681], [[600.5007171630859, 617.7330350875854], [571.0533905029297, 573.9292144775391], 0.9195020794868469, 0.9519087672233582], [[598.1279754638672, 719.9106931686401], [599.3769454956055, 679.020266532898], 0.6797561645507812, 0.9849244356155396], [[566.6037750244141, 725.6369304656982], [574.5825958251953, 679.3447923660278], 0.7759298086166382, 0.9671531915664673]]
7.5 [[[682.6232147216797, 179.89772200584412], [575.0759887695312, 249.23620462417603], 0.9991410374641418, 0.9998248219490051], [[685.0093078613281, 169.68034029006958], [587.9326629638672, 242.94899940490723], 0.9983764886856079, 0.9995362162590027], [[668.3599853515625, 167.3753035068512], [569.0689849853516, 241.92012548446655], 0.998856782913208, 0.9995607137680054], [[679.036865234375, 178.88221621513367], [601.2791061401367, 251.81209087371826], 0.9966585040092468, 0.999468207359314], [[646.2960815429688, 174.837144613266], [565.5532073974609, 249.68318939208984], 0.9993283152580261, 0.9991416931152344], [[696.0041809082031, 266.80179834365845], [628.6796188354492, 313.21972131729126], 0.9980934262275696, 0.9997685551643372], [[588.0288696289062, 250.65193891525269], [538.8729095458984, 318.68518352508545], 0.9997615814208984, 0.9997656941413879], [[693.4858703613281, 366.8149995803833], [634.0059661865234, 390.13936042785645], 0.4225612282752991, 0.9633674621582031], [[553.5112380981445, 359.62157249450684], [530.2028274536133, 398.7405824661255], 0.9909950494766235, 0.770519495010376], [[701.6514587402344, 462.908034324646], [618.5857391357422, 453.913836479187], 0.41500380635261536, 0.7643412351608276], [[537.6058959960938, 461.41419410705566], [517.1517181396484, 465.0659465789795], 0.9518536329269409, 0.796707034111023], [[658.1260681152344, 463.90358448028564], [605.854377746582, 454.41624641418457], 0.9927195906639099, 0.9979360103607178], [[593.5612869262695, 461.3097381591797], [556.8601608276367, 455.03697395324707], 0.9954203367233276, 0.9984166026115417], [[624.9907684326172, 609.2703437805176], [595.511474609375, 574.8348999023438], 0.7911394238471985, 0.9839192032814026], [[592.6456451416016, 616.7943906784058], [571.3942718505859, 573.7577676773071], 0.9136152267456055, 0.9432435035705566], [[602.171516418457, 720.3719902038574], [605.3351974487305, 679.3025636672974], 0.6730821132659912, 0.9843230247497559], [[561.9180297851562, 721.7733478546143], [574.7178268432617, 678.9640045166016], 0.7660795450210571, 0.9630060791969299]]
7.6 [[[676.3551330566406, 179.80788946151733], [575.334358215332, 249.48256015777588], 0.9991677403450012, 0.9998196363449097], [[678.739013671875, 169.33640599250793], [587.5360107421875, 243.41696977615356], 0.9983846545219421, 0.9995172619819641], [[662.2810363769531, 167.09662199020386], [568.6880493164062, 242.4197244644165], 0.9988487958908081, 0.9995535612106323], [[672.9453277587891, 178.25722932815552], [599.3086624145508, 251.91933631896973], 0.9966497421264648, 0.9994415640830994], [[639.5702362060547, 174.55692887306213], [564.0200805664062, 250.50838708877563], 0.999302327632904, 0.999138355255127], [[689.7848510742188, 265.89733600616455], [627.2265625, 312.2117257118225], 0.9982162117958069, 0.9997586011886597], [[583.0304718017578, 250.713951587677], [536.3834762573242, 319.23372745513916], 0.9997710585594177, 0.9997720122337341], [[690.7737731933594, 364.8113250732422], [633.4133911132812, 387.92540073394775], 0.44969794154167175, 0.9579278826713562], [[552.3899078369141, 363.1245803833008], [524.7438812255859, 397.73550510406494], 0.9910182356834412, 0.7758224606513977], [[698.917236328125, 469.12994384765625], [622.8521728515625, 452.61478900909424], 0.43939316272735596, 0.7371167540550232], [[547.2076416015625, 464.8705530166626], [512.6482391357422, 462.66539096832275], 0.9521211385726929, 0.7978641986846924], [[655.4029846191406, 463.87410163879395], [606.6206741333008, 454.5097589492798], 0.9927186369895935, 0.9978349208831787], [[589.0690994262695, 460.426025390625], [556.6336059570312, 455.49088954925537], 0.9954668879508972, 0.9983667731285095], [[623.9337921142578, 610.2189445495605], [601.6355133056641, 575.3709125518799], 0.7830778956413269, 0.9834526777267456], [[584.5005416870117, 616.5770673751831], [571.7423248291016, 574.389910697937], 0.9063947200775146, 0.9414705038070679], [[601.6925048828125, 720.7637214660645], [612.6024627685547, 682.8379726409912], 0.6597168445587158, 0.9840844869613647], [[562.4651336669922, 722.9851913452148], [575.3124237060547, 678.9779090881348], 0.7474802136421204, 0.9612804651260376]]
7.7 [[[667.8456878662109, 176.76547050476074], [576.8497467041016, 249.48708772659302], 0.9988231658935547, 0.9998086094856262], [[674.7552490234375, 166.0840344429016], [587.9642868041992, 243.4203600883484], 0.9974223375320435, 0.9994815587997437], [[655.347900390625, 163.45425724983215], [569.3173980712891, 242.84632444381714], 0.9981080889701843, 0.9995373487472534], [[669.7606658935547, 173.37269067764282], [598.2624435424805, 251.8922781944275], 0.9946517944335938, 0.9993919134140015], [[635.1153564453125, 170.5374026298523], [563.6527252197266, 251.0343360900879], 0.9987746477127075, 0.9991248846054077], [[685.1381683349609, 261.5774130821228], [627.0218658447266, 311.2510013580322], 0.9981105923652649, 0.9997323751449585], [[578.6727905273438, 250.67511320114136], [535.6878662109375, 319.883337020874], 0.9997560977935791, 0.9997772574424744], [[683.3760070800781, 364.34805393218994], [634.5163726806641, 386.5243434906006], 0.43935856223106384, 0.9500536918640137], [[554.4984817504883, 361.9843626022339], [521.1528778076172, 397.2599172592163], 0.9899803996086121, 0.7840192317962646], [[681.3182830810547, 459.70792293548584], [628.2100296020508, 450.64613342285156], 0.42185717821121216, 0.7026118636131287], [[556.8706512451172, 461.6192436218262], [510.08216857910156, 461.7702627182007], 0.944258987903595, 0.8010337352752686], [[650.3651428222656, 460.67351818084717], [608.4413909912109, 453.26388359069824], 0.9921393394470215, 0.9977141618728638], [[586.8015670776367, 456.1588668823242], [556.938362121582, 455.43986320495605], 0.9951375722885132, 0.9983197450637817], [[624.0000152587891, 608.6587572097778], [605.6291580200195, 574.0738391876221], 0.7745469212532043, 0.9829568266868591], [[581.5610504150391, 613.2191133499146], [571.2501907348633, 574.131646156311], 0.8928537964820862, 0.940679132938385], [[602.4381256103516, 719.6320009231567], [616.939697265625, 685.1404237747192], 0.647377610206604, 0.983527421951294], [[564.9500274658203, 719.5623064041138], [574.0396118164062, 678.7506294250488], 0.7270084023475647, 0.959891676902771]]
7.8 [[[661.5562438964844, 175.60160636901855], [576.3364791870117, 249.9657654762268], 0.9986768364906311, 0.9998105764389038], [[668.5341644287109, 164.44767236709595], [587.757453918457, 243.83204698562622], 0.9969877004623413, 0.9994842410087585], [[648.6042785644531, 161.78473234176636], [568.8592529296875, 243.64645957946777], 0.997780442237854, 0.9995517730712891], [[665.9413909912109, 171.13380789756775], [598.4598922729492, 252.1233344078064], 0.9939307570457458, 0.9993959069252014], [[627.0074462890625, 169.08198237419128], [563.8140869140625, 251.75863981246948], 0.9984912276268005, 0.9991577863693237], [[683.2723236083984, 260.8288621902466], [629.945068359375, 311.1702561378479], 0.9980389475822449, 0.9996980428695679], [[571.1185455322266, 250.53387880325317], [536.671257019043, 319.8693895339966], 0.9997411370277405, 0.9997863173484802], [[676.0459899902344, 363.5862636566162], [637.3032379150391, 384.9372911453247], 0.44447848200798035, 0.9440220594406128], [[561.0044097900391, 365.33291816711426], [519.6224975585938, 396.84664249420166], 0.9899591207504272, 0.7946594953536987], [[658.3436584472656, 458.2866954803467], [630.1245880126953, 439.5598554611206], 0.41394224762916565, 0.6707237362861633], [[573.2672119140625, 466.1781406402588], [506.7640686035156, 460.07261753082275], 0.9440757632255554, 0.8068413138389587], [[642.9845428466797, 459.0808439254761], [611.2294387817383, 451.753134727478], 0.9918360710144043, 0.997592031955719], [[575.1215744018555, 452.12937355041504], [558.250846862793, 455.02697467803955], 0.9948332905769348, 0.9983209371566772], [[626.3424682617188, 608.5356330871582], [607.661247253418, 572.4137449264526], 0.7819402813911438, 0.983404278755188], [[569.9234008789062, 607.7845287322998], [571.9803619384766, 573.4900617599487], 0.8913072347640991, 0.9425240755081177], [[615.6465530395508, 733.8943576812744], [630.5990600585938, 684.7044467926025], 0.6495459675788879, 0.9837204217910767], [[561.1146926879883, 718.1762266159058], [573.0192947387695, 678.4625816345215], 0.722809374332428, 0.961011528968811]]
7.9 [[[658.0671691894531, 177.20209121704102], [576.9078826904297, 250.22890090942383], 0.9986222982406616, 0.9998195767402649], [[660.7943725585938, 164.64706778526306], [588.6513137817383, 244.05570030212402], 0.9967986941337585, 0.999506413936615], [[644.4922637939453, 163.10909986495972], [569.5767974853516, 243.81584644317627], 0.9976935386657715, 0.9995751976966858], [[651.3668060302734, 171.14957928657532], [599.5914459228516, 252.32632398605347], 0.9936656951904297, 0.9994199275970459], [[621.7670822143555, 170.2328646183014], [564.7097778320312, 251.79479598999023], 0.9983953237533569, 0.9992019534111023], [[667.9479217529297, 260.7983064651489], [631.1595916748047, 311.3254380226135], 0.9978455305099487, 0.9996752142906189], [[569.5685577392578, 251.12802028656006], [537.1483612060547, 319.8392415046692], 0.9997413158416748, 0.9997947812080383], [[658.2220458984375, 362.64251232147217], [638.9271926879883, 385.3109550476074], 0.4327802360057831, 0.941166877746582], [[570.296745300293, 367.5127172470093], [519.3408203125, 396.5687656402588], 0.9903789758682251, 0.8033546209335327], [[638.8901901245117, 457.92624950408936], [632.9073333740234, 441.99392795562744], 0.40007397532463074, 0.6450614929199219], [[592.0966720581055, 468.70396614074707], [505.9099578857422, 459.25572395324707], 0.9470111131668091, 0.8101262450218201], [[630.2186965942383, 456.30327701568604], [611.2172698974609, 451.7530918121338], 0.9913671016693115, 0.9975679516792297], [[566.7241287231445, 450.0142478942871], [557.4526977539062, 455.0025987625122], 0.9945428967475891, 0.9983657002449036], [[633.9978790283203, 603.0550003051758], [613.3534622192383, 571.1262845993042], 0.7856940031051636, 0.9841062426567078], [[564.079475402832, 604.5377254486084], [572.6979827880859, 572.8850841522217], 0.8922114372253418, 0.9459375739097595], [[613.701286315918, 723.96803855896], [647.9558563232422, 682.2365140914917], 0.6470938324928284, 0.9843611121177673], [[560.6381988525391, 719.6290397644043], [573.0428314208984, 678.4312534332275], 0.7246502041816711, 0.9634352326393127]]
8.0 [[[655.3372192382812, 177.22266912460327], [578.3445358276367, 250.22948026657104], 0.9985843300819397, 0.999833345413208], [[656.776123046875, 164.54327702522278], [590.4216766357422, 244.1255235671997], 0.9966990947723389, 0.9995417594909668], [[641.6087341308594, 163.12586903572083], [571.9899749755859, 243.7267541885376], 0.9976050853729248, 0.9996070861816406], [[646.3565063476562, 170.55432200431824], [602.0016479492188, 252.4705195426941], 0.9935608506202698, 0.999460756778717], [[618.1525802612305, 170.22477507591248], [566.6956329345703, 251.347918510437], 0.9983068704605103, 0.9992614388465881], [[661.9830322265625, 259.0548062324524], [632.8061676025391, 311.7531752586365], 0.9978018999099731, 0.9996806383132935], [[566.8390655517578, 250.49913883209229], [537.7721405029297, 319.7016978263855], 0.9997177124023438, 0.9998056888580322], [[651.5048217773438, 356.74978494644165], [640.9762573242188, 387.6765775680542], 0.41782647371292114, 0.9417856931686401], [[570.120849609375, 365.92729568481445], [521.5015411376953, 396.5510416030884], 0.989227294921875, 0.8138932585716248], [[641.4070892333984, 450.2247476577759], [637.6010131835938, 447.5442123413086], 0.37945556640625, 0.6415567994117737], [[584.5743560791016, 464.3693017959595], [507.3772430419922, 459.3521547317505], 0.9406667351722717, 0.818341851234436], [[629.9718475341797, 452.13624000549316], [612.3667526245117, 451.9412326812744], 0.9911172389984131, 0.9976337552070618], [[564.6220016479492, 448.2180690765381], [558.6240768432617, 455.66808700561523], 0.9942815899848938, 0.9984388947486877], [[638.3436965942383, 599.9066877365112], [624.5988845825195, 571.2721109390259], 0.7990171909332275, 0.9851266741752625], [[558.337287902832, 601.0556173324585], [573.0049514770508, 572.8993320465088], 0.8940887451171875, 0.94985431432724], [[622.354736328125, 715.3614950180054], [663.3019256591797, 681.888256072998], 0.6608178615570068, 0.9851472973823547], [[559.3595504760742, 714.7642421722412], [573.5971069335938, 678.1567239761353], 0.7314354181289673, 0.9660374522209167]]
8.1 [[[655.2302551269531, 177.6567256450653], [584.531135559082, 250.2660870552063], 0.9986146688461304, 0.9998472332954407], [[655.3694152832031, 164.6194624900818], [594.6536254882812, 244.35389757156372], 0.9967694282531738, 0.9995773434638977], [[641.4812469482422, 163.4757685661316], [576.2664794921875, 243.61933708190918], 0.9976540803909302, 0.9996392130851746], [[643.5581970214844, 170.5725073814392], [602.7629852294922, 252.79414415359497], 0.9937395453453064, 0.9995004534721375], [[617.3080444335938, 170.38720965385437], [567.8158569335938, 250.96466302871704], 0.9983348250389099, 0.9993209838867188], [[658.3473968505859, 258.35721731185913], [633.9099884033203, 311.7724657058716], 0.9978936910629272, 0.9996953010559082], [[563.5501861572266, 250.23096084594727], [539.2467498779297, 319.4394850730896], 0.9997289776802063, 0.9998186230659485], [[646.8072509765625, 355.345938205719], [644.0737915039062, 387.65052795410156], 0.40794211626052856, 0.9439065456390381], [[561.5751266479492, 364.84848976135254], [523.2291412353516, 396.4134120941162], 0.989204466342926, 0.8259089589118958], [[644.1730499267578, 444.3837547302246], [648.3817291259766, 449.5602035522461], 0.36615362763404846, 0.6473414897918701], [[565.7308197021484, 464.3598175048828], [509.97352600097656, 460.8323907852173], 0.9407232403755188, 0.828935980796814], [[628.2022857666016, 452.12010383605957], [613.2828521728516, 452.0770597457886], 0.9914392232894897, 0.9977194666862488], [[562.4446868896484, 448.7818479537964], [559.264030456543, 455.73065757751465], 0.994420051574707, 0.9985107183456421], [[645.6684875488281, 591.8129396438599], [633.6034393310547, 571.3680267333984], 0.8102370500564575, 0.9859637022018433], [[554.0332794189453, 596.5303230285645], [573.0646896362305, 572.9302310943604], 0.8981001377105713, 0.9529146552085876], [[644.0459442138672, 710.3791952133179], [671.5015411376953, 681.930742263794], 0.6756974458694458, 0.9856966733932495], [[559.031982421875, 707.9977369308472], [573.9327239990234, 677.9658794403076], 0.7422645688056946, 0.9680600166320801]]
8.2 [[[655.3759765625, 177.80956864356995], [595.0956344604492, 250.26851177215576], 0.998418927192688, 0.9998612999916077], [[654.9996948242188, 164.62477326393127], [604.2724609375, 244.38599824905396], 0.9964553713798523, 0.9996151328086853], [[641.5457916259766, 163.52570056915283], [586.7214202880859, 243.5208034515381], 0.9972818493843079, 0.9996715784072876], [[642.3252868652344, 170.59028506278992], [611.524543762207, 252.82379865646362], 0.9934278726577759, 0.999544084072113], [[617.493896484375, 170.3529953956604], [575.4031372070312, 250.74697494506836], 0.9979996085166931, 0.9993809461593628], [[654.2694091796875, 257.95859813690186], [639.606819152832, 313.6607623100281], 0.9978812336921692, 0.999714732170105], [[563.7446212768555, 250.17341136932373], [541.54296875, 317.6535630226135], 0.9997107982635498, 0.9998316764831543], [[644.2426300048828, 352.7209997177124], [651.2422180175781, 390.57525157928467], 0.3928624987602234, 0.9466419816017151], [[554.8739624023438, 363.8588619232178], [524.1025924682617, 396.35470390319824], 0.9879884123802185, 0.837043046951294], [[646.5448760986328, 443.9916801452637], [661.2271881103516, 460.41812896728516], 0.351024329662323, 0.662460207939148], [[545.3491973876953, 464.3881416320801], [515.7039260864258, 461.48401737213135], 0.9382328987121582, 0.839127779006958], [[628.2625198364258, 451.9464683532715], [613.5091018676758, 453.6190938949585], 0.9910446405410767, 0.9978578090667725], [[563.2721710205078, 451.13446712493896], [559.4276809692383, 456.24946117401123], 0.9940819144248962, 0.9985998272895813], [[650.0254821777344, 593.819146156311], [637.5777435302734, 571.4359617233276], 0.808756411075592, 0.9868072867393494], [[554.5051193237305, 598.2946586608887], [573.311653137207, 573.1619310379028], 0.8962070345878601, 0.9560935497283936], [[658.2850646972656, 711.4006233215332], [672.8896331787109, 682.0585441589355], 0.6684461832046509, 0.9863244295120239], [[558.05908203125, 715.7370042800903], [573.9741897583008, 677.5162982940674], 0.7389397025108337, 0.9700657725334167]]
8.3 [[[654.6754455566406, 177.82315135002136], [604.2788696289062, 250.29868125915527], 0.9984668493270874, 0.9998738169670105], [[655.1276397705078, 164.70356583595276], [615.0455856323242, 244.72743272781372], 0.9965493679046631, 0.9996485710144043], [[640.8126831054688, 163.44436526298523], [596.5199661254883, 243.14913511276245], 0.9973235726356506, 0.9997003078460693], [[647.9859161376953, 170.94064593315125], [621.2605667114258, 253.19284915924072], 0.99364173412323, 0.9995824694633484], [[617.153205871582, 170.27757167816162], [585.2165985107422, 250.08541345596313], 0.998015820980072, 0.9994343519210815], [[663.6813354492188, 258.04039478302], [646.0165405273438, 315.02963304519653], 0.9979991912841797, 0.9997315406799316], [[563.895378112793, 248.50696563720703], [547.2554397583008, 316.7635416984558], 0.9997227191925049, 0.9998416304588318], [[651.8085479736328, 354.5879888534546], [664.6243286132812, 390.9757375717163], 0.4048180878162384, 0.9496892094612122], [[549.2546463012695, 363.17848205566406], [527.2454833984375, 396.26582622528076], 0.987007737159729, 0.8472761511802673], [[663.4483337402344, 450.56609630584717], [668.5020446777344, 463.97478103637695], 0.3562226891517639, 0.679658830165863], [[527.4973297119141, 464.01246070861816], [522.5661468505859, 462.90640354156494], 0.9361082911491394, 0.8487499356269836], [[637.2669219970703, 452.09375381469727], [617.5844192504883, 455.61851978302], 0.9914184212684631, 0.9979634284973145], [[565.6307983398438, 452.3537349700928], [560.7169342041016, 457.07961559295654], 0.9943934082984924, 0.9986638426780701], [[653.077392578125, 594.7288656234741], [639.9074554443359, 573.027777671814], 0.8137220144271851, 0.9874813556671143], [[555.3495025634766, 598.6666917800903], [574.1294097900391, 574.3815422058105], 0.8993824124336243, 0.9583157300949097], [[659.8412322998047, 712.0584726333618], [673.4584045410156, 683.3884477615356], 0.6722264885902405, 0.9866306781768799], [[557.4161529541016, 717.6139497756958], [574.0851974487305, 677.5075006484985], 0.7432607412338257, 0.9711543917655945]]
8.4 [[[659.0328979492188, 177.6798141002655], [616.1309051513672, 249.68979835510254], 0.9985374808311462, 0.9998847842216492], [[661.6300201416016, 164.7038447856903], [626.42578125, 244.24184560775757], 0.9967047572135925, 0.999677836894989], [[644.3466949462891, 163.43759536743164], [607.5925827026367, 242.7480697631836], 0.9974564909934998, 0.9997256398200989], [[657.2657775878906, 171.18618607521057], [631.5245819091797, 252.17170000076294], 0.993895947933197, 0.999614953994751], [[621.6212844848633, 170.12286186218262], [597.723274230957, 249.69443321228027], 0.9981236457824707, 0.9994837641716003], [[671.0177612304688, 258.019323348999], [654.9384307861328, 314.91371870040894], 0.9980313181877136, 0.9997481107711792], [[570.8567047119141, 248.80428314208984], [560.4936599731445, 313.86847257614136], 0.9997354745864868, 0.9998518228530884], [[658.4114074707031, 354.9617385864258], [671.9356536865234, 390.920033454895], 0.4015530049800873, 0.9520342350006104], [[550.081901550293, 362.9647207260132], [535.5925750732422, 390.5083465576172], 0.9871622920036316, 0.8595063090324402], [[667.2811889648438, 450.07046699523926], [672.874755859375, 463.74651432037354], 0.35279080271720886, 0.7010680437088013], [[533.9160919189453, 465.24022579193115], [527.7246856689453, 456.4391040802002], 0.9379567503929138, 0.8601499199867249], [[642.8529357910156, 451.8227434158325], [628.6821746826172, 455.65006256103516], 0.9918279051780701, 0.998056948184967], [[573.235969543457, 452.11907386779785], [571.309814453125, 456.39172554016113], 0.9947386980056763, 0.9987223744392395], [[653.8481140136719, 595.8568096160889], [643.9635467529297, 574.082293510437], 0.8232493996620178, 0.9879630208015442], [[558.8539505004883, 599.521222114563], [578.7934494018555, 575.2243137359619], 0.9035226106643677, 0.9610101580619812], [[660.8702850341797, 712.9534721374512], [672.9904937744141, 686.0982084274292], 0.6869950294494629, 0.9867222309112549], [[558.7448120117188, 717.7783155441284], [574.205207824707, 677.7834033966064], 0.7527320981025696, 0.9724738597869873]]
8.5 [[[663.531494140625, 177.50809907913208], [629.0692138671875, 249.34924364089966], 0.9986611604690552, 0.9998940825462341], [[670.9198760986328, 164.88399267196655], [640.1036071777344, 243.92523765563965], 0.9969742298126221, 0.9997019171714783], [[649.4011688232422, 163.44179034233093], [620.4747772216797, 242.17180252075195], 0.9976758360862732, 0.9997476935386658], [[672.9435729980469, 172.64057636260986], [645.2146148681641, 251.72844886779785], 0.9943482279777527, 0.9996387958526611], [[630.5803298950195, 170.11685371398926], [612.5580596923828, 248.8875389099121], 0.9982865452766418, 0.9995288848876953], [[687.9306793212891, 260.7024550437927], [667.1185302734375, 314.8591089248657], 0.9981063008308411, 0.999754011631012], [[579.0192794799805, 250.17671585083008], [575.6343460083008, 312.16458320617676], 0.9997540712356567, 0.9998622536659241], [[672.7198028564453, 360.798397064209], [680.3309631347656, 389.4300127029419], 0.39921095967292786, 0.9510667324066162], [[554.6753692626953, 366.521372795105], [543.6849975585938, 376.7177152633667], 0.9874051809310913, 0.8711899518966675], [[674.7985076904297, 450.04600524902344], [681.4639282226562, 460.3899335861206], 0.35266461968421936, 0.7103765606880188], [[547.9091644287109, 476.1305093765259], [541.9594192504883, 426.2517213821411], 0.9395348429679871, 0.8710707426071167], [[654.7536468505859, 454.6203088760376], [639.6267700195312, 455.7169246673584], 0.9923790693283081, 0.9981541037559509], [[587.8767013549805, 452.82095432281494], [584.0497589111328, 455.05946159362793], 0.9951255321502686, 0.9987961053848267], [[658.3464050292969, 596.5576601028442], [653.4685516357422, 574.1543483734131], 0.8298140168190002, 0.9884834289550781], [[573.3507537841797, 599.5694160461426], [584.151611328125, 575.2090358734131], 0.9071817994117737, 0.964107096195221], [[661.0563659667969, 713.3782911300659], [672.9109191894531, 689.3105506896973], 0.6991751194000244, 0.9869002103805542], [[561.1358642578125, 713.0050134658813], [574.4718551635742, 677.7861928939819], 0.7604068517684937, 0.9742663502693176]]
8.6 [[[675.4662322998047, 176.87546253204346], [641.8084716796875, 247.85117626190186], 0.9987823367118835, 0.9999021887779236], [[683.1650543212891, 165.01410126686096], [653.2230377197266, 243.03852081298828], 0.9972469806671143, 0.9997245669364929], [[660.9854888916016, 163.47192764282227], [633.680305480957, 238.80595207214355], 0.9978895783424377, 0.9997689127922058], [[684.970703125, 173.56823444366455], [658.1105041503906, 251.0496997833252], 0.9948377013206482, 0.9996650815010071], [[644.490966796875, 170.48150539398193], [624.9342727661133, 244.66617107391357], 0.9984458088874817, 0.9995703101158142], [[696.8626403808594, 262.16400146484375], [676.8547058105469, 314.8180603981018], 0.9981464743614197, 0.9997395873069763], [[592.1945953369141, 250.43392896652222], [579.3325805664062, 311.94811820983887], 0.9997717142105103, 0.9998610019683838], [[684.4619750976562, 360.7745361328125], [687.4860382080078, 391.23082637786865], 0.3842986226081848, 0.9511294364929199], [[583.0731964111328, 365.9381103515625], [547.7474212646484, 380.06614208221436], 0.9871146082878113, 0.8810859322547913], [[684.5992279052734, 448.61958503723145], [688.7503051757812, 461.8915843963623], 0.34234321117401123, 0.7221914529800415], [[589.5620727539062, 472.90520668029785], [566.6782760620117, 376.0211992263794], 0.9383524656295776, 0.8821201920509338], [[665.5478668212891, 456.3176107406616], [644.937744140625, 455.1001024246216], 0.9927475452423096, 0.9982007741928101], [[602.5595092773438, 453.61656188964844], [589.8740768432617, 452.79786586761475], 0.9954462647438049, 0.9988322257995605], [[663.0858612060547, 596.9742393493652], [662.6679229736328, 574.4724798202515], 0.8339310884475708, 0.9888092279434204], [[584.5456695556641, 598.9911317825317], [586.9851684570312, 575.2579164505005], 0.912581741809845, 0.9663944244384766], [[662.4118041992188, 713.3969163894653], [674.4970703125, 689.3024826049805], 0.710412859916687, 0.9868945479393005], [[567.7742767333984, 713.8394594192505], [574.561653137207, 678.4664869308472], 0.7725509405136108, 0.9756726622581482]]
8.7 [[[693.521728515625, 176.90189838409424], [644.2974853515625, 247.335205078125], 0.9988666772842407, 0.999908983707428], [[699.4972991943359, 166.12211108207703], [655.1548767089844, 241.8253254890442], 0.9974395632743835, 0.9997450113296509], [[678.6604309082031, 163.72369050979614], [638.7862014770508, 238.42711687088013], 0.9980401396751404, 0.9997853636741638], [[698.6970520019531, 174.97838973999023], [663.3146667480469, 249.72565412521362], 0.9951635003089905, 0.9996934533119202], [[659.2814636230469, 170.7078194618225], [634.3985748291016, 244.7192144393921], 0.9985561966896057, 0.9996014833450317], [[709.7628784179688, 264.01564836502075], [685.5323028564453, 311.6447710990906], 0.9981480836868286, 0.9997538328170776], [[603.5025024414062, 250.40953159332275], [600.9220123291016, 309.79668617248535], 0.9997791647911072, 0.9998388886451721], [[696.268310546875, 360.78457832336426], [693.3189392089844, 390.471568107605], 0.3850051164627075, 0.9548895359039307], [[603.2867431640625, 364.22385692596436], [567.9172897338867, 351.6839075088501], 0.9861356019973755, 0.8903489708900452], [[697.3479461669922, 444.6261405944824], [693.3809661865234, 462.01676845550537], 0.33951398730278015, 0.7468603849411011], [[610.5097198486328, 468.1785535812378], [591.2511444091797, 327.8928852081299], 0.9314051270484924, 0.8921966552734375], [[674.1331481933594, 457.3490810394287], [658.5951232910156, 455.0219964981079], 0.9930573105812073, 0.9982975125312805], [[610.341911315918, 453.48060607910156], [605.153694152832, 452.77421951293945], 0.9957090020179749, 0.9988903999328613], [[668.9025115966797, 599.4431591033936], [667.7151489257812, 574.4454860687256], 0.8436509966850281, 0.9894629716873169], [[587.223014831543, 599.0422868728638], [593.3144378662109, 575.4622793197632], 0.9191946983337402, 0.9688276648521423], [[665.9369659423828, 713.7201547622681], [674.6078491210938, 689.9868965148926], 0.7294171452522278, 0.9872778654098511], [[566.0372924804688, 714.4420766830444], [575.5116653442383, 678.7798976898193], 0.7893196940422058, 0.9773855209350586]]
8.8 [[[702.1974182128906, 177.1675443649292], [651.5238952636719, 247.514226436615], 0.9989481568336487, 0.9999134540557861], [[710.6353759765625, 168.4205174446106], [663.7702941894531, 241.38293266296387], 0.9976195693016052, 0.9997633695602417], [[689.0961456298828, 163.9970827102661], [646.0802459716797, 238.5439109802246], 0.9981808066368103, 0.9997926950454712], [[710.7835388183594, 177.9548156261444], [672.2293853759766, 248.934166431427], 0.9954289197921753, 0.9997203946113586], [[670.4264068603516, 170.72140216827393], [643.1855773925781, 244.88070487976074], 0.9986547827720642, 0.9996116161346436], [[714.2900848388672, 265.0263047218323], [695.5681610107422, 311.83331966400146], 0.9981218576431274, 0.9997676014900208], [[615.3897857666016, 248.50775957107544], [616.7558670043945, 307.3270583152771], 0.999783992767334, 0.9996870756149292], [[700.5095672607422, 361.2368631362915], [704.5609283447266, 390.88982105255127], 0.37318339943885803, 0.9584717154502869], [[616.9089889526367, 359.2988061904907], [589.9808502197266, 332.5315833091736], 0.9839524626731873, 0.8963834643363953], [[705.4896545410156, 445.86570739746094], [710.0123596191406, 461.9517946243286], 0.3308972418308258, 0.7680215835571289], [[624.5679473876953, 461.4553928375244], [633.6408615112305, 284.9544310569763], 0.9236968159675598, 0.8929082751274109], [[681.1314392089844, 457.12459087371826], [663.1626892089844, 455.0035858154297], 0.9933419823646545, 0.9984212517738342], [[620.39794921875, 452.6029872894287], [612.0833587646484, 451.7719316482544], 0.9958981871604919, 0.9989601373672485], [[671.6492462158203, 600.729546546936], [674.1043853759766, 575.8855533599854], 0.850202739238739, 0.9898428320884705], [[595.0977325439453, 596.1223268508911], [597.6070404052734, 575.505838394165], 0.9240522980690002, 0.971386194229126], [[668.2768249511719, 713.8170146942139], [675.3752899169922, 690.7979106903076], 0.7436290979385376, 0.9877132177352905], [[567.0847320556641, 713.6746215820312], [576.3913726806641, 679.7333908081055], 0.8024092316627502, 0.9791059494018555]]
8.9 [[[713.5734558105469, 178.75145316123962], [665.9934997558594, 251.91648244857788], 0.9990401268005371, 0.9999197721481323], [[720.0643157958984, 170.41958928108215], [676.3240051269531, 242.86705255508423], 0.9978241920471191, 0.9997828006744385], [[699.4648742675781, 165.0878620147705], [657.5891876220703, 241.67834043502808], 0.9983447194099426, 0.999806821346283], [[718.1652069091797, 179.51045393943787], [685.4689025878906, 250.03936529159546], 0.9957903027534485, 0.9997459053993225], [[679.6617126464844, 171.04780554771423], [649.3199920654297, 248.26964378356934], 0.9987784624099731, 0.9996381402015686], [[717.9405212402344, 265.2797842025757], [706.8929290771484, 312.9392695426941], 0.9980852007865906, 0.9997829794883728], [[625.38330078125, 246.9514775276184], [623.797492980957, 306.19158267974854], 0.9997992515563965, 0.9996391534805298], [[704.0142822265625, 362.62946605682373], [712.8505706787109, 391.88640117645264], 0.3563366234302521, 0.9612964987754822], [[618.9035797119141, 358.27733516693115], [604.9522018432617, 334.9348211288452], 0.9844447374343872, 0.9034644961357117], [[711.3649749755859, 446.5373754501343], [719.1917419433594, 464.7464847564697], 0.32508760690689087, 0.7878314256668091], [[622.1686935424805, 463.8387393951416], [645.2748107910156, 290.9049654006958], 0.9267889857292175, 0.9007158875465393], [[684.8831176757812, 458.16734790802], [673.4510803222656, 456.53995513916016], 0.9936708807945251, 0.9985376000404358], [[628.3515548706055, 452.7231502532959], [620.2742385864258, 451.8800354003906], 0.9961673617362976, 0.9990322589874268], [[676.9681549072266, 603.746452331543], [680.8164215087891, 578.3679056167603], 0.8475309014320374, 0.9904960989952087], [[596.7398834228516, 596.8881940841675], [603.0034637451172, 575.9634876251221], 0.9269015192985535, 0.9738445281982422], [[672.2946166992188, 715.3575468063354], [675.6813049316406, 693.0097246170044], 0.7439757585525513, 0.9883483648300171], [[568.1755828857422, 713.8726758956909], [577.1958541870117, 679.9983930587769], 0.8098490238189697, 0.9807484149932861]]
9.0 [[[716.6059875488281, 180.25049686431885], [675.9994506835938, 253.55859518051147], 0.9991274476051331, 0.9999247789382935], [[724.5017242431641, 172.52395391464233], [685.8598327636719, 244.21247005462646], 0.998020589351654, 0.999798059463501], [[703.6097717285156, 166.70397877693176], [669.2797088623047, 244.80558156967163], 0.9984992742538452, 0.9998190402984619], [[725.1203155517578, 181.93322896957397], [695.0077819824219, 251.68237924575806], 0.9961497187614441, 0.9997660517692566], [[685.4426574707031, 172.66996264457703], [663.4981536865234, 251.09355926513672], 0.9988940358161926, 0.9996604919433594], [[728.7209320068359, 269.03719425201416], [715.9513854980469, 315.741662979126], 0.9980685114860535, 0.9997846484184265], [[629.2619705200195, 246.9819688796997], [633.5597610473633, 306.79739713668823], 0.9998141527175903, 0.9996227025985718], [[710.5625915527344, 365.85399627685547], [722.5605010986328, 395.4081630706787], 0.3422752320766449, 0.9631938338279724], [[614.1550445556641, 359.19950008392334], [609.3549728393555, 340.1256465911865], 0.9851702451705933, 0.909662663936615], [[719.3454742431641, 448.94883155822754], [728.4575653076172, 468.40270042419434], 0.321982741355896, 0.8037764430046082], [[614.9801635742188, 464.2119312286377], [642.6509857177734, 311.1071705818176], 0.9306442141532898, 0.9066342711448669], [[690.9090423583984, 459.53819274902344], [683.0206298828125, 458.786358833313], 0.9939652681350708, 0.9986136555671692], [[632.5668334960938, 453.12097549438477], [630.0574493408203, 453.03587436676025], 0.9964179992675781, 0.9990842938423157], [[678.5134124755859, 604.1200733184814], [687.5149536132812, 579.2741060256958], 0.850249171257019, 0.9910433888435364], [[601.5520095825195, 599.0137481689453], [606.8704986572266, 576.0464000701904], 0.9304912090301514, 0.9760048985481262], [[672.1441650390625, 715.3468179702759], [677.1807098388672, 692.6955413818359], 0.7509093880653381, 0.98891681432724], [[569.1670608520508, 713.9447736740112], [577.9776763916016, 679.9741888046265], 0.8186819553375244, 0.9822568297386169]]
9.1 [[[718.4161376953125, 180.37759065628052], [679.0658569335938, 252.6808476448059], 0.9992026090621948, 0.9999296069145203], [[727.6103210449219, 172.74914145469666], [688.7950897216797, 242.92724132537842], 0.9981856942176819, 0.9998108148574829], [[704.6968841552734, 167.2874879837036], [671.2965393066406, 244.64576482772827], 0.9986308813095093, 0.9998317360877991], [[730.40771484375, 182.44259119033813], [699.1111755371094, 250.8532977104187], 0.9964419603347778, 0.9997807741165161], [[688.3540344238281, 173.41938257217407], [664.8502349853516, 251.02656841278076], 0.9989894032478333, 0.9996863603591919], [[738.8340759277344, 270.6835126876831], [723.4511566162109, 316.55707597732544], 0.9981455206871033, 0.9997705817222595], [[632.8109741210938, 245.97983121871948], [634.5646286010742, 306.71459197998047], 0.9998244643211365, 0.9996456503868103], [[726.8382263183594, 367.17681884765625], [728.2197570800781, 395.678915977478], 0.3509800136089325, 0.9606081247329712], [[617.7201461791992, 358.3400344848633], [617.5321197509766, 350.9374165534973], 0.9845850467681885, 0.9149551391601562], [[736.7683410644531, 449.61097240448], [736.3773345947266, 470.81591606140137], 0.3332919180393219, 0.8109303116798401], [[612.1178436279297, 460.5874300003052], [638.1160354614258, 335.11178255081177], 0.9290787577629089, 0.9137716889381409], [[702.2025299072266, 458.9240312576294], [697.0497131347656, 458.6285591125488], 0.9943857789039612, 0.9986869096755981], [[636.0488891601562, 451.36483669281006], [642.3875427246094, 453.0546283721924], 0.9966895580291748, 0.9991439580917358], [[685.6540679931641, 604.1008472442627], [694.7238159179688, 580.1097536087036], 0.8602932691574097, 0.9912735819816589], [[608.6306762695312, 598.5253715515137], [612.0304107666016, 575.5096578598022], 0.9354857802391052, 0.9777114391326904], [[673.4651947021484, 714.1113710403442], [679.190673828125, 692.9898548126221], 0.7679541110992432, 0.9889960885047913], [[569.0409088134766, 710.6519222259521], [584.2232513427734, 680.2052450180054], 0.8317512273788452, 0.9834438562393188]]
9.2 [[[719.6957397460938, 180.8980894088745], [682.3186492919922, 251.13589525222778], 0.9992727041244507, 0.9999343752861023], [[729.5965576171875, 173.02736163139343], [691.7817687988281, 241.7149257659912], 0.9983413815498352, 0.9998214840888977], [[705.9481048583984, 168.30288648605347], [674.3083190917969, 243.7334704399109], 0.9987534880638123, 0.9998396039009094], [[734.1056823730469, 182.69729375839233], [704.2626190185547, 250.5877161026001], 0.9967281222343445, 0.9997926950454712], [[691.4682006835938, 174.74571347236633], [669.6519470214844, 250.92803478240967], 0.9990784525871277, 0.9997015595436096], [[750.0690460205078, 271.638400554657], [733.3892059326172, 317.9345726966858], 0.9982362389564514, 0.9997832775115967], [[635.9818267822266, 246.97716236114502], [641.3681030273438, 308.1830048561096], 0.9998353123664856, 0.9996691942214966], [[741.8387603759766, 367.99126625061035], [743.8568878173828, 398.09165954589844], 0.37515929341316223, 0.9635583162307739], [[613.752555847168, 360.3194189071655], [625.5153274536133, 359.5725417137146], 0.9845137596130371, 0.9164002537727356], [[752.3264312744141, 450.2112293243408], [747.6910400390625, 470.8418369293213], 0.35468167066574097, 0.8267268538475037], [[608.5811233520508, 460.750937461853], [623.746337890625, 407.8330135345459], 0.92946857213974, 0.9167304635047913], [[707.0195007324219, 458.8793134689331], [705.7914733886719, 458.570237159729], 0.9947700500488281, 0.998705267906189], [[637.0831298828125, 450.8474922180176], [648.5540771484375, 452.5362968444824], 0.9969460964202881, 0.9991494417190552], [[692.2676849365234, 604.0827798843384], [697.7895355224609, 580.04319190979], 0.8702017068862915, 0.991116464138031], [[612.310676574707, 598.5443830490112], [619.906120300293, 572.6635551452637], 0.940415620803833, 0.979066789150238], [[675.3324890136719, 710.1557779312134], [679.6224975585938, 692.8672027587891], 0.7849300503730774, 0.9888006448745728], [[570.5857467651367, 708.1294441223145], [606.9830322265625, 680.1921558380127], 0.8442893624305725, 0.9840129613876343]]
9.3 [[[722.1458435058594, 181.7941188812256], [689.0645599365234, 250.46804666519165], 0.9993386268615723, 0.9999339580535889], [[732.4038696289062, 173.40684056282043], [700.9378051757812, 241.73505306243896], 0.9984875917434692, 0.9998083710670471], [[709.68505859375, 168.88537645339966], [682.42919921875, 243.06225299835205], 0.9988675713539124, 0.9998360276222229], [[737.4771118164062, 183.6198878288269], [711.8834686279297, 251.03330612182617], 0.9970057606697083, 0.9997606873512268], [[693.0416107177734, 175.37482023239136], [675.8900451660156, 250.8818793296814], 0.999161958694458, 0.9997056722640991], [[754.2073822021484, 272.2952198982239], [737.6918029785156, 319.0372610092163], 0.99833744764328, 0.9997704029083252], [[637.9872512817383, 250.66378355026245], [639.8859405517578, 311.6925358772278], 0.9998447895050049, 0.999696671962738], [[746.6935729980469, 367.6047706604004], [745.2379608154297, 399.8650932312012], 0.40786707401275635, 0.9638396501541138], [[613.7886428833008, 360.5363130569458], [614.7166061401367, 383.13703536987305], 0.9846658110618591, 0.9229341745376587], [[760.2439117431641, 449.57183361053467], [747.7900695800781, 473.17771911621094], 0.3812611997127533, 0.8298320770263672], [[607.9551315307617, 459.0390872955322], [614.722900390625, 452.12950229644775], 0.9302188754081726, 0.9221423864364624], [[711.6416931152344, 458.5037612915039], [706.7978668212891, 458.7181234359741], 0.995072066783905, 0.9986086487770081], [[638.4455108642578, 449.72856044769287], [648.0709838867188, 453.24182510375977], 0.9971615672111511, 0.9991288185119629], [[693.5630798339844, 604.1867637634277], [697.4978637695312, 580.5724668502808], 0.8800402283668518, 0.9898513555526733], [[611.4266204833984, 598.6239051818848], [632.3002243041992, 572.6931667327881], 0.9445952773094177, 0.9789732098579407], [[675.9986877441406, 707.483696937561], [681.7182922363281, 692.6873016357422], 0.7994771003723145, 0.9865703582763672], [[572.6572418212891, 706.5706300735474], [631.9783401489258, 680.976390838623], 0.8543779850006104, 0.982017457485199]]
9.4 [[[720.0631713867188, 181.97251796722412], [692.7371978759766, 250.4251742362976], 0.9993902444839478, 0.9999361634254456], [[729.7023010253906, 173.25562834739685], [704.3498229980469, 242.15450763702393], 0.9986010193824768, 0.9998100399971008], [[707.3500823974609, 168.8866424560547], [685.5476379394531, 242.9814648628235], 0.9989572763442993, 0.9998399019241333], [[734.3919372558594, 183.38460445404053], [712.9925537109375, 251.57013416290283], 0.9972197413444519, 0.9997544288635254], [[689.1148376464844, 175.74058771133423], [677.8207397460938, 250.58531284332275], 0.9992259740829468, 0.9997178316116333], [[752.4119567871094, 272.5221562385559], [739.2796325683594, 320.4298424720764], 0.998400092124939, 0.9997791647911072], [[634.6041870117188, 252.7337622642517], [637.5094604492188, 314.20812606811523], 0.9998477101325989, 0.9997215270996094], [[747.0427703857422, 367.4773120880127], [747.0774841308594, 401.75010681152344], 0.436011403799057, 0.9642762541770935], [[611.2509918212891, 360.53669929504395], [611.8547821044922, 391.47329807281494], 0.983911395072937, 0.9283598065376282], [[755.5229949951172, 449.5780563354492], [746.1986541748047, 475.058913230896], 0.3912825882434845, 0.8325992226600647], [[606.4261627197266, 453.7659502029419], [610.5613327026367, 463.60909938812256], 0.9237391352653503, 0.925361156463623], [[708.8889312744141, 456.5764331817627], [707.7659606933594, 460.34860610961914], 0.995185136795044, 0.9986159801483154], [[635.3502655029297, 446.6921281814575], [649.6192932128906, 456.05565547943115], 0.9972928166389465, 0.9991183280944824], [[693.5166931152344, 604.168267250061], [698.8217163085938, 582.0000457763672], 0.8884450793266296, 0.9884247779846191], [[610.4130172729492, 597.7189922332764], [644.7621154785156, 575.9174394607544], 0.9478821754455566, 0.9771666526794434], [[676.7784881591797, 708.1463527679443], [680.8946228027344, 692.5580406188965], 0.8119959831237793, 0.9845730066299438], [[574.2330932617188, 706.353349685669], [646.3111877441406, 683.9893054962158], 0.861702024936676, 0.9786524772644043]]
9.5 [[[716.3066101074219, 181.91814422607422], [692.1028900146484, 250.384361743927], 0.9994352459907532, 0.9999398589134216], [[725.5351257324219, 173.13971400260925], [703.4864807128906, 242.19783067703247], 0.9987049102783203, 0.9998194575309753], [[703.6211395263672, 168.8626527786255], [685.1139831542969, 242.79109239578247], 0.9990360736846924, 0.9998478889465332], [[729.9085998535156, 183.2957911491394], [712.5955963134766, 251.77426099777222], 0.9974111914634705, 0.9997620582580566], [[685.2043151855469, 175.68864941596985], [677.9271697998047, 250.07826805114746], 0.9992828369140625, 0.9997332692146301], [[745.4127502441406, 272.9902124404907], [738.6991882324219, 320.6680655479431], 0.998422384262085, 0.9997864365577698], [[630.4792404174805, 252.91173219680786], [638.1397247314453, 315.7793855667114], 0.9998496174812317, 0.9997414946556091], [[739.6337127685547, 368.64593982696533], [746.4873504638672, 402.091326713562], 0.4475383758544922, 0.9640361070632935], [[610.4115676879883, 359.5164728164673], [618.2838821411133, 393.11420917510986], 0.9820367097854614, 0.9316449761390686], [[744.2183685302734, 452.890305519104], [746.4518737792969, 475.2921152114868], 0.38162338733673096, 0.8327878713607788], [[599.4171905517578, 444.8998546600342], [610.34423828125, 462.58028984069824], 0.9070653915405273, 0.9264563322067261], [[702.9597473144531, 456.640419960022], [710.2077484130859, 460.52897930145264], 0.9953110814094543, 0.9986149072647095], [[632.1884918212891, 446.6733741760254], [653.1449890136719, 456.99769020080566], 0.9974105954170227, 0.9990893602371216], [[690.3392028808594, 604.148998260498], [700.6690216064453, 581.8876934051514], 0.8945438265800476, 0.9857609868049622], [[608.0878448486328, 597.7914333343506], [653.1886291503906, 576.2722635269165], 0.9504865407943726, 0.9736650586128235], [[675.7154846191406, 708.5575675964355], [680.7729339599609, 692.5497579574585], 0.8220707178115845, 0.9821358919143677], [[573.9497756958008, 706.8893623352051], [653.0247497558594, 685.9010553359985], 0.8665686249732971, 0.9744790196418762]]
9.6 [[[706.1688995361328, 179.81860756874084], [691.3169097900391, 250.10423183441162], 0.9994794726371765, 0.999941349029541], [[719.6632385253906, 172.64878392219543], [703.1330871582031, 242.19510555267334], 0.9988025426864624, 0.9998224377632141], [[696.0134124755859, 166.91347002983093], [683.6869812011719, 242.29164361953735], 0.9991148710250854, 0.9998507499694824], [[726.4237213134766, 183.1552219390869], [712.9722595214844, 251.75276041030884], 0.9975742101669312, 0.9997625946998596], [[678.6636352539062, 173.68499636650085], [676.57470703125, 249.27590131759644], 0.9993434548377991, 0.9997406005859375], [[736.3857269287109, 272.399525642395], [737.9341125488281, 320.5420231819153], 0.9983983039855957, 0.9997864961624146], [[620.3609085083008, 252.88212060928345], [638.4894943237305, 315.68593740463257], 0.9998607635498047, 0.9997565746307373], [[722.4246215820312, 368.5186958312988], [746.4927673339844, 400.545859336853], 0.44395536184310913, 0.9630843997001648], [[593.1340789794922, 359.31320428848267], [619.8448944091797, 391.97768211364746], 0.9831951856613159, 0.9334589242935181], [[719.2510223388672, 455.93493461608887], [745.4453277587891, 474.7736978530884], 0.37476083636283875, 0.8276198506355286], [[584.2576217651367, 451.7597436904907], [610.1343536376953, 462.25507736206055], 0.9122894406318665, 0.9251073598861694], [[693.1422424316406, 459.5551872253418], [707.7679443359375, 460.51619052886963], 0.9953635931015015, 0.9985566139221191], [[623.0729293823242, 448.2572078704834], [651.0075378417969, 457.1671199798584], 0.9975341558456421, 0.9990326762199402], [[686.3156127929688, 604.3142223358154], [700.1387023925781, 581.6123485565186], 0.891510546207428, 0.9838302135467529], [[601.6568756103516, 597.9607343673706], [648.3290100097656, 576.5334463119507], 0.9514006972312927, 0.9704139232635498], [[675.3002166748047, 708.7225341796875], [681.3494873046875, 691.9798421859741], 0.8187348246574402, 0.980063796043396], [[573.0268478393555, 707.1383571624756], [654.1468811035156, 686.7930936813354], 0.8655280470848083, 0.9714075326919556]]
9.7 [[[689.6165466308594, 179.40793991088867], [688.6326599121094, 248.53872299194336], 0.9995208978652954, 0.9999333620071411], [[702.7631378173828, 172.42701888084412], [700.8257293701172, 241.7790412902832], 0.9988938570022583, 0.9998027086257935], [[677.5746154785156, 166.76238656044006], [681.3970184326172, 240.60455560684204], 0.9991857409477234, 0.9998266100883484], [[709.3598175048828, 183.0620527267456], [711.26220703125, 251.68956756591797], 0.9977467060089111, 0.9997413158416748], [[660.2629089355469, 173.5333228111267], [675.5551147460938, 248.0931544303894], 0.9993951320648193, 0.9997014999389648], [[722.9232025146484, 269.42821741104126], [737.6259613037109, 320.48224210739136], 0.9984735250473022, 0.9997568726539612], [[600.1204299926758, 253.76418113708496], [638.0448532104492, 315.76035261154175], 0.9998682737350464, 0.9997343420982361], [[715.3599548339844, 368.36321353912354], [742.8939819335938, 399.1679334640503], 0.4736521244049072, 0.9593941569328308], [[572.186164855957, 359.5646023750305], [624.0949249267578, 390.9015369415283], 0.9835753440856934, 0.9215549826622009], [[719.7018432617188, 455.66349506378174], [741.0807800292969, 471.0661554336548], 0.3887190520763397, 0.8065683245658875], [[564.2498016357422, 452.41098403930664], [616.0153198242188, 450.6840705871582], 0.9108203053474426, 0.8998546600341797], [[679.0604400634766, 460.59717178344727], [706.8329620361328, 460.4217338562012], 0.9955232739448547, 0.9984452724456787], [[605.3650665283203, 448.9997720718384], [649.2349243164062, 456.8217372894287], 0.9976672530174255, 0.9989343285560608], [[678.0567932128906, 602.0076942443848], [699.5765686035156, 581.297607421875], 0.8951520919799805, 0.9821269512176514], [[593.6627197265625, 598.0261373519897], [646.81640625, 576.5153360366821], 0.9532899856567383, 0.9695736765861511], [[674.7595977783203, 707.5728750228882], [681.6378784179688, 691.6604661941528], 0.8236773014068604, 0.9790818691253662], [[572.6879119873047, 703.937087059021], [655.8032989501953, 687.0247936248779], 0.8679700493812561, 0.9707316756248474]]
9.8 [[[673.2367706298828, 178.91798615455627], [686.3961029052734, 248.09497833251953], 0.9995468258857727, 0.9999302625656128], [[683.6180114746094, 171.15875244140625], [699.0632629394531, 241.74561023712158], 0.9989460706710815, 0.9997967481613159], [[661.7732238769531, 166.34294271469116], [679.3730163574219, 240.0967812538147], 0.9992341995239258, 0.9998139142990112], [[687.4746704101562, 181.46912097930908], [710.1622009277344, 251.75949811935425], 0.9978263974189758, 0.9997390508651733], [[642.7895355224609, 173.21470856666565], [674.5596313476562, 247.9272222518921], 0.9994310140609741, 0.9996784329414368], [[708.3541870117188, 266.76321744918823], [736.8846130371094, 320.28088331222534], 0.9985437989234924, 0.999759316444397], [[583.2049560546875, 254.34227228164673], [638.5966873168945, 315.8089327812195], 0.9998759627342224, 0.9997289776802063], [[703.5935974121094, 365.9997367858887], [740.5754089355469, 399.0206050872803], 0.49749618768692017, 0.9595972299575806], [[553.7085723876953, 362.54316329956055], [626.40625, 391.32086277008057], 0.9843820333480835, 0.9113221168518066], [[711.3118743896484, 453.64415645599365], [738.4999084472656, 470.94985485076904], 0.39953795075416565, 0.8023849129676819], [[548.1435012817383, 458.07555198669434], [619.4544219970703, 450.8348751068115], 0.9135921001434326, 0.8802664875984192], [[665.0674438476562, 461.137433052063], [706.7594146728516, 460.3472328186035], 0.9956318140029907, 0.9984150528907776], [[590.247917175293, 451.7208194732666], [648.8931274414062, 456.84521198272705], 0.9977878928184509, 0.9988775849342346], [[668.8169860839844, 602.0117282867432], [698.7526702880859, 580.7801342010498], 0.8982610106468201, 0.9808409810066223], [[580.3962326049805, 601.2123441696167], [647.0510101318359, 576.5029764175415], 0.9551382064819336, 0.9683989882469177], [[674.3279266357422, 707.3926305770874], [682.1392059326172, 691.3274002075195], 0.82835853099823, 0.9785236120223999], [[567.0947265625, 705.53551197052], [658.0068206787109, 686.7559719085693], 0.8696298599243164, 0.9696470499038696]]
9.9 [[[659.9063110351562, 178.54012727737427], [684.3059539794922, 247.141592502594], 0.9995656609535217, 0.9999246597290039], [[667.0011901855469, 168.417888879776], [696.7780303955078, 241.4663600921631], 0.9989767670631409, 0.9997866153717041], [[646.7634582519531, 165.40985584259033], [677.3878479003906, 239.73976850509644], 0.9992688894271851, 0.9997942447662354], [[667.4344635009766, 177.01258778572083], [707.7101898193359, 251.592857837677], 0.9978772401809692, 0.9997330904006958], [[624.757194519043, 171.9091808795929], [673.4959411621094, 247.64565467834473], 0.9994578957557678, 0.9996377229690552], [[690.3932189941406, 262.4796652793884], [734.3177032470703, 318.4293222427368], 0.9985927939414978, 0.9997657537460327], [[566.8473052978516, 255.10846138000488], [636.8519973754883, 316.31728649139404], 0.9998807311058044, 0.9997177124023438], [[686.8125152587891, 364.36015605926514], [738.4761047363281, 397.05546855926514], 0.5148329138755798, 0.9605348706245422], [[543.1524658203125, 366.48189067840576], [622.548942565918, 391.3554525375366], 0.9849227070808411, 0.8993541598320007], [[694.1777038574219, 453.5177278518677], [737.4729156494141, 468.73061656951904], 0.4032707214355469, 0.8050811886787415], [[536.0443878173828, 463.73230934143066], [618.8802337646484, 452.45316982269287], 0.9150365591049194, 0.8613736629486084], [[651.4836883544922, 461.74421310424805], [703.8812255859375, 458.13511848449707], 0.995669424533844, 0.9984142184257507], [[577.2304534912109, 454.38809394836426], [646.6570281982422, 455.7450771331787], 0.9978477358818054, 0.9988184571266174], [[657.9662322998047, 601.3746929168701], [698.1385803222656, 580.2255821228027], 0.899029552936554, 0.9792861938476562], [[572.4641799926758, 601.4622402191162], [646.9715881347656, 576.3566780090332], 0.955156147480011, 0.965994119644165], [[669.4734191894531, 707.571587562561], [682.1096038818359, 690.5455255508423], 0.8279672861099243, 0.9774376749992371], [[565.6778717041016, 705.9146690368652], [658.5529327392578, 686.5505790710449], 0.867469072341919, 0.9673083424568176]]
