0.0 [[[863.6144256591797, 182.7242875099182], [866.4898681640625, 208.62260341644287], 0.9999949932098389, 0.9999955892562866], [[877.3358154296875, 171.30893468856812], [875.0523376464844, 197.1702790260315], 0.9999860525131226, 0.9999885559082031], [[853.2309722900391, 170.53781032562256], [861.3243103027344, 202.45047569274902], 0.9999771118164062, 0.9999815225601196], [[887.9646301269531, 177.56309509277344], [892.7928924560547, 200.74407577514648], 0.9999840259552002, 0.9999890327453613], [[843.5172271728516, 176.15135192871094], [863.3400726318359, 210.0043272972107], 0.9999572038650513, 0.9999479055404663], [[927.6905822753906, 258.7769079208374], [943.6314392089844, 256.6953420639038], 0.9999969005584717, 0.9999905824661255], [[804.3311309814453, 257.14324951171875], [850.4015350341797, 281.1952614784241], 0.9999581575393677, 0.9999232292175293], [[953.8870239257812, 347.55309104919434], [975.5647277832031, 322.11626529693604], 0.9983419179916382, 0.9957602620124817], [[770.9495544433594, 343.6818480491638], [838.4767913818359, 354.6457314491272], 0.9789165258407593, 0.8637378215789795], [[966.0821533203125, 428.77243995666504], [997.7198028564453, 379.27229404449463], 0.9986051917076111, 0.9837228655815125], [[741.6759490966797, 420.14516830444336], [821.1216735839844, 418.51593017578125], 0.9663071632385254, 0.9165130853652954], [[891.2860107421875, 440.9164524078369], [930.8634185791016, 405.1836347579956], 0.9998064637184143, 0.9997406601905823], [[814.2218780517578, 438.0214262008667], [875.1676177978516, 410.46655654907227], 0.9998087286949158, 0.9996978044509888], [[890.6807708740234, 561.4665126800537], [945.7550048828125, 514.126296043396], 0.9741073250770569, 0.9873063564300537], [[796.8560028076172, 552.8214311599731], [879.1944122314453, 521.1937236785889], 0.9818052649497986, 0.9868673086166382], [[878.8227844238281, 659.4618988037109], [974.7499847412109, 626.81396484375], 0.9228728413581848, 0.9894738793373108], [[779.359130859375, 658.7522077560425], [885.34912109375, 635.9056234359741], 0.9297138452529907, 0.9896376132965088]]
0.1 [[[849.4966125488281, 180.91617822647095], [866.4961242675781, 208.69343519210815], 0.9999947547912598, 0.9999949336051941], [[862.2892761230469, 169.09613370895386], [874.9468231201172, 197.15141773223877], 0.9999855756759644, 0.9999862313270569], [[840.8379364013672, 169.1172158718109], [861.3169860839844, 202.8719687461853], 0.9999764561653137, 0.9999794363975525], [[878.9214324951172, 176.28451824188232], [892.7742004394531, 200.1954460144043], 0.9999834895133972, 0.9999861717224121], [[834.9043273925781, 176.19367718696594], [863.1814575195312, 210.16616106033325], 0.9999549984931946, 0.9999410510063171], [[922.2654724121094, 258.24636697769165], [943.6326599121094, 256.04766368865967], 0.999996542930603, 0.9999902844429016], [[800.3409576416016, 257.14101791381836], [850.3782653808594, 281.89688444137573], 0.9999567270278931, 0.9999215602874756], [[950.9690093994141, 347.57047176361084], [975.7135009765625, 321.57424449920654], 0.9983353614807129, 0.9957751035690308], [[769.0174865722656, 344.0421438217163], [838.6686706542969, 356.58578395843506], 0.9776163697242737, 0.8533639311790466], [[962.4281311035156, 428.8922595977783], [998.1252288818359, 379.5911979675293], 0.9985343217849731, 0.9842824935913086], [[738.1543731689453, 421.77324771881104], [821.3503265380859, 418.7797737121582], 0.9651694297790527, 0.9125955104827881], [[890.8085632324219, 440.92567920684814], [932.8115844726562, 403.5207939147949], 0.999798595905304, 0.9997220039367676], [[812.5856018066406, 438.7759208679199], [875.5274963378906, 410.3199577331543], 0.9998060464859009, 0.9996959567070007], [[890.577392578125, 560.9643602371216], [946.7756652832031, 513.2402229309082], 0.9740340113639832, 0.9879631400108337], [[794.5799255371094, 550.1999044418335], [879.1942596435547, 520.9617233276367], 0.9816930294036865, 0.987401008605957], [[882.7523803710938, 660.8237314224243], [975.0751495361328, 626.2322902679443], 0.9225558638572693, 0.9897805452346802], [[777.0838928222656, 658.8841724395752], [885.1008605957031, 635.3307294845581], 0.9287341833114624, 0.9901006817817688]]
0.2 [[[846.04248046875, 180.14883041381836], [866.7356872558594, 208.69933605194092], 0.9999946355819702, 0.9999944567680359], [[859.5155334472656, 168.2039988040924], [874.9723815917969, 197.1078372001648], 0.9999852776527405, 0.9999842643737793], [[837.8417205810547, 168.44751119613647], [861.33544921875, 203.11216592788696], 0.9999759197235107, 0.9999777674674988], [[876.8056488037109, 175.79086303710938], [892.8414916992188, 199.82311248779297], 0.9999832510948181, 0.999983549118042], [[832.5846099853516, 176.27347826957703], [863.0679321289062, 210.27593851089478], 0.9999536275863647, 0.9999354481697083], [[920.5120849609375, 258.1281781196594], [943.7979125976562, 255.68350553512573], 0.9999963641166687, 0.9999900460243225], [[797.7687835693359, 257.55568742752075], [850.3675842285156, 282.432918548584], 0.9999561309814453, 0.9999213814735413], [[949.2562103271484, 347.7871298789978], [975.9251403808594, 321.238796710968], 0.9983436465263367, 0.9957902431488037], [[767.6350402832031, 344.7264504432678], [838.9543914794922, 357.2952604293823], 0.9769768118858337, 0.8478450179100037], [[960.3144836425781, 429.0663242340088], [998.3731842041016, 379.6677589416504], 0.9985041618347168, 0.984810471534729], [[735.9922790527344, 422.5866651535034], [821.7600250244141, 419.22278881073], 0.9646134376525879, 0.9110018014907837], [[889.7925567626953, 441.07914447784424], [933.9446258544922, 403.0795383453369], 0.9997957348823547, 0.9997122287750244], [[811.331787109375, 439.5736312866211], [875.762939453125, 410.3059673309326], 0.9998058080673218, 0.9996981024742126], [[889.0333557128906, 560.5702686309814], [947.1839904785156, 512.0009565353394], 0.9735763669013977, 0.9885523319244385], [[792.9204559326172, 549.9631404876709], [879.1877746582031, 520.8961915969849], 0.9815164804458618, 0.9878909587860107], [[883.0226898193359, 661.4163064956665], [975.3118133544922, 625.8414173126221], 0.9202674031257629, 0.9901129603385925], [[776.6748046875, 658.3091497421265], [885.0955200195312, 635.0496339797974], 0.9266865253448486, 0.9905492067337036]]
0.3 [[[847.8883361816406, 179.96909022331238], [866.9985198974609, 208.70216846466064], 0.9999945163726807, 0.9999940991401672], [[861.7134094238281, 168.25250387191772], [875.0204467773438, 197.08256006240845], 0.9999850988388062, 0.9999831318855286], [[839.4270324707031, 168.31112623214722], [861.3526916503906, 203.32918882369995], 0.9999756217002869, 0.9999769330024719], [[877.3140716552734, 175.8718228340149], [892.8861999511719, 199.61199045181274], 0.9999831318855286, 0.9999820590019226], [[832.4092102050781, 176.30487084388733], [862.8813171386719, 210.44989585876465], 0.9999532103538513, 0.9999323487281799], [[919.3284606933594, 258.0230784416199], [943.8062286376953, 255.3148627281189], 0.9999961853027344, 0.9999901056289673], [[796.1524963378906, 257.7793836593628], [850.3280639648438, 282.79263496398926], 0.9999552369117737, 0.9999211430549622], [[948.0701446533203, 347.83212661743164], [975.9890747070312, 320.9147000312805], 0.9983260631561279, 0.9958568811416626], [[766.7616271972656, 345.38811922073364], [839.2024993896484, 357.6630449295044], 0.9766556024551392, 0.8423232436180115], [[959.3681335449219, 429.0955924987793], [998.4958648681641, 379.66917514801025], 0.9984481930732727, 0.9853318333625793], [[735.4729461669922, 422.7916717529297], [822.2810363769531, 419.5017385482788], 0.9641204476356506, 0.9086298942565918], [[889.6504211425781, 441.3401126861572], [934.4876861572266, 402.31929302215576], 0.99979168176651, 0.9997068643569946], [[811.0685729980469, 440.13195991516113], [876.0610198974609, 410.2445125579834], 0.9998007416725159, 0.9996983408927917], [[889.1195678710938, 560.5718564987183], [947.2348022460938, 510.17362117767334], 0.9726241230964661, 0.9890060424804688], [[792.8057861328125, 550.030689239502], [879.1519927978516, 520.8130645751953], 0.980512261390686, 0.9879806637763977], [[884.3486022949219, 662.2017002105713], [975.3133392333984, 625.879955291748], 0.9150142073631287, 0.9902553558349609], [[776.7311096191406, 657.9511070251465], [885.0617218017578, 634.9806690216064], 0.9211797118186951, 0.9907170534133911]]
0.4 [[[848.1636047363281, 180.00251054763794], [866.7986297607422, 208.68279218673706], 0.9999940991401672, 0.9999937415122986], [[862.7669525146484, 168.2831883430481], [874.8451232910156, 197.37178802490234], 0.999984085559845, 0.999981701374054], [[840.6280517578125, 168.29190015792847], [860.6294250488281, 203.38000059127808], 0.999974250793457, 0.9999758005142212], [[877.9508209228516, 176.0976004600525], [891.8045043945312, 200.5760407447815], 0.999981701374054, 0.999980092048645], [[833.2069396972656, 176.30262851715088], [859.2015838623047, 210.70429801940918], 0.9999510049819946, 0.9999279975891113], [[919.0836334228516, 258.04232597351074], [937.8612518310547, 255.7942271232605], 0.9999958276748657, 0.9999897480010986], [[794.9995422363281, 258.1173634529114], [846.1492919921875, 283.6718201637268], 0.9999549388885498, 0.9999192953109741], [[947.3045349121094, 347.89358139038086], [973.4001922607422, 320.9259009361267], 0.9982700943946838, 0.9957751035690308], [[766.2631988525391, 346.6309905052185], [835.5343627929688, 358.34988355636597], 0.9767846465110779, 0.8406467437744141], [[959.2521667480469, 428.98714542388916], [993.8108825683594, 379.97936725616455], 0.9983748197555542, 0.9852288365364075], [[735.2833557128906, 423.15113067626953], [821.9194030761719, 420.6485652923584], 0.9640905857086182, 0.9070749282836914], [[889.6218872070312, 441.7445468902588], [933.1752014160156, 402.37207889556885], 0.9997877478599548, 0.99969482421875], [[811.0337829589844, 440.876841545105], [875.0035095214844, 410.695424079895], 0.9998019337654114, 0.9996947050094604], [[889.0504455566406, 560.618634223938], [946.8813323974609, 510.2889347076416], 0.9715973138809204, 0.989448070526123], [[792.8681945800781, 550.1568603515625], [878.3966064453125, 522.1790599822998], 0.9800034165382385, 0.988213837146759], [[884.1542816162109, 662.3707437515259], [975.0966644287109, 625.9417104721069], 0.9122864603996277, 0.9904031157493591], [[776.9351959228516, 657.2119760513306], [885.0581359863281, 635.2546405792236], 0.9187218546867371, 0.9909301400184631]]
0.5 [[[850.6541442871094, 180.06797790527344], [866.9931793212891, 208.59485864639282], 0.9999936819076538, 0.9999933838844299], [[863.6687469482422, 168.39588403701782], [875.0453186035156, 197.48806715011597], 0.999983012676239, 0.9999803900718689], [[840.9965515136719, 168.30581545829773], [860.5432891845703, 203.3831548690796], 0.9999725818634033, 0.9999746680259705], [[878.4107971191406, 176.34414911270142], [891.7112731933594, 201.09735488891602], 0.9999803304672241, 0.9999786019325256], [[833.3366394042969, 176.30192041397095], [857.9662322998047, 210.8941125869751], 0.9999483823776245, 0.9999242424964905], [[919.0025329589844, 258.0669593811035], [936.2982177734375, 256.04088306427], 0.9999955892562866, 0.9999895095825195], [[795.0442504882812, 257.91465282440186], [844.2902374267578, 284.1606044769287], 0.9999539852142334, 0.9999175667762756], [[946.7393493652344, 347.9506802558899], [972.0039367675781, 320.919828414917], 0.9982284903526306, 0.9957379698753357], [[765.9795379638672, 346.75859928131104], [834.0971374511719, 358.75513315200806], 0.9769595265388489, 0.8400598168373108], [[959.2140960693359, 428.98714542388916], [992.2391510009766, 380.7290554046631], 0.9983339309692383, 0.9852761626243591], [[735.0205993652344, 423.35785388946533], [821.6984558105469, 421.105055809021], 0.9640502333641052, 0.9059869050979614], [[889.5103454589844, 441.90831184387207], [932.7210235595703, 402.4183416366577], 0.9997798800468445, 0.999686062335968], [[811.0231018066406, 441.0794448852539], [874.7646331787109, 411.1259937286377], 0.999797523021698, 0.999690055847168], [[888.7049865722656, 560.6767416000366], [946.8750762939453, 510.3951930999756], 0.9709137678146362, 0.9897778630256653], [[792.9341125488281, 550.2062559127808], [876.3616180419922, 523.8201856613159], 0.979340136051178, 0.9882029294967651], [[883.7901306152344, 662.3480844497681], [974.7566223144531, 626.1086940765381], 0.9087209701538086, 0.9903103113174438], [[776.9648742675781, 656.7057466506958], [884.3067169189453, 635.3363513946533], 0.914962887763977, 0.9908890128135681]]
0.6 [[[854.1328430175781, 180.0827407836914], [867.0625305175781, 208.40352058410645], 0.9999934434890747, 0.9999935626983643], [[865.8570098876953, 168.43579530715942], [875.1510620117188, 197.48420476913452], 0.999982476234436, 0.9999808669090271], [[842.6734924316406, 168.29841256141663], [860.4930877685547, 203.37759733200073], 0.9999717473983765, 0.9999754428863525], [[878.729248046875, 176.37840628623962], [891.6950225830078, 201.18161916732788], 0.999979555606842, 0.9999790191650391], [[833.6668395996094, 176.29063367843628], [857.8443908691406, 210.9097981452942], 0.999947190284729, 0.999926745891571], [[919.0087127685547, 258.09210777282715], [936.103515625, 256.4045476913452], 0.9999954104423523, 0.9999895095825195], [[795.0697326660156, 257.8971862792969], [843.5090637207031, 284.32848930358887], 0.9999532103538513, 0.9999187588691711], [[946.0768127441406, 348.2207679748535], [970.9197235107422, 321.01788997650146], 0.9982010722160339, 0.9957294464111328], [[765.5376434326172, 346.87801122665405], [832.8999328613281, 358.75356674194336], 0.9772444367408752, 0.8436362743377686], [[959.1814422607422, 429.1540861129761], [991.4604187011719, 381.254940032959], 0.998325765132904, 0.985536515712738], [[734.6119689941406, 423.3557939529419], [820.7908630371094, 421.35658264160156], 0.9644192457199097, 0.9071686863899231], [[889.54345703125, 442.07520961761475], [931.5732574462891, 402.79123306274414], 0.9997760653495789, 0.9996833801269531], [[811.03271484375, 441.356463432312], [874.0420532226562, 411.43545627593994], 0.9997974634170532, 0.9996933937072754], [[888.7713623046875, 560.8923482894897], [946.9384002685547, 513.9363527297974], 0.9707723259925842, 0.9901742339134216], [[792.9756164550781, 550.2611017227173], [875.8953094482422, 524.1060018539429], 0.9789762496948242, 0.9887044429779053], [[883.6872863769531, 662.332935333252], [974.7035217285156, 626.3593626022339], 0.9073812365531921, 0.9904822111129761], [[776.8980407714844, 656.6955757141113], [884.2652893066406, 635.1949453353882], 0.913425862789154, 0.9911687970161438]]
0.7 [[[854.2290496826172, 180.09190320968628], [867.3368835449219, 207.77039051055908], 0.9999933242797852, 0.9999936819076538], [[866.3591003417969, 168.48221898078918], [875.4991912841797, 197.25353479385376], 0.9999821186065674, 0.999981164932251], [[842.9817199707031, 168.21147680282593], [860.4952239990234, 203.08493614196777], 0.999971330165863, 0.9999759197235107], [[878.94287109375, 176.46326065063477], [891.6765594482422, 201.17623329162598], 0.9999789595603943, 0.9999792575836182], [[834.0892028808594, 176.23906016349792], [857.6621246337891, 210.91612815856934], 0.9999461770057678, 0.9999281764030457], [[919.1629791259766, 258.20868730545044], [936.2266540527344, 256.6253900527954], 0.999995231628418, 0.9999895095825195], [[794.9832916259766, 257.79961824417114], [843.3296966552734, 284.72097158432007], 0.9999533295631409, 0.9999179244041443], [[945.4905700683594, 349.1233205795288], [970.3309631347656, 321.3903522491455], 0.9981754422187805, 0.9957433342933655], [[765.0469970703125, 346.87466382980347], [832.4794006347656, 358.74603509902954], 0.9775075316429138, 0.8454726338386536], [[958.8848876953125, 429.9312400817871], [991.3124084472656, 381.9718837738037], 0.998304545879364, 0.9858657121658325], [[733.9785766601562, 423.3311605453491], [820.0602722167969, 421.35520935058594], 0.9649021625518799, 0.9077781438827515], [[889.5347595214844, 442.0392036437988], [931.2033843994141, 402.929892539978], 0.9997751116752625, 0.9996809363365173], [[811.0334777832031, 441.3447046279907], [873.8584136962891, 411.67479515075684], 0.9997990727424622, 0.9996941685676575], [[888.6018371582031, 560.9638023376465], [946.9327545166016, 515.0666999816895], 0.9706887602806091, 0.9904565215110779], [[793.0020904541016, 550.3012275695801], [875.6371307373047, 524.1169881820679], 0.9788582921028137, 0.9889751076698303], [[883.6545562744141, 662.3186445236206], [974.4194793701172, 626.3425397872925], 0.9072219133377075, 0.9904673099517822], [[776.7024230957031, 656.6290140151978], [884.036865234375, 634.7994375228882], 0.9127513766288757, 0.9912894368171692]]
0.8 [[[853.2159423828125, 180.11224508285522], [867.0852661132812, 207.66735076904297], 0.9999932646751404, 0.9999935030937195], [[866.3732147216797, 168.51624011993408], [874.9067687988281, 197.165687084198], 0.9999819397926331, 0.9999804496765137], [[842.6364135742188, 168.21596145629883], [859.9111175537109, 203.09300422668457], 0.9999710917472839, 0.9999750852584839], [[878.9392852783203, 176.61567449569702], [891.0102844238281, 201.10952138900757], 0.9999787211418152, 0.9999783039093018], [[834.4204711914062, 176.27690076828003], [857.3113250732422, 210.99260330200195], 0.9999455213546753, 0.999925434589386], [[919.1909790039062, 258.50576877593994], [936.3214111328125, 256.84168338775635], 0.9999950528144836, 0.9999892115592957], [[794.9848937988281, 257.8560519218445], [843.1915283203125, 284.9672198295593], 0.9999532699584961, 0.9999163150787354], [[945.4347229003906, 350.3959107398987], [969.7515869140625, 322.47568130493164], 0.9981634616851807, 0.9957250952720642], [[764.7990417480469, 347.09460496902466], [832.4172973632812, 358.9135766029358], 0.9775109887123108, 0.8463539481163025], [[958.7348175048828, 431.11029624938965], [991.0676574707031, 383.0019807815552], 0.9982658624649048, 0.986064612865448], [[733.2743072509766, 423.49488258361816], [819.5692443847656, 421.43357276916504], 0.9650866985321045, 0.9080417156219482], [[889.5155334472656, 442.31300354003906], [930.9876251220703, 403.17798614501953], 0.9997751712799072, 0.9996703863143921], [[811.0520172119141, 441.649489402771], [873.8235473632812, 411.81148052215576], 0.9997996687889099, 0.9996882081031799], [[888.3624267578125, 561.7277812957764], [946.7646789550781, 515.7307291030884], 0.9708309769630432, 0.9906665682792664], [[792.9581451416016, 550.5626249313354], [875.6990051269531, 524.2480945587158], 0.9788925051689148, 0.989229142665863], [[883.5552215576172, 662.596607208252], [974.0587615966797, 626.3433122634888], 0.907460629940033, 0.99042147397995], [[776.3600158691406, 656.8612718582153], [883.7413787841797, 634.6779012680054], 0.9122007489204407, 0.9913828372955322]]
0.9 [[[852.6040649414062, 180.1205062866211], [866.2581634521484, 207.51397132873535], 0.9999932646751404, 0.9999932646751404], [[866.3716125488281, 168.53071331977844], [873.4013366699219, 196.96565866470337], 0.9999819397926331, 0.999979555606842], [[842.4610900878906, 168.22023153305054], [858.8505554199219, 203.10787439346313], 0.9999710321426392, 0.9999738931655884], [[878.9469909667969, 176.80553197860718], [889.8013305664062, 200.69540977478027], 0.9999786019325256, 0.9999771118164062], [[834.6342468261719, 176.30010724067688], [856.8521118164062, 211.10126495361328], 0.9999452233314514, 0.9999216198921204], [[919.2711639404297, 258.6665081977844], [936.5476226806641, 256.997766494751], 0.9999949336051941, 0.9999885559082031], [[795.1020812988281, 257.800133228302], [843.0726623535156, 285.0429654121399], 0.9999534487724304, 0.9999146461486816], [[945.4541778564453, 350.9580159187317], [969.241943359375, 323.34909439086914], 0.9981481432914734, 0.9956285357475281], [[764.7674560546875, 347.08406925201416], [832.4576568603516, 358.9772415161133], 0.9775677919387817, 0.847111165523529], [[958.61572265625, 431.6383695602417], [990.8245086669922, 383.80711555480957], 0.9982312321662903, 0.9861862063407898], [[733.1166076660156, 423.4878444671631], [819.1675567626953, 421.3558101654053], 0.965144693851471, 0.9089334011077881], [[889.5208740234375, 442.3430871963501], [930.8219146728516, 403.33024978637695], 0.999776303768158, 0.9996625781059265], [[811.0786437988281, 441.72278881073], [873.6500549316406, 411.84890270233154], 0.9998013377189636, 0.9996863603591919], [[888.3699035644531, 562.0432090759277], [946.705322265625, 515.7318019866943], 0.9708271026611328, 0.9908304810523987], [[792.9893493652344, 550.7949686050415], [875.7497406005859, 524.4373083114624], 0.9788990616798401, 0.9895395636558533], [[883.6398315429688, 662.7590417861938], [973.8214111328125, 626.2948179244995], 0.9071220755577087, 0.9904718995094299], [[776.1196136474609, 656.9368886947632], [883.3913421630859, 634.7236490249634], 0.9114077687263489, 0.9915777444839478]]
1.0 [[[852.3503875732422, 180.13466835021973], [865.3260803222656, 207.50144004821777], 0.9999932050704956, 0.9999929666519165], [[866.4524841308594, 168.55968117713928], [872.1033477783203, 196.90188646316528], 0.9999818205833435, 0.9999786019325256], [[842.3796081542969, 168.1973898410797], [858.0220031738281, 203.18651676177979], 0.9999708533287048, 0.9999725818634033], [[878.9767456054688, 176.9165325164795], [888.9664459228516, 200.43817520141602], 0.9999783635139465, 0.9999758005142212], [[834.7887420654297, 176.30003213882446], [856.7400360107422, 211.14611148834229], 0.9999446868896484, 0.9999175667762756], [[919.3630981445312, 258.8320541381836], [936.7129516601562, 257.0812153816223], 0.9999947547912598, 0.999987781047821], [[795.1950836181641, 257.612464427948], [843.1307220458984, 285.0309491157532], 0.99995356798172, 0.9999133944511414], [[945.4924774169922, 351.1474657058716], [969.1157531738281, 323.9611744880676], 0.9981225728988647, 0.9955630898475647], [[764.7830200195312, 347.05321311950684], [832.5496673583984, 358.98775577545166], 0.9776321649551392, 0.8482389450073242], [[958.5253143310547, 431.7867708206177], [990.7529449462891, 384.36514377593994], 0.9981787800788879, 0.9862392544746399], [[733.1208801269531, 423.4051036834717], [818.9993286132812, 421.3264989852905], 0.9650816321372986, 0.9097147583961487], [[889.4921112060547, 442.32935428619385], [930.5896759033203, 403.54894638061523], 0.9997759461402893, 0.9996501207351685], [[811.0836791992188, 441.71592235565186], [873.4730529785156, 411.8636655807495], 0.9998016953468323, 0.999682605266571], [[888.3750915527344, 562.0655679702759], [946.6853332519531, 515.8851385116577], 0.9708640575408936, 0.990988552570343], [[792.945556640625, 550.9478759765625], [875.7894897460938, 524.5851516723633], 0.9790027141571045, 0.9898884296417236], [[883.6444854736328, 662.816891670227], [973.5663604736328, 626.1873579025269], 0.9068459868431091, 0.9905664324760437], [[776.0160827636719, 656.9426822662354], [883.1544494628906, 634.735107421875], 0.9107587337493896, 0.9917979836463928]]
1.1 [[[852.5016784667969, 179.8009157180786], [863.9414215087891, 209.173743724823], 0.999993085861206, 0.9999927878379822], [[866.5695190429688, 168.49096298217773], [871.1827087402344, 198.05261850357056], 0.9999815821647644, 0.9999786019325256], [[842.4978637695312, 167.88583517074585], [857.3163604736328, 204.63967323303223], 0.9999703168869019, 0.999972403049469], [[879.0228271484375, 176.91372156143188], [888.3702087402344, 201.44333839416504], 0.9999780654907227, 0.9999763369560242], [[834.866943359375, 176.12478733062744], [856.5064239501953, 212.49369621276855], 0.9999434947967529, 0.9999179840087891], [[919.4024658203125, 258.9045810699463], [936.2417602539062, 260.1356506347656], 0.9999946355819702, 0.9999876618385315], [[795.2578735351562, 257.623815536499], [842.4929809570312, 286.35083198547363], 0.9999531507492065, 0.9999091029167175], [[945.4011535644531, 351.1685585975647], [968.5337829589844, 328.1202292442322], 0.9981147646903992, 0.9955880641937256], [[764.8106384277344, 347.0972013473511], [831.2125396728516, 362.19001293182373], 0.9776381254196167, 0.8420280814170837], [[958.4757995605469, 431.8209743499756], [988.9611053466797, 387.7659273147583], 0.9981527328491211, 0.9861564636230469], [[733.172607421875, 423.3434772491455], [817.3007965087891, 422.3411464691162], 0.9650022387504578, 0.9054819941520691], [[889.473876953125, 442.29334831237793], [927.4285125732422, 410.7688093185425], 0.9997734427452087, 0.9996294975280762], [[811.0910034179688, 441.7047643661499], [872.2179412841797, 416.63134574890137], 0.9997994899749756, 0.999658465385437], [[888.32763671875, 562.0881843566895], [941.8030548095703, 525.0145196914673], 0.9706449508666992, 0.9903037548065186], [[792.919921875, 550.9574031829834], [874.3258666992188, 528.8355731964111], 0.9788122773170471, 0.9889616370201111], [[883.6534118652344, 662.944393157959], [971.3636779785156, 634.8105955123901], 0.9060213565826416, 0.9893543124198914], [[775.9209442138672, 656.9435834884644], [881.6983032226562, 641.2377262115479], 0.9093338847160339, 0.9907741546630859]]
1.2 [[[854.1960906982422, 179.88821625709534], [860.3885650634766, 202.62031316757202], 0.999993085861206, 0.9999919533729553], [[867.6593017578125, 168.50435256958008], [868.3933258056641, 191.96739435195923], 0.9999817609786987, 0.9999765753746033], [[843.3851623535156, 167.90359139442444], [854.3600463867188, 197.7884316444397], 0.9999704957008362, 0.999967634677887], [[879.0585327148438, 176.92328095436096], [886.2461090087891, 196.70142889022827], 0.999978244304657, 0.9999740123748779], [[835.1972198486328, 176.13364934921265], [853.6811065673828, 206.81217670440674], 0.9999437928199768, 0.9999036192893982], [[919.4288635253906, 259.04242515563965], [931.6337585449219, 254.41261053085327], 0.9999946355819702, 0.9999879598617554], [[795.2967071533203, 257.68630027770996], [838.3580017089844, 280.08819580078125], 0.9999532103538513, 0.9999001026153564], [[945.3178405761719, 351.3462281227112], [966.6127014160156, 321.6611051559448], 0.9981092214584351, 0.9957870244979858], [[764.8323059082031, 347.1340012550354], [825.6532287597656, 354.318265914917], 0.977966845035553, 0.8456258773803711], [[958.5009002685547, 431.85298919677734], [984.6864318847656, 380.6952381134033], 0.9981709122657776, 0.9868932366371155], [[733.2004547119141, 423.1825017929077], [812.6744842529297, 416.5513515472412], 0.9654309153556824, 0.9072085022926331], [[889.6565246582031, 442.2982406616211], [924.3324279785156, 406.0233163833618], 0.9997751116752625, 0.999587893486023], [[811.2549591064453, 441.70244693756104], [867.4729919433594, 412.6637363433838], 0.9998006224632263, 0.9995860457420349], [[888.5638427734375, 562.0875406265259], [937.4599456787109, 520.6026077270508], 0.9706194996833801, 0.9892093539237976], [[792.9306030273438, 550.9707498550415], [871.1832427978516, 522.8630447387695], 0.9785169959068298, 0.986954927444458], [[883.6463928222656, 662.9137516021729], [966.3816070556641, 628.7773847579956], 0.9064220786094666, 0.9883291721343994], [[776.0299682617188, 656.8407154083252], [880.43701171875, 637.0439958572388], 0.9081345200538635, 0.9881500601768494]]
1.3 [[[856.7637634277344, 179.89505052566528], [854.1914367675781, 199.69387292861938], 0.9999930262565613, 0.9999917149543762], [[869.4444274902344, 168.52095007896423], [861.5019989013672, 189.06522274017334], 0.9999816417694092, 0.9999759793281555], [[845.0599670410156, 167.904235124588], [846.9895935058594, 195.08575201034546], 0.9999701976776123, 0.9999660849571228], [[879.2073059082031, 176.8990659713745], [879.7264862060547, 193.78629684448242], 0.9999779462814331, 0.9999733567237854], [[835.7378387451172, 176.1341428756714], [846.6673278808594, 204.92493152618408], 0.9999433159828186, 0.9998961091041565], [[919.5271301269531, 259.20666217803955], [926.1368560791016, 252.045636177063], 0.9999946355819702, 0.9999880790710449], [[795.3108978271484, 257.68805980682373], [834.2025756835938, 277.086181640625], 0.9999534487724304, 0.9998847842216492], [[944.9021911621094, 351.60472869873047], [963.0915832519531, 316.7297887802124], 0.9980611801147461, 0.9959577322006226], [[764.8472595214844, 347.16702461242676], [820.3327941894531, 350.5932569503784], 0.9784291386604309, 0.8448783159255981], [[958.4886169433594, 431.84736728668213], [979.1436767578125, 375.405535697937], 0.9981809854507446, 0.9874635338783264], [[733.1658172607422, 423.0863285064697], [806.3880920410156, 414.09650802612305], 0.9659044146537781, 0.9071105122566223], [[889.6482086181641, 442.4441957473755], [917.9016876220703, 403.9153575897217], 0.9997770190238953, 0.9995692372322083], [[811.2985229492188, 441.7581510543823], [862.1104431152344, 409.0840816497803], 0.9998035430908203, 0.99954754114151], [[888.5331726074219, 562.0701169967651], [931.6453552246094, 518.7270355224609], 0.9706227779388428, 0.9891912937164307], [[793.0046844482422, 551.048469543457], [865.9428405761719, 520.4922294616699], 0.9784544706344604, 0.986516535282135], [[883.5096740722656, 662.8118276596069], [961.7155456542969, 623.0353546142578], 0.907379686832428, 0.9883589744567871], [[776.0404968261719, 656.780891418457], [875.0947570800781, 633.0563449859619], 0.9077035784721375, 0.9877172708511353]]
1.4 [[[859.1471862792969, 180.07392168045044], [849.7222900390625, 199.82283353805542], 0.9999929070472717, 0.9999918937683105], [[871.2653350830078, 168.55894088745117], [857.2691345214844, 189.98170137405396], 0.9999814033508301, 0.9999763369560242], [[846.8791198730469, 168.01702737808228], [842.2966766357422, 195.29384851455688], 0.9999698996543884, 0.9999668598175049], [[879.5024871826172, 176.9035828113556], [874.2619323730469, 194.25001859664917], 0.9999775290489197, 0.9999734163284302], [[836.3022613525391, 176.2288999557495], [841.4789581298828, 205.05245447158813], 0.999943196773529, 0.9998973608016968], [[919.6033477783203, 259.26202297210693], [921.2853240966797, 252.46399641036987], 0.9999945759773254, 0.9999877214431763], [[795.3282165527344, 257.69492626190186], [828.6199188232422, 277.7304482460022], 0.9999533891677856, 0.9998839497566223], [[944.7180938720703, 351.6071105003357], [956.6779327392578, 317.3684763908386], 0.9980056285858154, 0.9958754181861877], [[764.857177734375, 347.2534990310669], [817.0711517333984, 351.0331177711487], 0.9788808822631836, 0.846185564994812], [[958.4497833251953, 431.70926570892334], [973.6840057373047, 375.92137813568115], 0.9981746077537537, 0.9870694279670715], [[733.1360626220703, 423.07358264923096], [803.1529235839844, 416.08696460723877], 0.9662787318229675, 0.9077115654945374], [[889.7158813476562, 442.460675239563], [913.3698272705078, 404.2009162902832], 0.9997764229774475, 0.999572217464447], [[811.5433502197266, 441.7862606048584], [855.9619140625, 409.7132205963135], 0.999803364276886, 0.99955153465271], [[888.8508605957031, 562.0813179016113], [928.2259368896484, 518.5715961456299], 0.9705883860588074, 0.9897130131721497], [[793.057861328125, 551.0592842102051], [861.8149566650391, 521.3384342193604], 0.9781886339187622, 0.9869720339775085], [[883.6787414550781, 663.0305242538452], [957.9326629638672, 623.2714319229126], 0.9077391624450684, 0.9889509081840515], [[776.0774993896484, 656.785569190979], [868.4254455566406, 633.3206176757812], 0.9065648317337036, 0.9882540106773376]]
1.5 [[[861.3041687011719, 180.41297435760498], [848.0577087402344, 205.91492414474487], 0.9999927282333374, 0.9999918341636658], [[872.6197052001953, 168.673814535141], [855.4068756103516, 196.36568069458008], 0.9999810457229614, 0.9999760985374451], [[848.64990234375, 168.2855486869812], [840.3559112548828, 200.87209224700928], 0.9999693036079407, 0.9999666213989258], [[879.6910858154297, 176.9052243232727], [871.4399719238281, 200.12566566467285], 0.9999769926071167, 0.9999727010726929], [[836.9486236572266, 176.36259198188782], [838.194580078125, 209.699285030365], 0.9999424815177917, 0.9998946785926819], [[919.6945190429688, 259.2652201652527], [917.5054931640625, 257.7744483947754], 0.9999945759773254, 0.9999868869781494], [[795.3517150878906, 257.6742625236511], [824.7313690185547, 283.21908473968506], 0.9999534487724304, 0.9998807311058044], [[944.5264434814453, 351.62095069885254], [951.7454528808594, 321.85169219970703], 0.9979686141014099, 0.9957444667816162], [[764.9125671386719, 347.2583270072937], [813.0884552001953, 356.91672563552856], 0.9793907999992371, 0.8466148972511292], [[958.4253692626953, 431.7385768890381], [969.4161987304688, 380.06850242614746], 0.9981892108917236, 0.986609697341919], [[733.0348968505859, 423.06328296661377], [799.0158081054688, 419.4810104370117], 0.9667402505874634, 0.906133234500885], [[889.7210693359375, 442.4806308746338], [910.4621887207031, 406.9782257080078], 0.9997771978378296, 0.9995575547218323], [[811.8160247802734, 441.82600021362305], [853.099365234375, 412.64227867126465], 0.9998042583465576, 0.9995434880256653], [[888.8527679443359, 562.0816612243652], [926.5907287597656, 519.5444440841675], 0.9703171849250793, 0.9899892807006836], [[793.1462097167969, 551.147346496582], [859.4454956054688, 522.2330904006958], 0.9778505563735962, 0.9873778820037842], [[883.6174774169922, 663.1200456619263], [952.7288818359375, 623.4495735168457], 0.9075639247894287, 0.9893088340759277], [[776.0820007324219, 656.8831586837769], [865.2602386474609, 633.376407623291], 0.905402660369873, 0.9886903762817383]]
1.6 [[[863.2847595214844, 180.82122802734375], [845.5982208251953, 206.5169620513916], 0.9999926090240479, 0.9999922513961792], [[873.8871002197266, 168.83943557739258], [852.9230499267578, 196.9260048866272], 0.9999809265136719, 0.9999772906303406], [[850.1540374755859, 168.53532671928406], [837.5715637207031, 201.48000955581665], 0.9999692440032959, 0.9999684691429138], [[880.0540924072266, 176.90792798995972], [868.2946014404297, 200.8706760406494], 0.9999768137931824, 0.9999739527702332], [[837.5737762451172, 176.46732687950134], [835.0514984130859, 210.0051212310791], 0.9999430179595947, 0.9999001622200012], [[919.7503662109375, 259.41214084625244], [913.1861114501953, 258.7512230873108], 0.9999945759773254, 0.9999868273735046], [[795.3857421875, 257.6732540130615], [820.41015625, 283.69184017181396], 0.9999536871910095, 0.9998809099197388], [[944.3106842041016, 351.67086124420166], [948.7294769287109, 321.69284105300903], 0.997907817363739, 0.9958653450012207], [[764.9547576904297, 347.2822952270508], [808.6004638671875, 357.0784306526184], 0.9799214601516724, 0.8484197854995728], [[958.3583068847656, 431.75166606903076], [964.0880584716797, 379.29911613464355], 0.9981831908226013, 0.9868593215942383], [[733.0058288574219, 423.06135177612305], [793.3758544921875, 417.76057720184326], 0.9671564698219299, 0.9070468544960022], [[889.7055053710938, 442.79820442199707], [906.9812774658203, 406.71828746795654], 0.9997802376747131, 0.999571681022644], [[811.8733215332031, 442.0955514907837], [849.3812561035156, 412.11326122283936], 0.9998070597648621, 0.9995625615119934], [[889.091796875, 562.2524213790894], [921.2137603759766, 517.7104568481445], 0.9702819585800171, 0.9902732968330383], [[793.1653594970703, 551.3343715667725], [853.8969421386719, 519.2601728439331], 0.9776594638824463, 0.9877452850341797], [[883.6827850341797, 663.1604719161987], [948.1631469726562, 622.1155500411987], 0.9074646234512329, 0.9896308183670044], [[776.1341094970703, 656.9453001022339], [859.2446899414062, 632.4844980239868], 0.9045319557189941, 0.9892061352729797]]
1.7 [[[864.5088195800781, 181.20319604873657], [839.7939300537109, 203.3820390701294], 0.9999925494194031, 0.9999926090240479], [[874.7425842285156, 169.0164077281952], [847.9957580566406, 192.67635583877563], 0.9999808073043823, 0.9999783635139465], [[851.2258148193359, 168.61894726753235], [831.3423156738281, 197.49323844909668], 0.9999691247940063, 0.9999701380729675], [[880.5378723144531, 176.91825985908508], [863.8740539550781, 197.5223994255066], 0.999976634979248, 0.999975323677063], [[838.1050109863281, 176.46933317184448], [828.5435485839844, 206.53730392456055], 0.9999432563781738, 0.9999053478240967], [[919.8002624511719, 259.4987440109253], [906.9132995605469, 256.15123987197876], 0.9999945759773254, 0.9999873042106628], [[795.4054260253906, 257.49605655670166], [816.0769653320312, 280.14806270599365], 0.9999536871910095, 0.9998791813850403], [[944.2301177978516, 351.7468857765198], [944.3669128417969, 318.8053250312805], 0.9978746771812439, 0.9959844350814819], [[765.0340270996094, 347.2791838645935], [804.5716094970703, 353.85587453842163], 0.9804245233535767, 0.8465643525123596], [[958.3229064941406, 431.7723512649536], [960.430908203125, 377.33500957489014], 0.9981870651245117, 0.9871321320533752], [[732.9664611816406, 423.10431003570557], [789.9412536621094, 417.49553203582764], 0.9675330519676208, 0.9063635468482971], [[889.6840667724609, 442.7913808822632], [901.6412353515625, 403.9503335952759], 0.9997791051864624, 0.9995900392532349], [[811.9182586669922, 442.04044818878174], [845.0938415527344, 410.4723930358887], 0.9998070001602173, 0.9995781183242798], [[889.0921020507812, 562.2555541992188], [915.9151458740234, 515.300030708313], 0.9705145359039307, 0.9905187487602234], [[793.2733917236328, 551.3444137573242], [849.0621185302734, 516.3093137741089], 0.9776071310043335, 0.9877150654792786], [[883.64501953125, 663.0489349365234], [944.4335174560547, 622.1702241897583], 0.9076314568519592, 0.9898794889450073], [[776.1727142333984, 656.9898891448975], [854.6497344970703, 631.8406820297241], 0.9039117693901062, 0.989459753036499]]
1.8 [[[865.7123565673828, 181.52963161468506], [836.1651611328125, 203.13358068466187], 0.9999924898147583, 0.9999927878379822], [[875.4575347900391, 169.13285851478577], [844.1623687744141, 192.59395837783813], 0.999980628490448, 0.9999788403511047], [[852.0771026611328, 168.72785568237305], [827.5888061523438, 197.33297109603882], 0.9999690055847168, 0.9999709129333496], [[880.8911895751953, 176.9206953048706], [860.1152038574219, 197.38852500915527], 0.9999763369560242, 0.9999759197235107], [[838.4938049316406, 176.48141384124756], [824.4293975830078, 206.25629425048828], 0.9999434947967529, 0.9999071955680847], [[919.8598480224609, 259.5221757888794], [903.7167358398438, 256.5139389038086], 0.9999945759773254, 0.9999874234199524], [[795.4250335693359, 257.4637198448181], [811.0667419433594, 280.22217750549316], 0.9999536871910095, 0.9998751878738403], [[944.1487884521484, 351.7906594276428], [942.7837371826172, 318.95636558532715], 0.9978460669517517, 0.9961193203926086], [[765.0454711914062, 347.33473777770996], [799.4910430908203, 354.2562961578369], 0.9809591174125671, 0.8458566069602966], [[958.3242797851562, 431.77050590515137], [958.0259704589844, 378.57054233551025], 0.9981840252876282, 0.9871838092803955], [[732.952880859375, 423.2617235183716], [785.6739044189453, 418.30551624298096], 0.967856764793396, 0.9052209258079529], [[889.9211883544922, 442.5981330871582], [898.6149597167969, 405.48829078674316], 0.9997785091400146, 0.9995899796485901], [[812.3088836669922, 441.874794960022], [841.4664459228516, 412.05227851867676], 0.9998061060905457, 0.9995707869529724], [[889.55322265625, 562.2138833999634], [912.9111480712891, 517.716121673584], 0.9705050587654114, 0.9906649589538574], [[793.4904479980469, 551.3626098632812], [843.9500427246094, 517.6935911178589], 0.9773114323616028, 0.9874417185783386], [[883.7858581542969, 663.0774736404419], [939.6084594726562, 626.4127063751221], 0.9077867865562439, 0.9901488423347473], [[776.3398742675781, 657.0038366317749], [850.6388854980469, 631.867504119873], 0.903180718421936, 0.989433228969574]]
1.9 [[[866.3987731933594, 181.94011688232422], [832.6020812988281, 200.48712015151978], 0.9999924898147583, 0.9999929666519165], [[875.8754730224609, 169.38273310661316], [841.3433074951172, 189.61865901947021], 0.9999805688858032, 0.9999794363975525], [[852.7210998535156, 168.86376857757568], [824.2243957519531, 193.3428955078125], 0.999968945980072, 0.9999716281890869], [[881.1283874511719, 176.94716334342957], [857.0170593261719, 195.02590656280518], 0.9999762177467346, 0.9999766945838928], [[838.7628936767578, 176.48784041404724], [819.8869323730469, 203.35285663604736], 0.999943733215332, 0.9999098777770996], [[919.8867797851562, 259.5277976989746], [898.4902954101562, 254.06864404678345], 0.9999946355819702, 0.9999881982803345], [[795.4395294189453, 257.32272148132324], [807.4905395507812, 277.0527720451355], 0.9999536871910095, 0.9998756647109985], [[944.0177917480469, 351.83584928512573], [936.5305328369141, 316.11843824386597], 0.9978500008583069, 0.9961860179901123], [[765.0627136230469, 347.3582983016968], [796.7510223388672, 351.1610698699951], 0.9814317226409912, 0.8429073691368103], [[958.3297729492188, 431.75110816955566], [951.5522003173828, 376.8447017669678], 0.998206615447998, 0.9876697659492493], [[732.9307556152344, 423.4101676940918], [782.2596740722656, 417.60080337524414], 0.9682967066764832, 0.9057830572128296], [[889.9147033691406, 442.33025550842285], [892.4873352050781, 402.8844451904297], 0.9997773766517639, 0.9996147751808167], [[812.3377990722656, 441.6289758682251], [835.3730773925781, 410.0642251968384], 0.9998053312301636, 0.999588668346405], [[889.5534515380859, 562.1443605422974], [909.5272827148438, 515.222954750061], 0.9708868861198425, 0.9910420179367065], [[793.5374450683594, 551.3150596618652], [840.4765319824219, 516.821722984314], 0.9773174524307251, 0.9878081679344177], [[883.6371612548828, 662.972846031189], [935.5982971191406, 623.8306188583374], 0.9090957045555115, 0.9906721115112305], [[776.3611602783203, 657.0325899124146], [849.8426055908203, 629.2013454437256], 0.9040912985801697, 0.9898277521133423]]
2.0 [[[867.0692443847656, 182.07343339920044], [828.0861663818359, 193.02263975143433], 0.9999924302101135, 0.9999930262565613], [[876.2408447265625, 169.45489525794983], [836.9277954101562, 182.30541229248047], 0.9999805688858032, 0.9999798536300659], [[853.2196807861328, 168.88404607772827], [819.8039245605469, 187.25574016571045], 0.9999688863754272, 0.9999721646308899], [[881.4725494384766, 176.9474959373474], [851.5357208251953, 187.390558719635], 0.9999762177467346, 0.9999774694442749], [[838.9443206787109, 176.48998618125916], [815.16357421875, 196.17275476455688], 0.9999441504478455, 0.9999123215675354], [[919.9140930175781, 259.5331406593323], [893.4473419189453, 246.59358501434326], 0.9999946355819702, 0.9999886155128479], [[795.5085754394531, 257.146360874176], [803.3294677734375, 269.35678482055664], 0.9999533891677856, 0.9998750686645508], [[943.9324188232422, 351.89303398132324], [931.5336608886719, 310.76056480407715], 0.9978503584861755, 0.9962319135665894], [[765.0770568847656, 347.3116707801819], [792.7223205566406, 344.94006156921387], 0.9818141460418701, 0.8435962796211243], [[958.3512878417969, 431.74381256103516], [947.6313018798828, 370.5563163757324], 0.9982188940048218, 0.9877292513847351], [[732.913818359375, 423.4014558792114], [778.9393615722656, 411.7064666748047], 0.9687195420265198, 0.9061501026153564], [[889.9175262451172, 442.20202445983887], [886.6593933105469, 394.04289722442627], 0.9997734427452087, 0.9996221661567688], [[812.357177734375, 441.4409637451172], [830.4798126220703, 401.0118770599365], 0.9998007416725159, 0.9995894432067871], [[889.5592498779297, 562.1883487701416], [905.7402038574219, 506.02675437927246], 0.9708700776100159, 0.9913207292556763], [[793.5282897949219, 551.3206386566162], [837.4709320068359, 510.26005268096924], 0.9768800735473633, 0.9878695011138916], [[883.6280822753906, 663.2620096206665], [933.7534332275391, 617.31529712677], 0.9088807702064514, 0.9910240173339844], [[776.3692474365234, 657.1982431411743], [847.5889587402344, 624.459285736084], 0.903077244758606, 0.990027666091919]]
2.1 [[[867.6068878173828, 182.14735507965088], [824.3904113769531, 186.55735731124878], 0.999992311000824, 0.9999932646751404], [[876.5675354003906, 169.48016166687012], [833.9720153808594, 176.38554096221924], 0.9999802708625793, 0.9999805688858032], [[853.6766052246094, 168.89803647994995], [816.1393737792969, 180.70499181747437], 0.9999684691429138, 0.9999730587005615], [[881.9215393066406, 176.9494593143463], [848.3988952636719, 181.31374597549438], 0.9999758005142212, 0.9999785423278809], [[839.1202545166016, 176.49296879768372], [812.0976257324219, 188.72211456298828], 0.9999441504478455, 0.9999161958694458], [[919.9301147460938, 259.5350933074951], [889.9631500244141, 239.4871473312378], 0.9999945759773254, 0.9999891519546509], [[795.6089019775391, 256.9482421875], [799.9851226806641, 262.5630283355713], 0.9999533295631409, 0.9998789429664612], [[943.7432098388672, 351.90640211105347], [927.5953674316406, 304.14679527282715], 0.9978066086769104, 0.996309757232666], [[765.0804138183594, 347.29201555252075], [789.0171051025391, 338.102810382843], 0.9822733402252197, 0.8480759859085083], [[958.3528137207031, 431.7001247406006], [942.9942321777344, 363.1824731826782], 0.9982118606567383, 0.9881039261817932], [[732.8353881835938, 423.4005546569824], [777.4028015136719, 405.49635887145996], 0.9691701531410217, 0.9093694090843201], [[889.9079895019531, 442.15670585632324], [886.0850524902344, 387.41947174072266], 0.9997703433036804, 0.9996308088302612], [[812.3648834228516, 441.4194631576538], [830.2680969238281, 394.8672151565552], 0.9997965097427368, 0.9995968341827393], [[889.5584106445312, 562.3261070251465], [904.3855285644531, 502.5758457183838], 0.9705650806427002, 0.9915573000907898], [[793.5598754882812, 551.3062191009521], [834.5282745361328, 505.27161598205566], 0.976213276386261, 0.9881446957588196], [[883.5836791992188, 663.3679676055908], [930.9281921386719, 614.0938568115234], 0.9075120091438293, 0.9913272261619568], [[776.3794708251953, 657.246265411377], [843.8265991210938, 620.3191566467285], 0.9001627564430237, 0.9903777241706848]]
2.2 [[[869.0934753417969, 182.30461835861206], [815.6440734863281, 187.06886529922485], 0.999992311000824, 0.9999932050704956], [[877.2074127197266, 169.56865310668945], [824.7770690917969, 175.81479907035828], 0.9999803304672241, 0.999980628490448], [[854.9690246582031, 168.93315196037292], [808.3922576904297, 180.85605382919312], 0.9999684691429138, 0.9999727606773376], [[882.4851226806641, 176.9541370868683], [839.7370910644531, 179.67033505439758], 0.9999758005142212, 0.9999790191650391], [[839.3156433105469, 176.5020453929901], [805.5635070800781, 189.17843341827393], 0.9999446868896484, 0.9999156594276428], [[919.9855804443359, 259.5386338233948], [881.9846343994141, 240.31131505966187], 0.9999946355819702, 0.9999895691871643], [[795.7434844970703, 256.63272857666016], [792.0564270019531, 264.4909358024597], 0.999953031539917, 0.9998736381530762], [[943.6460876464844, 351.93172216415405], [922.7904510498047, 304.30328607559204], 0.9977684020996094, 0.9964383244514465], [[764.9739074707031, 347.2151756286621], [781.8292999267578, 339.1672396659851], 0.9826899170875549, 0.8453640937805176], [[958.3531951904297, 431.7278051376343], [936.2119293212891, 364.35839653015137], 0.9982156157493591, 0.9885588884353638], [[732.6511383056641, 423.40192794799805], [766.9187927246094, 406.8666458129883], 0.9695273637771606, 0.9100251793861389], [[889.9076843261719, 442.14494705200195], [872.4745178222656, 388.75508308410645], 0.9997713565826416, 0.9996406435966492], [[812.369384765625, 441.4163303375244], [817.4185180664062, 396.09206199645996], 0.9997924566268921, 0.9996004104614258], [[889.6694946289062, 562.433352470398], [890.2598571777344, 500.86137771606445], 0.9702329039573669, 0.9914224743843079], [[793.5655212402344, 551.3099956512451], [823.7877655029297, 504.3164920806885], 0.9752604961395264, 0.9879225492477417], [[883.9912414550781, 665.1105880737305], [921.3928985595703, 612.226996421814], 0.9059255719184875, 0.9914814829826355], [[776.4118957519531, 657.2657918930054], [834.8683166503906, 619.3792247772217], 0.8961672782897949, 0.9905053973197937]]
2.3 [[[870.0151062011719, 182.64914274215698], [809.6931457519531, 184.81932878494263], 0.9999923706054688, 0.9999932050704956], [[877.7175903320312, 169.88527178764343], [818.9949035644531, 173.80945086479187], 0.999980628490448, 0.999980628490448], [[856.0554504394531, 169.01671886444092], [801.1181640625, 178.49467992782593], 0.9999688863754272, 0.9999727010726929], [[883.0258941650391, 177.11755871772766], [832.4736022949219, 177.54715204238892], 0.9999761581420898, 0.9999792575836182], [[839.5646667480469, 176.5042233467102], [797.0428466796875, 186.79798364639282], 0.9999459385871887, 0.999916136264801], [[919.9994659423828, 259.54622983932495], [873.2141876220703, 236.72803401947021], 0.9999947547912598, 0.9999901056289673], [[795.7780456542969, 256.598482131958], [784.5259857177734, 262.1671772003174], 0.9999527931213379, 0.9998741149902344], [[943.6225128173828, 351.94562673568726], [913.0293273925781, 302.3106622695923], 0.9977442622184753, 0.9965060353279114], [[764.9190521240234, 347.20614194869995], [774.9934387207031, 336.63259506225586], 0.9831053614616394, 0.8453246355056763], [[958.349609375, 431.7966413497925], [928.5955047607422, 361.47864818573], 0.998221755027771, 0.9887132048606873], [[732.5808715820312, 423.38265895843506], [761.4389801025391, 404.8900079727173], 0.969986081123352, 0.9104215502738953], [[889.9116516113281, 442.2018527984619], [868.2367706298828, 385.51403045654297], 0.9997731447219849, 0.9996535778045654], [[812.3796081542969, 441.5269660949707], [811.6069030761719, 392.75020122528076], 0.9997898936271667, 0.9996107220649719], [[889.6693420410156, 562.5194835662842], [886.1329650878906, 497.50694274902344], 0.970268726348877, 0.9915666580200195], [[793.572998046875, 551.3142013549805], [818.0652618408203, 501.3567924499512], 0.9745631814002991, 0.9876834750175476], [[883.9998626708984, 665.6978845596313], [917.1990203857422, 611.4153385162354], 0.9049238562583923, 0.9917314648628235], [[776.4936828613281, 657.2575521469116], [829.2097473144531, 616.6060781478882], 0.8932461738586426, 0.990561306476593]]
2.4 [[[870.6369781494141, 182.94628858566284], [802.6167297363281, 181.27280473709106], 0.9999924302101135, 0.9999931454658508], [[878.0348968505859, 170.17237544059753], [811.8887329101562, 170.4722249507904], 0.9999808669090271, 0.9999804496765137], [[856.7926025390625, 169.12855625152588], [793.8848876953125, 175.23215889930725], 0.9999693036079407, 0.9999721646308899], [[883.3125305175781, 177.23002910614014], [825.6626129150391, 174.4507884979248], 0.9999763369560242, 0.9999791979789734], [[839.7935485839844, 176.5305733680725], [789.4032287597656, 183.52264165878296], 0.9999471306800842, 0.9999153017997742], [[920.0224304199219, 259.5598554611206], [868.2923126220703, 234.30739402770996], 0.9999948143959045, 0.9999906420707703], [[795.8564758300781, 256.5794277191162], [778.0036926269531, 258.63033056259155], 0.9999535083770752, 0.9998727440834045], [[943.6051177978516, 351.9981122016907], [907.3841094970703, 299.5881986618042], 0.9977194666862488, 0.9966030120849609], [[764.8302459716797, 347.20077753067017], [768.1665802001953, 334.109902381897], 0.9836807250976562, 0.8456547856330872], [[958.3506774902344, 431.8244934082031], [922.8448486328125, 358.6395192146301], 0.9982333779335022, 0.9892995953559875], [[732.5055694580078, 423.40415954589844], [755.6938171386719, 402.0854902267456], 0.9705458283424377, 0.9118951559066772], [[889.8945617675781, 442.21558570861816], [863.7064361572266, 384.13108348846436], 0.9997745752334595, 0.9996602535247803], [[812.4958038330078, 441.631121635437], [806.5383911132812, 390.8954429626465], 0.999789834022522, 0.9996095299720764], [[889.1112518310547, 562.5910663604736], [883.0814361572266, 495.7553958892822], 0.9692689776420593, 0.9917831420898438], [[794.0901184082031, 551.6531896591187], [812.6425170898438, 498.6650562286377], 0.9739120602607727, 0.9880068898200989], [[883.9339447021484, 665.5568218231201], [909.7399139404297, 607.9703950881958], 0.9024116396903992, 0.9918921589851379], [[776.4805603027344, 657.2558784484863], [823.0458831787109, 614.5400905609131], 0.8900721669197083, 0.990742027759552]]
2.5 [[[870.9576416015625, 183.29201459884644], [801.3235473632812, 182.9147243499756], 0.9999924898147583, 0.9999931454658508], [[878.2839202880859, 170.57517886161804], [810.7341003417969, 171.51777148246765], 0.9999811053276062, 0.9999804496765137], [[857.3434448242188, 169.29603338241577], [793.2778167724609, 175.36759972572327], 0.9999696612358093, 0.999972403049469], [[883.6220550537109, 177.4285125732422], [825.15380859375, 175.89372038841248], 0.999976634979248, 0.9999794363975525], [[839.9985504150391, 176.55290007591248], [789.1979217529297, 184.01320695877075], 0.9999482035636902, 0.9999167919158936], [[920.1079559326172, 259.6148085594177], [868.4292602539062, 234.49669361114502], 0.9999949336051941, 0.9999911189079285], [[796.1329650878906, 256.0007357597351], [777.7613830566406, 257.83038854599], 0.9999539256095886, 0.9998738169670105], [[943.6148834228516, 352.0840072631836], [906.9367980957031, 298.65118503570557], 0.9977191686630249, 0.9967547655105591], [[764.7004699707031, 346.63689136505127], [768.6726379394531, 333.6889886856079], 0.984117865562439, 0.8444177508354187], [[958.3528137207031, 431.8797254562378], [920.5223083496094, 356.65125131607056], 0.9982487559318542, 0.9899463653564453], [[732.4652099609375, 423.3377265930176], [757.716064453125, 402.9429817199707], 0.970919132232666, 0.9127238988876343], [[889.8828125, 442.0908308029175], [863.0396270751953, 383.0904722213745], 0.9997754693031311, 0.9996599555015564], [[812.5049591064453, 441.48332118988037], [807.7964782714844, 390.3671979904175], 0.9997880458831787, 0.9996050596237183], [[888.8226318359375, 562.5806379318237], [881.7448425292969, 496.022629737854], 0.968760073184967, 0.991521418094635], [[794.1592407226562, 551.6537046432495], [813.0323791503906, 499.64030742645264], 0.9731258153915405, 0.9873160123825073], [[883.8201141357422, 665.4635667800903], [909.4944763183594, 607.1515703201294], 0.8998956084251404, 0.9913491606712341], [[776.4911651611328, 657.1527528762817], [821.4729309082031, 614.8384809494019], 0.8863241672515869, 0.9902881383895874]]
2.6 [[[871.2892913818359, 183.51768493652344], [799.0575408935547, 180.85987329483032], 0.9999926686286926, 0.9999933242797852], [[878.543701171875, 170.7240092754364], [808.3134460449219, 169.56205487251282], 0.9999816417694092, 0.9999812245368958], [[857.7388000488281, 169.37433242797852], [791.3144683837891, 172.63542652130127], 0.9999704957008362, 0.999973475933075], [[883.9380645751953, 177.4617612361908], [822.60498046875, 173.34513902664185], 0.9999772906303406, 0.9999804496765137], [[840.1725769042969, 176.55833959579468], [787.9367065429688, 180.88246822357178], 0.9999499917030334, 0.9999203085899353], [[920.2088165283203, 259.6469521522522], [865.7569122314453, 231.1127758026123], 0.9999950528144836, 0.9999917149543762], [[796.3658142089844, 255.8610463142395], [774.9586486816406, 253.24340343475342], 0.9999544024467468, 0.9998766183853149], [[943.6143493652344, 352.1593236923218], [903.1831359863281, 295.242977142334], 0.9977163672447205, 0.9969320893287659], [[764.6098327636719, 346.4863872528076], [764.9300384521484, 328.55562686920166], 0.9844986796379089, 0.8430849313735962], [[958.3537292480469, 432.00164794921875], [916.9044494628906, 353.56207609176636], 0.998253583908081, 0.9905635714530945], [[732.3920440673828, 423.3381986618042], [754.2356872558594, 397.5103712081909], 0.9713577032089233, 0.9130430221557617], [[890.0083160400391, 442.0799732208252], [859.4580841064453, 377.36371994018555], 0.9997775554656982, 0.9996764659881592], [[812.5534820556641, 441.48048877716064], [804.6592712402344, 384.6870517730713], 0.9997871518135071, 0.9996183514595032], [[889.1442108154297, 562.5134325027466], [875.4694366455078, 488.5772466659546], 0.9687861204147339, 0.9916224479675293], [[794.1624450683594, 551.6540050506592], [809.2196655273438, 494.1260290145874], 0.9726312160491943, 0.9867181777954102], [[883.8136291503906, 665.4950666427612], [905.1060485839844, 603.4971141815186], 0.8993439674377441, 0.9913613796234131], [[776.4830780029297, 657.1284627914429], [817.1989440917969, 613.7779998779297], 0.8846949338912964, 0.9901027679443359]]
2.7 [[[871.5509033203125, 183.59272241592407], [795.8847808837891, 176.7241644859314], 0.9999927878379822, 0.9999933242797852], [[878.8594818115234, 170.78232049942017], [805.1481628417969, 166.25582456588745], 0.9999819993972778, 0.9999815225601196], [[857.9772186279297, 169.38616633415222], [788.1143188476562, 168.71721267700195], 0.9999710321426392, 0.9999733567237854], [[884.3906402587891, 177.49735951423645], [819.3444061279297, 170.12571573257446], 0.999977707862854, 0.9999810457229614], [[840.3116607666016, 176.56163334846497], [783.9337921142578, 176.9608747959137], 0.9999512434005737, 0.9999197721481323], [[920.3727722167969, 259.7001028060913], [861.5640258789062, 227.43289232254028], 0.9999951720237732, 0.9999921321868896], [[796.5444183349609, 255.81263780593872], [771.6905975341797, 249.83508825302124], 0.9999545216560364, 0.9998723268508911], [[943.6148071289062, 352.3526358604431], [899.4242858886719, 292.9075026512146], 0.9977114796638489, 0.9970593452453613], [[764.5447540283203, 346.381995677948], [761.0803985595703, 325.2110195159912], 0.9848052859306335, 0.8402992486953735], [[958.3723449707031, 432.2522306442261], [912.9750061035156, 351.46390199661255], 0.9982678890228271, 0.9911128878593445], [[732.3844146728516, 423.3375120162964], [750.5606842041016, 396.0728359222412], 0.9717386960983276, 0.9115751385688782], [[889.9888610839844, 442.34806537628174], [854.7994232177734, 375.47059535980225], 0.9997802376747131, 0.9996814131736755], [[812.5595092773438, 441.6387176513672], [799.5299530029297, 381.8515920639038], 0.9997872114181519, 0.999615490436554], [[889.1401672363281, 562.596173286438], [871.4836120605469, 487.71027088165283], 0.9686610102653503, 0.9915624856948853], [[794.1741180419922, 551.6740894317627], [806.8988800048828, 494.4042491912842], 0.9722489714622498, 0.9864466190338135], [[883.7203216552734, 666.0329675674438], [900.0752258300781, 601.5251970291138], 0.8986552357673645, 0.9913430213928223], [[776.4094543457031, 657.1516799926758], [813.51318359375, 612.7318096160889], 0.8831100463867188, 0.9900330305099487]]
2.8 [[[871.9419860839844, 183.752281665802], [789.2600250244141, 175.68234086036682], 0.9999929666519165, 0.9999934434890747], [[879.1307830810547, 170.96797227859497], [798.4812164306641, 164.54161405563354], 0.9999824166297913, 0.9999819397926331], [[858.2804107666016, 169.46906805038452], [780.279541015625, 168.28514099121094], 0.9999716877937317, 0.9999738931655884], [[884.6269989013672, 177.61308073997498], [812.7992248535156, 168.8115406036377], 0.999978244304657, 0.9999815225601196], [[840.4773712158203, 176.5853226184845], [775.43701171875, 177.63580441474915], 0.9999526143074036, 0.9999217391014099], [[920.4514312744141, 259.7525882720947], [855.1230621337891, 226.42298698425293], 0.999995231628418, 0.9999923706054688], [[796.7432403564453, 255.7711386680603], [765.6113433837891, 251.16943359375], 0.9999547600746155, 0.9998705983161926], [[943.6020660400391, 352.4377369880676], [894.1757202148438, 291.2187194824219], 0.9977165460586548, 0.9971017241477966], [[764.4858551025391, 346.26558780670166], [755.2597045898438, 325.8170485496521], 0.9851000308990479, 0.8384312987327576], [[958.3875274658203, 432.40947246551514], [907.6162719726562, 350.79643964767456], 0.9982860684394836, 0.9914257526397705], [[732.3843383789062, 423.3203458786011], [745.2689361572266, 397.28742599487305], 0.9721477031707764, 0.9092146158218384], [[889.9904632568359, 442.34776496887207], [851.6978454589844, 375.6541442871094], 0.9997826218605042, 0.9996862411499023], [[812.5971984863281, 441.6362714767456], [794.5152282714844, 382.2814750671387], 0.9997870922088623, 0.9996230006217957], [[889.0663146972656, 562.6086616516113], [868.3088684082031, 489.3082666397095], 0.9684913754463196, 0.9914542436599731], [[794.1767120361328, 551.6880369186401], [802.8456878662109, 495.919246673584], 0.9717117547988892, 0.9862148761749268], [[883.4892272949219, 666.1096143722534], [899.0061950683594, 602.1735191345215], 0.8979483246803284, 0.9911098480224609], [[776.3274383544922, 657.1775579452515], [811.7668151855469, 613.6874914169312], 0.8817183375358582, 0.9899446964263916]]
2.9 [[[872.7829742431641, 183.92327785491943], [785.3357696533203, 175.14708995819092], 0.9999930262565613, 0.9999935626983643], [[879.6778869628906, 171.19034886360168], [793.9435577392578, 163.6051046848297], 0.9999826550483704, 0.9999823570251465], [[859.2512512207031, 169.60635423660278], [776.1641693115234, 168.05407404899597], 0.9999720454216003, 0.9999746680259705], [[884.7211456298828, 177.6806616783142], [807.4864196777344, 168.21773171424866], 0.9999785423278809, 0.9999818205833435], [[840.7306671142578, 176.5959334373474], [770.7386779785156, 177.6306653022766], 0.9999536275863647, 0.9999245405197144], [[920.4728698730469, 259.7646474838257], [849.6732330322266, 225.56877851486206], 0.9999952912330627, 0.9999925494194031], [[796.8688201904297, 255.6220293045044], [760.3090667724609, 251.4177417755127], 0.9999549388885498, 0.9998723268508911], [[943.6021423339844, 352.4412775039673], [888.3219909667969, 289.095675945282], 0.9977082014083862, 0.9971778988838196], [[764.3852996826172, 346.1551880836487], [749.9103546142578, 325.1358103752136], 0.9854328036308289, 0.8386270403862], [[958.3856201171875, 432.4394702911377], [901.2811279296875, 348.3268976211548], 0.998303234577179, 0.9917120337486267], [[732.3339080810547, 423.3193588256836], [739.7866821289062, 396.55391693115234], 0.9725088477134705, 0.9080634117126465], [[889.9874114990234, 442.34978199005127], [846.8595886230469, 374.43105697631836], 0.9997832179069519, 0.9996989369392395], [[812.6025390625, 441.71648025512695], [789.4395446777344, 380.71497917175293], 0.9997866749763489, 0.9996401071548462], [[888.9122009277344, 562.6546669006348], [857.1337127685547, 484.59075450897217], 0.968380868434906, 0.9912444949150085], [[794.1795349121094, 552.0205879211426], [796.7173767089844, 490.85987091064453], 0.9713448882102966, 0.9855980277061462], [[883.153076171875, 665.88782787323], [888.6167144775391, 598.7807178497314], 0.8970692157745361, 0.9908691644668579], [[776.2830352783203, 657.1979427337646], [803.2717895507812, 611.4009189605713], 0.8803485631942749, 0.9898027777671814]]
3.0 [[[873.2086181640625, 184.056658744812], [779.6344757080078, 170.44640064239502], 0.999993085861206, 0.999993622303009], [[880.0161743164062, 171.40536546707153], [788.7973022460938, 159.86167430877686], 0.9999827742576599, 0.9999826550483704], [[859.7098541259766, 169.71773028373718], [770.6163024902344, 163.01950335502625], 0.9999722838401794, 0.9999750852584839], [[884.8759460449219, 177.78841137886047], [802.4468231201172, 164.05689597129822], 0.9999786615371704, 0.9999821782112122], [[840.9882354736328, 176.61101818084717], [765.3907775878906, 172.0863676071167], 0.9999542832374573, 0.9999266266822815], [[920.4866027832031, 259.7878432273865], [844.2893218994141, 221.54731035232544], 0.9999953508377075, 0.999992847442627], [[797.0420837402344, 255.58765411376953], [755.0876617431641, 246.4027190208435], 0.9999549984931946, 0.9998730421066284], [[943.5692596435547, 352.45086908340454], [882.2483825683594, 285.9026885032654], 0.9976919889450073, 0.9972062110900879], [[764.3110656738281, 345.95685482025146], [744.8252868652344, 322.2469210624695], 0.985671877861023, 0.8366417288780212], [[958.3830261230469, 432.4462080001831], [894.5838928222656, 344.6490740776062], 0.9983136653900146, 0.9919688105583191], [[732.3269653320312, 423.3018493652344], [735.6452941894531, 395.1739311218262], 0.9727598428726196, 0.9066116809844971], [[889.9907684326172, 442.31399059295654], [841.3774108886719, 372.0568084716797], 0.9997840523719788, 0.9997071623802185], [[812.6708221435547, 441.71489238739014], [784.3280792236328, 378.1946897506714], 0.9997859597206116, 0.9996463060379028], [[888.9339447021484, 562.6607179641724], [853.0827331542969, 482.8767156600952], 0.9681223630905151, 0.9911633133888245], [[794.1985321044922, 552.2990226745605], [793.4494018554688, 490.39217948913574], 0.9707614183425903, 0.9848641753196716], [[883.1499481201172, 666.0618925094604], [885.5629730224609, 596.9444131851196], 0.8961876034736633, 0.9906696081161499], [[776.30126953125, 657.2327899932861], [800.5142211914062, 610.7589912414551], 0.8786565065383911, 0.9894271492958069]]
3.1 [[[873.4912109375, 184.07485485076904], [778.1967163085938, 170.67683458328247], 0.9999930262565613, 0.999993622303009], [[880.3608703613281, 171.42492413520813], [786.7591857910156, 159.90210056304932], 0.9999827146530151, 0.9999827742576599], [[859.9870300292969, 169.74530339241028], [769.7694396972656, 163.67956280708313], 0.9999721050262451, 0.9999754428863525], [[885.1372528076172, 177.80548095703125], [800.6246948242188, 164.60610508918762], 0.9999785423278809, 0.9999823570251465], [[841.2833404541016, 176.62821650505066], [765.7313537597656, 173.1795072555542], 0.9999542832374573, 0.9999276995658875], [[920.5612945556641, 259.82861280441284], [844.2292785644531, 222.09330081939697], 0.9999953508377075, 0.9999930262565613], [[797.2200775146484, 255.58136701583862], [753.9707946777344, 247.58909225463867], 0.9999544620513916, 0.999872088432312], [[943.5379028320312, 352.46668338775635], [881.6518402099609, 286.24053955078125], 0.9976584911346436, 0.9972602725028992], [[764.2606353759766, 345.9367275238037], [744.4877624511719, 323.80895376205444], 0.9858685731887817, 0.8357067108154297], [[958.3830261230469, 432.4668073654175], [894.9671173095703, 346.721670627594], 0.9983066916465759, 0.9921588897705078], [[732.3078155517578, 423.29768657684326], [733.9549255371094, 395.350399017334], 0.9727885723114014, 0.9053669571876526], [[889.9358367919922, 442.4296474456787], [838.5511779785156, 372.7346992492676], 0.999783992767334, 0.9997145533561707], [[812.6765441894531, 441.8020534515381], [781.9369506835938, 378.7329339981079], 0.9997835755348206, 0.9996511936187744], [[889.1316223144531, 562.7908802032471], [852.3500061035156, 485.010724067688], 0.9674612283706665, 0.9907565116882324], [[794.2236328125, 552.4930429458618], [791.4955139160156, 491.96906089782715], 0.9698015451431274, 0.9830068349838257], [[883.1919860839844, 666.3118743896484], [884.9085998535156, 598.6175537109375], 0.8933479189872742, 0.9900113344192505], [[776.4109039306641, 657.3248434066772], [798.6721801757812, 611.0749340057373], 0.8743247985839844, 0.9882962703704834]]
3.2 [[[873.7710571289062, 184.08161401748657], [776.8849182128906, 170.36914229393005], 0.9999931454658508, 0.9999935030937195], [[880.7980346679688, 171.46577954292297], [785.8255004882812, 160.4447329044342], 0.999983012676239, 0.9999825358390808], [[860.2632141113281, 169.76268410682678], [768.2439422607422, 164.00333762168884], 0.9999725818634033, 0.9999754428863525], [[885.4821014404297, 177.85409331321716], [800.1158142089844, 165.22891402244568], 0.9999788999557495, 0.9999819397926331], [[841.5822601318359, 176.63282990455627], [763.8488006591797, 174.143385887146], 0.9999553561210632, 0.9999284148216248], [[920.6462097167969, 259.89365100860596], [842.3570251464844, 222.55635738372803], 0.9999954104423523, 0.9999926686286926], [[797.4770355224609, 255.5262851715088], [750.8499908447266, 248.66246938705444], 0.9999547004699707, 0.999872088432312], [[943.5169982910156, 352.5286531448364], [879.3631744384766, 285.8552885055542], 0.9976546168327332, 0.9971016645431519], [[764.2154693603516, 345.80965518951416], [740.5766296386719, 324.9220061302185], 0.9861183166503906, 0.8351631164550781], [[958.4214019775391, 432.58482456207275], [891.4458465576172, 346.99795961380005], 0.9983077645301819, 0.991361141204834], [[732.3047637939453, 423.26820373535156], [730.3647613525391, 395.8202791213989], 0.9729663729667664, 0.9021835327148438], [[889.9760437011719, 442.41188049316406], [834.9868011474609, 372.3481607437134], 0.999784529209137, 0.9997170567512512], [[812.8299713134766, 441.7642021179199], [777.5822448730469, 378.53230476379395], 0.9997820258140564, 0.9996577501296997], [[889.7442626953125, 562.8234100341797], [849.1130828857422, 485.98756313323975], 0.9671516418457031, 0.990198016166687], [[794.210205078125, 552.6456928253174], [787.7042388916016, 492.80638217926025], 0.9691619277000427, 0.9819206595420837], [[883.2574462890625, 666.9085264205933], [883.5333251953125, 599.4633293151855], 0.8920973539352417, 0.9894494414329529], [[776.4107513427734, 657.5869703292847], [794.9580383300781, 611.3250017166138], 0.8721444010734558, 0.987636923789978]]
3.3 [[[874.0597534179688, 184.09191370010376], [773.2611846923828, 171.58140420913696], 0.9999932050704956, 0.9999933838844299], [[881.2506866455078, 171.50206446647644], [781.8281555175781, 161.4276123046875], 0.9999831318855286, 0.9999822378158569], [[860.5799865722656, 169.77916359901428], [765.0008392333984, 165.09925603866577], 0.9999727606773376, 0.9999754428863525], [[885.8054351806641, 177.89206266403198], [796.1765289306641, 166.0067117214203], 0.9999790787696838, 0.9999816417694092], [[841.8186950683594, 176.6241180896759], [760.1102447509766, 175.05189299583435], 0.9999560117721558, 0.9999287128448486], [[920.8289337158203, 259.96514797210693], [838.1742095947266, 223.6045002937317], 0.9999954104423523, 0.9999915361404419], [[797.7861785888672, 255.41886806488037], [747.3529052734375, 249.30911779403687], 0.9999549388885498, 0.999872088432312], [[943.5158538818359, 352.58150339126587], [874.6570587158203, 287.01340198516846], 0.9976459741592407, 0.9969080686569214], [[764.2273712158203, 345.6822180747986], [738.3344268798828, 325.0998258590698], 0.986332356929779, 0.8331856727600098], [[958.4428405761719, 432.8734302520752], [887.5251770019531, 347.78629302978516], 0.9982994794845581, 0.9900341629981995], [[732.3072814941406, 423.1528043746948], [727.1559143066406, 396.23351097106934], 0.973147988319397, 0.8982821106910706], [[890.0254821777344, 442.4206352233887], [830.4463195800781, 373.06124210357666], 0.9997842907905579, 0.9997154474258423], [[812.9060363769531, 441.74089908599854], [772.8013610839844, 379.4097089767456], 0.9997787475585938, 0.9996695518493652], [[889.8632049560547, 562.9547739028931], [843.6075592041016, 486.3625144958496], 0.9666457772254944, 0.9899088144302368], [[794.2051696777344, 552.8926277160645], [784.8947906494141, 493.13416957855225], 0.9681870341300964, 0.9817138910293579], [[883.3035278320312, 667.6480865478516], [878.5033416748047, 600.0347471237183], 0.8898922204971313, 0.9891523122787476], [[776.4297485351562, 657.9114532470703], [793.3438873291016, 614.9831485748291], 0.8682590126991272, 0.9877144694328308]]
3.4 [[[874.1549682617188, 184.09747123718262], [768.3494567871094, 171.9865894317627], 0.9999933242797852, 0.9999933242797852], [[881.4041137695312, 171.51559352874756], [777.1064758300781, 161.92827343940735], 0.9999834299087524, 0.9999821186065674], [[860.6813049316406, 169.78655576705933], [759.8741149902344, 165.49689888954163], 0.9999732375144958, 0.9999754428863525], [[885.9584045410156, 177.90154695510864], [791.5865325927734, 166.24256372451782], 0.9999793767929077, 0.9999815821647644], [[841.9844055175781, 176.6163182258606], [754.7050476074219, 175.40716767311096], 0.9999570846557617, 0.9999294281005859], [[920.8992004394531, 259.97647762298584], [832.613525390625, 222.84105777740479], 0.9999954700469971, 0.9999915957450867], [[797.9462432861328, 255.35762786865234], [743.3017730712891, 249.62031841278076], 0.9999554753303528, 0.9998736381530762], [[943.5087585449219, 352.5853657722473], [870.6574249267578, 287.1451735496521], 0.9976311922073364, 0.996821939945221], [[764.2333221435547, 345.65719842910767], [733.7247467041016, 325.71754932403564], 0.9865772724151611, 0.8301897048950195], [[958.5619354248047, 432.84836769104004], [883.3583068847656, 348.40105533599854], 0.9982806444168091, 0.9897002577781677], [[732.3054504394531, 423.1250810623169], [723.3745574951172, 396.4704465866089], 0.9734503030776978, 0.8964530825614929], [[890.0285339355469, 442.38385677337646], [826.4131164550781, 373.4721565246582], 0.9997855424880981, 0.9997168779373169], [[812.9719543457031, 441.711802482605], [769.2184448242188, 379.9447774887085], 0.9997761845588684, 0.9996752738952637], [[889.8810577392578, 563.0542087554932], [841.3258361816406, 486.6912031173706], 0.9663119316101074, 0.9896848201751709], [[794.2068481445312, 553.0179405212402], [780.6369018554688, 493.41041564941406], 0.9671308398246765, 0.9812781810760498], [[883.6151885986328, 668.2655096054077], [875.2754974365234, 601.0386228561401], 0.8882580995559692, 0.9888134002685547], [[776.4306640625, 658.0587816238403], [789.4456481933594, 615.7506895065308], 0.8645365238189697, 0.9874408841133118]]
3.5 [[[874.2772674560547, 184.10088300704956], [764.8738861083984, 171.25813364982605], 0.9999935030937195, 0.9999933242797852], [[881.4985656738281, 171.52509927749634], [773.9009094238281, 161.52276635169983], 0.9999839663505554, 0.9999821186065674], [[860.8235168457031, 169.8018443584442], [756.6847229003906, 164.89864826202393], 0.9999740719795227, 0.9999756813049316], [[886.0057067871094, 177.91212558746338], [788.1934356689453, 165.7344675064087], 0.999980092048645, 0.9999819397926331], [[842.1082305908203, 176.6193974018097], [751.4797973632812, 175.03276348114014], 0.9999586343765259, 0.9999306797981262], [[920.9318542480469, 259.9859404563904], [829.4551849365234, 222.22925662994385], 0.9999955892562866, 0.9999915957450867], [[798.0183410644531, 255.3535294532776], [740.2848815917969, 249.75597381591797], 0.9999558329582214, 0.9998741745948792], [[943.5096740722656, 352.59191036224365], [869.5778656005859, 285.79044342041016], 0.9976585507392883, 0.9969200491905212], [[764.2476654052734, 345.6394100189209], [730.7087707519531, 325.92562437057495], 0.986729085445404, 0.8285992741584778], [[958.5890197753906, 432.54525661468506], [881.1368560791016, 348.4000039100647], 0.9982865452766418, 0.9896019101142883], [[732.3102569580078, 423.0566740036011], [720.1313018798828, 396.6576862335205], 0.973725438117981, 0.8955961465835571], [[890.0364685058594, 442.3433446884155], [821.5204620361328, 373.22264671325684], 0.999786913394928, 0.9997143149375916], [[813.0140686035156, 441.61850452423096], [764.9980163574219, 380.127854347229], 0.9997733235359192, 0.9996781945228577], [[889.8783111572266, 563.2068586349487], [835.2783203125, 487.20056533813477], 0.9665756225585938, 0.9896189570426941], [[794.1770935058594, 553.0245494842529], [776.2059020996094, 494.24602031707764], 0.9666019678115845, 0.9805287718772888], [[883.9765167236328, 669.0733480453491], [869.7489166259766, 601.2382221221924], 0.8886852860450745, 0.9886825680732727], [[776.3608551025391, 658.1912183761597], [785.762939453125, 616.0100698471069], 0.8633752465248108, 0.9871145486831665]]
3.6 [[[874.5002746582031, 184.14268255233765], [761.1470031738281, 170.86772203445435], 0.9999935626983643, 0.9999927878379822], [[881.6603088378906, 171.66178464889526], [769.6940612792969, 161.2562084197998], 0.999984085559845, 0.9999810457229614], [[861.1138916015625, 169.90706205368042], [752.5888824462891, 164.79551196098328], 0.9999743700027466, 0.9999744296073914], [[886.0320281982422, 178.01638841629028], [784.013671875, 165.24670243263245], 0.9999802708625793, 0.9999810457229614], [[842.1944427490234, 176.6297721862793], [747.6808166503906, 174.90130305290222], 0.9999594688415527, 0.9999272227287292], [[921.0304260253906, 259.99321460723877], [826.6912078857422, 221.93530797958374], 0.9999955892562866, 0.9999911785125732], [[798.0265808105469, 255.42144298553467], [735.3628540039062, 249.6402096748352], 0.9999556541442871, 0.9998713731765747], [[943.6062622070312, 352.63585567474365], [865.0975036621094, 285.66901445388794], 0.9976479411125183, 0.9969329237937927], [[764.2604827880859, 345.6481862068176], [726.0171508789062, 326.21184825897217], 0.9869632124900818, 0.8253688812255859], [[958.6422729492188, 432.2178554534912], [875.8733367919922, 348.5270118713379], 0.9982596635818481, 0.9889909029006958], [[732.3215484619141, 423.08422565460205], [716.8603515625, 396.3288688659668], 0.9739572405815125, 0.8916758894920349], [[890.4460144042969, 442.3985767364502], [817.7397155761719, 373.45112800598145], 0.9997815489768982, 0.9997102618217468], [[813.1595611572266, 441.63193702697754], [760.7779693603516, 380.2961254119873], 0.999765932559967, 0.9996755123138428], [[890.2769470214844, 563.7131309509277], [829.2575836181641, 486.48881435394287], 0.9668506383895874, 0.9892391562461853], [[793.9642333984375, 553.0268669128418], [771.5635681152344, 494.596209526062], 0.9662029147148132, 0.9788436889648438], [[884.1805267333984, 669.4442224502563], [864.2096710205078, 601.5042114257812], 0.8886779546737671, 0.9884015917778015], [[776.3372802734375, 658.6716985702515], [779.7523498535156, 616.1115217208862], 0.8622124791145325, 0.9864295125007629]]
3.7 [[[874.6620178222656, 184.15143728256226], [758.5490417480469, 168.901287317276], 0.999993622303009, 0.9999924898147583], [[881.7823028564453, 171.71790719032288], [767.0207977294922, 159.1246998310089], 0.9999842643737793, 0.9999800324440002], [[861.2852478027344, 169.9512755870819], [750.1332092285156, 163.18235635757446], 0.9999747276306152, 0.9999733567237854], [[886.05224609375, 178.05487275123596], [780.4240417480469, 163.64097118377686], 0.9999803900718689, 0.999980092048645], [[842.2764587402344, 176.63175702095032], [744.8625183105469, 173.45298528671265], 0.9999602437019348, 0.9999241828918457], [[921.0430145263672, 259.99643325805664], [822.991943359375, 220.81159114837646], 0.9999955892562866, 0.9999908804893494], [[798.0324554443359, 255.42258024215698], [731.3564300537109, 249.6629762649536], 0.9999561309814453, 0.9998673796653748], [[943.7503814697266, 352.6344394683838], [861.11083984375, 285.0376868247986], 0.9976446032524109, 0.9969497919082642], [[764.2695617675781, 345.6567049026489], [722.05078125, 326.4170265197754], 0.9873206615447998, 0.8243744373321533], [[958.7314605712891, 432.0678234100342], [871.3615417480469, 348.35959911346436], 0.9982729554176331, 0.9889956712722778], [[732.3194122314453, 423.12435150146484], [711.7668914794922, 396.2544107437134], 0.9743759632110596, 0.8910611271858215], [[890.7396697998047, 442.4011516571045], [814.866943359375, 373.4632730484009], 0.9997814297676086, 0.999696671962738], [[813.2585906982422, 441.65360927581787], [758.2148742675781, 380.3812265396118], 0.9997671246528625, 0.999672532081604], [[890.8480072021484, 563.7163066864014], [826.6494750976562, 486.80188179016113], 0.9671657085418701, 0.9888818264007568], [[793.9618682861328, 552.8736591339111], [768.3267974853516, 494.72495555877686], 0.9665215611457825, 0.9781829714775085], [[884.4096374511719, 668.935718536377], [859.0903472900391, 601.5444231033325], 0.8898968696594238, 0.9878041744232178], [[776.2403869628906, 658.6727285385132], [777.6828002929688, 616.1192464828491], 0.8636574745178223, 0.9860334992408752]]
3.8 [[[874.7181701660156, 184.15437698364258], [755.6729125976562, 167.80749320983887], 0.999993622303009, 0.9999924302101135], [[881.8489837646484, 171.73814177513123], [764.6945953369141, 158.37971091270447], 0.9999843239784241, 0.9999798536300659], [[861.3533020019531, 169.9653947353363], [746.954345703125, 162.32932806015015], 0.9999748468399048, 0.9999730587005615], [[886.0959625244141, 178.08729529380798], [778.4296417236328, 162.96581625938416], 0.9999804496765137, 0.9999797940254211], [[842.3503112792969, 176.6321861743927], [741.3002777099609, 173.07449340820312], 0.9999605417251587, 0.9999233484268188], [[921.0890197753906, 260.00126123428345], [820.1450347900391, 220.590341091156], 0.9999955892562866, 0.9999909996986389], [[798.0419921875, 255.42105674743652], [729.7483062744141, 248.07564496994019], 0.9999563694000244, 0.9998677968978882], [[943.8740539550781, 352.63845205307007], [857.4485015869141, 284.85568284988403], 0.9976476430892944, 0.9968904852867126], [[764.4267272949219, 345.65359354019165], [718.3583068847656, 326.67996883392334], 0.987523078918457, 0.8251753449440002], [[958.8156127929688, 431.9540548324585], [866.8080139160156, 348.5446071624756], 0.9982802271842957, 0.9890415072441101], [[732.3416900634766, 423.1143093109131], [709.7160339355469, 396.3102865219116], 0.9746335744857788, 0.892021656036377], [[890.7563781738281, 442.4085760116577], [812.3915100097656, 373.9641809463501], 0.9997824430465698, 0.9997008442878723], [[813.2649993896484, 441.6698741912842], [754.2368316650391, 380.54181575775146], 0.9997679591178894, 0.9996764659881592], [[890.9526824951172, 563.7033033370972], [824.4100189208984, 487.94381618499756], 0.9673922657966614, 0.9885902404785156], [[793.82080078125, 552.7795886993408], [767.3310852050781, 496.10755920410156], 0.9667658805847168, 0.977725625038147], [[884.6245574951172, 668.8982105255127], [856.5393829345703, 604.5253229141235], 0.8910822868347168, 0.9875118732452393], [[776.2065124511719, 658.6456918716431], [775.5732727050781, 617.6228713989258], 0.8649713397026062, 0.985700249671936]]
3.9 [[[874.7354125976562, 184.19267892837524], [753.9231872558594, 166.9563639163971], 0.9999936819076538, 0.9999919533729553], [[881.8656921386719, 171.84345602989197], [762.6929473876953, 157.34672784805298], 0.9999845027923584, 0.9999783635139465], [[861.3792419433594, 170.04016399383545], [744.9526214599609, 161.24796867370605], 0.9999750852584839, 0.9999709725379944], [[886.1183166503906, 178.17007899284363], [775.9736633300781, 162.07783341407776], 0.9999807476997375, 0.9999776482582092], [[842.4114227294922, 176.64530754089355], [740.1423645019531, 171.6685438156128], 0.9999610781669617, 0.9999167323112488], [[921.1155700683594, 260.04956245422363], [818.2969665527344, 220.28673648834229], 0.9999956488609314, 0.9999902844429016], [[798.0750274658203, 255.3843855857849], [725.8087921142578, 247.83044815063477], 0.999956488609314, 0.9998630881309509], [[943.9666748046875, 352.6509404182434], [855.4506683349609, 284.58396434783936], 0.9976715445518494, 0.9968897700309753], [[764.5436096191406, 345.5435585975647], [715.1660919189453, 326.84444189071655], 0.9875972867012024, 0.8306018710136414], [[958.8632202148438, 431.93907737731934], [862.5740051269531, 348.40463876724243], 0.9982935786247253, 0.9890825152397156], [[732.3188781738281, 423.0513525009155], [707.1882629394531, 396.3137626647949], 0.9748493432998657, 0.8949959874153137], [[890.6764221191406, 442.41419792175293], [811.5319061279297, 374.19214725494385], 0.9997828006744385, 0.9996604323387146], [[813.1864929199219, 441.6688871383667], [753.5502624511719, 380.6582021713257], 0.9997678399085999, 0.9996514916419983], [[890.5610656738281, 563.7070369720459], [825.1435852050781, 492.8771495819092], 0.9681133031845093, 0.9877354502677917], [[793.2735443115234, 552.7847385406494], [765.4612731933594, 496.9563388824463], 0.9672759771347046, 0.9774029850959778], [[884.5526123046875, 668.9019870758057], [853.8744354248047, 609.4290018081665], 0.8932035565376282, 0.9867544174194336], [[776.2001037597656, 658.685474395752], [772.1082305908203, 619.7195434570312], 0.8675197958946228, 0.9853368401527405]]
4.0 [[[874.7752380371094, 184.30342197418213], [754.4593048095703, 167.4308145046234], 0.9999936819076538, 0.9999917149543762], [[881.9050598144531, 172.03827023506165], [762.9159545898438, 157.69037246704102], 0.9999844431877136, 0.9999774098396301], [[861.4605712890625, 170.19994854927063], [745.3846740722656, 161.66760563850403], 0.9999750256538391, 0.9999697804450989], [[886.1430358886719, 178.28486680984497], [775.0730895996094, 162.55407571792603], 0.9999806880950928, 0.9999762773513794], [[842.48291015625, 176.66304230690002], [739.9922180175781, 171.9439423084259], 0.9999610781669617, 0.9999123811721802], [[921.1245727539062, 260.0625228881836], [816.3318634033203, 221.03106021881104], 0.9999956488609314, 0.9999896287918091], [[798.0919647216797, 255.37711143493652], [726.6690826416016, 251.0029649734497], 0.9999563694000244, 0.9998617768287659], [[943.9508819580078, 352.6900362968445], [853.2044982910156, 286.8437147140503], 0.9976646304130554, 0.9967404007911682], [[764.6467590332031, 345.3900718688965], [718.0569458007812, 332.1942472457886], 0.9876953959465027, 0.8360021710395813], [[958.8686370849609, 431.84020042419434], [864.3336486816406, 353.06106090545654], 0.9982970952987671, 0.9887784123420715], [[732.3417663574219, 422.80094146728516], [708.3541870117188, 401.0986518859863], 0.9750992059707642, 0.8985657095909119], [[890.6461334228516, 442.35995292663574], [810.8549499511719, 376.51185035705566], 0.9997812509536743, 0.9996451735496521], [[813.1733703613281, 441.57880783081055], [754.7905731201172, 383.6861801147461], 0.9997672438621521, 0.9996457695960999], [[889.7205352783203, 563.6888408660889], [824.1165161132812, 496.22536182403564], 0.9684298634529114, 0.9871490001678467], [[793.1130981445312, 552.7061605453491], [764.8945617675781, 500.39917945861816], 0.9675005674362183, 0.9771435856819153], [[884.2020416259766, 668.8863658905029], [851.2089538574219, 612.5845241546631], 0.894508957862854, 0.9860391616821289], [[776.1222076416016, 658.7424230575562], [770.7649993896484, 624.23020362854], 0.8692731261253357, 0.9849599599838257]]
4.1 [[[874.8990631103516, 184.43397045135498], [754.2662048339844, 167.76227116584778], 0.9999936819076538, 0.999991774559021], [[882.0365905761719, 172.24104523658752], [763.4426116943359, 157.9025673866272], 0.9999844431877136, 0.9999775886535645], [[861.6120910644531, 170.43893337249756], [745.6184387207031, 161.96938633918762], 0.9999749064445496, 0.999970018863678], [[886.2065124511719, 178.34161162376404], [775.8146667480469, 162.9010784626007], 0.9999807476997375, 0.9999762177467346], [[842.6370239257812, 176.69164538383484], [740.5400085449219, 172.2168731689453], 0.9999608993530273, 0.9999138712882996], [[921.1654663085938, 260.0902462005615], [816.4228057861328, 221.07011318206787], 0.9999956488609314, 0.9999896883964539], [[798.1614685058594, 255.20630836486816], [726.4369201660156, 251.02547407150269], 0.9999558925628662, 0.9998650550842285], [[943.9609527587891, 352.6945424079895], [851.1567687988281, 287.90340185165405], 0.9976789355278015, 0.9966502785682678], [[764.9653625488281, 345.1875972747803], [717.6216125488281, 332.16416358947754], 0.9876338243484497, 0.8399655222892761], [[958.870849609375, 431.94169521331787], [862.85400390625, 354.5634198188782], 0.9983007907867432, 0.9885056018829346], [[732.6381683349609, 422.60117053985596], [706.9499206542969, 400.9159183502197], 0.9752095341682434, 0.9008156657218933], [[890.4475402832031, 442.336049079895], [808.9084625244141, 377.33960151672363], 0.9997773170471191, 0.9996492266654968], [[813.0864715576172, 441.5083837509155], [753.1001281738281, 384.2729616165161], 0.9997634887695312, 0.9996505975723267], [[889.1954040527344, 563.4979963302612], [818.2151031494141, 496.0144329071045], 0.9692291617393494, 0.9861556887626648], [[792.6481628417969, 552.6880931854248], [759.6614837646484, 500.75709342956543], 0.9681594967842102, 0.9752907752990723], [[883.7388610839844, 668.86962890625], [850.8332824707031, 613.4782791137695], 0.8970151543617249, 0.9846171140670776], [[775.9545135498047, 659.0023612976074], [768.8075256347656, 624.330325126648], 0.8727713227272034, 0.9830167889595032]]
4.2 [[[875.0957489013672, 184.46317434310913], [746.7578125, 168.08706521987915], 0.999993622303009, 0.9999917149543762], [[882.3643493652344, 172.3372185230255], [755.2481079101562, 158.30450177192688], 0.9999843835830688, 0.9999775290489197], [[861.8579864501953, 170.51586985588074], [738.6357116699219, 162.02210783958435], 0.9999747276306152, 0.9999700784683228], [[886.3949584960938, 178.40252995491028], [769.0785217285156, 164.28141832351685], 0.9999807476997375, 0.9999756813049316], [[842.9170227050781, 176.71536684036255], [733.6820983886719, 172.3717761039734], 0.9999606609344482, 0.9999153017997742], [[921.2181091308594, 260.14889001846313], [807.1711730957031, 221.22029542922974], 0.9999956488609314, 0.9999895691871643], [[798.2502746582031, 255.20384073257446], [718.4732818603516, 251.0260534286499], 0.9999552369117737, 0.9998694062232971], [[943.9633941650391, 352.6981258392334], [841.4347076416016, 290.66498279571533], 0.997687041759491, 0.9961534738540649], [[765.1882171630859, 345.11528491973877], [708.6511993408203, 331.825110912323], 0.9875809550285339, 0.8419092297554016], [[958.814697265625, 431.9686460494995], [855.0485992431641, 356.0988450050354], 0.9983043670654297, 0.9870762228965759], [[732.7226257324219, 422.36934185028076], [699.9473571777344, 400.78476905822754], 0.9752582311630249, 0.9004863500595093], [[890.2851867675781, 442.3871183395386], [799.7667694091797, 378.39094161987305], 0.9997754693031311, 0.9996635913848877], [[813.0873107910156, 441.49752616882324], [743.4302520751953, 385.3146457672119], 0.9997606873512268, 0.9996606111526489], [[889.0625762939453, 563.5296678543091], [809.3954467773438, 496.9735908508301], 0.9696720838546753, 0.9851309061050415], [[792.6496124267578, 552.6929426193237], [754.0624237060547, 501.6659116744995], 0.968391478061676, 0.9738752245903015], [[883.6994171142578, 668.8872241973877], [841.3609313964844, 619.4671583175659], 0.898338794708252, 0.9834086894989014], [[775.9525299072266, 659.2881345748901], [761.3486480712891, 625.525689125061], 0.8743754029273987, 0.9811583757400513]]
4.3 [[[875.7427215576172, 184.4676160812378], [740.8768463134766, 168.32638263702393], 0.9999936819076538, 0.9999915361404419], [[883.1492614746094, 172.35339760780334], [749.1728210449219, 158.44109058380127], 0.9999845623970032, 0.9999770522117615], [[862.6863098144531, 170.56130647659302], [733.2023620605469, 162.4590289592743], 0.9999749064445496, 0.9999694228172302], [[886.5673065185547, 178.42270016670227], [763.8034057617188, 164.7861671447754], 0.9999809861183167, 0.9999750852584839], [[843.4000396728516, 176.75703763961792], [728.3492279052734, 172.3951542377472], 0.9999608993530273, 0.9999141097068787], [[921.3484954833984, 260.2431535720825], [802.7455902099609, 221.42367124557495], 0.9999957084655762, 0.9999897480010986], [[798.3274841308594, 255.20124435424805], [713.5871124267578, 251.0534119606018], 0.9999547004699707, 0.9998708367347717], [[943.9602661132812, 352.8027319908142], [838.4701538085938, 291.9618844985962], 0.9977089166641235, 0.9961413145065308], [[765.3140258789062, 345.1068091392517], [705.3643035888672, 332.6916575431824], 0.9875776171684265, 0.8442471623420715], [[958.8067626953125, 432.2184991836548], [851.2835693359375, 357.75458335876465], 0.9983201622962952, 0.9871377348899841], [[732.7226257324219, 422.35093116760254], [696.2870025634766, 401.65492057800293], 0.9753433465957642, 0.9025224447250366], [[890.3852081298828, 442.302188873291], [797.1240997314453, 381.15198612213135], 0.9997760057449341, 0.9996623396873474], [[813.2231903076172, 441.2851810455322], [740.965576171875, 387.85454750061035], 0.9997581839561462, 0.9996540546417236], [[889.0909576416016, 563.569278717041], [807.6331329345703, 499.12128925323486], 0.9702009558677673, 0.984744668006897], [[792.6487731933594, 552.6990795135498], [749.4845581054688, 503.39025020599365], 0.9683436155319214, 0.9727280735969543], [[883.7032318115234, 669.4386005401611], [840.3207397460938, 620.1092576980591], 0.899825394153595, 0.9826586246490479], [[775.9477996826172, 659.5169162750244], [759.4631958007812, 626.3969564437866], 0.8751699924468994, 0.9796056747436523]]
4.4 [[[875.9114837646484, 184.49158430099487], [737.9360198974609, 167.9447042942047], 0.9999937415122986, 0.9999920129776001], [[883.5468292236328, 172.40394115447998], [746.8598937988281, 158.25082540512085], 0.9999846816062927, 0.9999784231185913], [[862.9196929931641, 170.59873938560486], [730.6903839111328, 162.13278651237488], 0.9999750256538391, 0.9999711513519287], [[886.875, 178.48888635635376], [762.5725555419922, 163.97088289260864], 0.9999811053276062, 0.999976634979248], [[843.6727905273438, 176.7732810974121], [728.5679626464844, 171.7738687992096], 0.9999610185623169, 0.9999188780784607], [[921.4525604248047, 260.3395628929138], [803.3956909179688, 220.68441152572632], 0.999995768070221, 0.9999905228614807], [[798.3390808105469, 255.1905369758606], [715.4100036621094, 249.16451454162598], 0.9999542832374573, 0.9998754262924194], [[944.0198516845703, 352.8854727745056], [838.4381103515625, 291.07407331466675], 0.9977295398712158, 0.9962613582611084], [[765.3511047363281, 345.09517908096313], [705.5961608886719, 331.85736179351807], 0.9876211285591125, 0.8377770781517029], [[958.8109588623047, 432.63550758361816], [850.1339721679688, 357.5739526748657], 0.9983341693878174, 0.9877393245697021], [[732.7314758300781, 422.340931892395], [694.9819946289062, 400.6813859939575], 0.9754810333251953, 0.9015733599662781], [[890.4052734375, 442.269229888916], [794.1661834716797, 381.08851432800293], 0.99977707862854, 0.9996832013130188], [[813.2225036621094, 441.10047340393066], [738.4214782714844, 387.6500988006592], 0.9997562766075134, 0.9996686577796936], [[889.0940856933594, 563.4346961975098], [805.9333801269531, 498.7014055252075], 0.9703073501586914, 0.9849649667739868], [[792.7397155761719, 552.5917482376099], [746.5730285644531, 503.2020664215088], 0.96807861328125, 0.9721775054931641], [[883.6958312988281, 669.4469690322876], [837.1440887451172, 620.638918876648], 0.9005938172340393, 0.9827452301979065], [[775.9439849853516, 659.4842576980591], [756.0694885253906, 626.3067054748535], 0.8752226233482361, 0.9790394306182861]]
4.5 [[[876.0933685302734, 184.49716329574585], [735.4715728759766, 166.15586400032043], 0.9999937415122986, 0.9999923706054688], [[883.8607025146484, 172.4355161190033], [744.9649810791016, 157.1557331085205], 0.9999847412109375, 0.9999794960021973], [[863.1689453125, 170.61031579971313], [727.9774475097656, 160.7813823223114], 0.9999750256538391, 0.999972403049469], [[887.056884765625, 178.5353422164917], [760.6427001953125, 162.5843632221222], 0.999981164932251, 0.9999779462814331], [[843.9122009277344, 176.77695035934448], [725.6185913085938, 170.80324172973633], 0.9999608397483826, 0.9999222159385681], [[921.5085601806641, 260.4006314277649], [801.4375305175781, 219.10553455352783], 0.9999958276748657, 0.999991238117218], [[798.34716796875, 255.19027948379517], [715.0321960449219, 246.9802951812744], 0.9999533891677856, 0.9998773336410522], [[944.0208435058594, 352.9711961746216], [838.4157562255859, 288.0659222602844], 0.9977411031723022, 0.9964070320129395], [[765.3775787353516, 345.09284019470215], [704.681396484375, 330.83853006362915], 0.9875697493553162, 0.8292452096939087], [[958.8124084472656, 432.85948276519775], [846.8574523925781, 353.6275863647461], 0.9983439445495605, 0.9883745312690735], [[732.7975463867188, 422.35487937927246], [693.5935211181641, 399.8182725906372], 0.9755116701126099, 0.8995823264122009], [[890.4057312011719, 442.2955799102783], [791.2359619140625, 379.6496057510376], 0.999778687953949, 0.9997002482414246], [[813.2221984863281, 441.0988426208496], [736.0173034667969, 386.781964302063], 0.9997551441192627, 0.999679446220398], [[889.0116882324219, 563.2492589950562], [805.064697265625, 498.4989309310913], 0.9706796407699585, 0.9852347373962402], [[792.8611755371094, 552.45201587677], [745.5075836181641, 503.0330228805542], 0.9680206775665283, 0.9719001054763794], [[883.7508392333984, 669.4351673126221], [834.4923400878906, 620.4470014572144], 0.9024257063865662, 0.9829944968223572], [[775.9505462646484, 659.4115161895752], [755.4960632324219, 626.0533332824707], 0.8765069842338562, 0.978915274143219]]
4.6 [[[876.0560607910156, 184.53093767166138], [733.1517791748047, 166.1875033378601], 0.9999938607215881, 0.9999927878379822], [[883.8326263427734, 172.47389316558838], [741.5998840332031, 157.2984802722931], 0.9999849796295166, 0.999980628490448], [[863.0983734130859, 170.6312906742096], [725.4764556884766, 161.06890439987183], 0.999975323677063, 0.9999738931655884], [[887.0685577392578, 178.57881546020508], [757.1463775634766, 162.81377792358398], 0.9999814629554749, 0.9999792575836182], [[843.9133453369141, 176.78099513053894], [721.7455291748047, 170.87700247764587], 0.9999611377716064, 0.999926745891571], [[921.5242004394531, 260.4693603515625], [796.8936157226562, 219.31517601013184], 0.9999958872795105, 0.9999918341636658], [[798.3336639404297, 255.25070428848267], [709.3219757080078, 247.22800254821777], 0.9999532699584961, 0.9998822808265686], [[944.0656280517578, 352.97619581222534], [835.9226989746094, 288.07469844818115], 0.9977648854255676, 0.9965516924858093], [[765.4202270507812, 345.1543593406677], [700.0038909912109, 331.3747787475586], 0.9875790476799011, 0.8284589052200317], [[958.8270568847656, 433.0419158935547], [844.9835968017578, 354.06890630722046], 0.9983593821525574, 0.9888068437576294], [[732.8973388671875, 422.3941469192505], [691.3447570800781, 400.1759719848633], 0.9755792021751404, 0.8993281722068787], [[890.3604125976562, 442.47174739837646], [790.5333709716797, 380.21668910980225], 0.9997811913490295, 0.99971604347229], [[813.2206726074219, 441.2158727645874], [735.3099060058594, 387.8362226486206], 0.9997562170028687, 0.999692440032959], [[888.9896392822266, 563.2150983810425], [802.8939056396484, 498.1716585159302], 0.9709767699241638, 0.9856429100036621], [[792.9530334472656, 552.4518871307373], [740.8692932128906, 503.00126552581787], 0.9683036804199219, 0.9713565111160278], [[883.7590026855469, 669.3132877349854], [834.0757751464844, 620.2253007888794], 0.9039977192878723, 0.9834823608398438], [[775.9492492675781, 659.3073177337646], [754.1512298583984, 626.3061046600342], 0.8779619336128235, 0.9787113070487976]]
4.7 [[[875.8110046386719, 184.56138610839844], [732.1568298339844, 166.47137761116028], 0.9999938607215881, 0.9999932646751404], [[883.5255432128906, 172.51095056533813], [741.2551879882812, 157.37350702285767], 0.9999849200248718, 0.9999819993972778], [[862.7390289306641, 170.64199805259705], [724.4844818115234, 161.09768986701965], 0.9999751448631287, 0.9999756217002869], [[887.0670318603516, 178.61958503723145], [756.7631530761719, 162.9476523399353], 0.9999814629554749, 0.9999807476997375], [[843.8619232177734, 176.78508281707764], [722.0378112792969, 170.80378890037537], 0.999960720539093, 0.9999317526817322], [[921.5419006347656, 260.5080485343933], [796.8506622314453, 219.20132160186768], 0.9999958872795105, 0.9999924898147583], [[798.3391571044922, 255.2600383758545], [710.4861450195312, 247.33265161514282], 0.9999526143074036, 0.9998875260353088], [[944.0660858154297, 353.00917625427246], [834.3252563476562, 287.7078580856323], 0.9977553486824036, 0.9966973066329956], [[765.4349517822266, 345.16101121902466], [701.0580444335938, 331.35879278182983], 0.9874483942985535, 0.8250468373298645], [[958.8287353515625, 433.1181335449219], [843.4115600585938, 353.8960647583008], 0.998346209526062, 0.989450216293335], [[732.9160308837891, 422.4138879776001], [690.7933044433594, 400.1516389846802], 0.9754489660263062, 0.8989385962486267], [[890.3857421875, 442.497239112854], [789.3886566162109, 380.15626430511475], 0.9997805953025818, 0.9997325539588928], [[813.2222747802734, 441.2185764312744], [735.0296783447266, 387.74803161621094], 0.9997534155845642, 0.999704897403717], [[888.9216613769531, 563.247971534729], [800.7207489013672, 497.9404306411743], 0.9711048007011414, 0.98588627576828], [[792.9680633544922, 552.3328828811646], [739.7468566894531, 502.9362916946411], 0.9681950807571411, 0.9707008004188538], [[883.5859680175781, 669.0587139129639], [833.1062316894531, 621.2134265899658], 0.9041903614997864, 0.9836975336074829], [[775.9181213378906, 659.3071460723877], [751.4942169189453, 626.331295967102], 0.8774625658988953, 0.9780821800231934]]
4.8 [[[875.3669738769531, 184.5660638809204], [730.9318542480469, 166.72771096229553], 0.9999938607215881, 0.9999937415122986], [[883.0111694335938, 172.51288175582886], [739.9530029296875, 157.43194699287415], 0.9999849200248718, 0.9999832510948181], [[862.2709655761719, 170.65211534500122], [722.8254699707031, 161.58656001091003], 0.9999749660491943, 0.9999772906303406], [[887.0494079589844, 178.63105416297913], [755.0480651855469, 163.02268981933594], 0.9999814629554749, 0.9999820590019226], [[843.7046813964844, 176.7886233329773], [720.2187347412109, 170.8665955066681], 0.9999604225158691, 0.9999362826347351], [[921.5444183349609, 260.51502227783203], [796.0386657714844, 219.29807424545288], 0.9999958872795105, 0.999993085861206], [[798.3808898925781, 255.26023149490356], [708.5848999023438, 247.67256259918213], 0.9999520778656006, 0.9998924136161804], [[944.0671539306641, 353.02902460098267], [833.5295104980469, 287.35002994537354], 0.9977559447288513, 0.9968159198760986], [[765.4070281982422, 345.10123014450073], [698.8230895996094, 331.68112993240356], 0.9873118996620178, 0.8240395188331604], [[958.8575744628906, 433.2061958312988], [840.7575225830078, 353.08751821517944], 0.9983454346656799, 0.9900332689285278], [[732.9090881347656, 422.40723609924316], [690.2133178710938, 400.1406955718994], 0.9751310348510742, 0.8990024924278259], [[890.3861999511719, 442.64122009277344], [789.11376953125, 380.18450260162354], 0.9997787475585938, 0.9997493624687195], [[813.2203674316406, 441.40336990356445], [734.0033721923828, 387.63726711273193], 0.9997493028640747, 0.9997185468673706], [[888.6277770996094, 563.5295391082764], [799.6278381347656, 498.0659580230713], 0.9706919193267822, 0.9860777258872986], [[792.9716491699219, 552.3162746429443], [738.8200378417969, 502.84565448760986], 0.9676437377929688, 0.9698266386985779], [[882.9817962646484, 669.0493154525757], [830.9886932373047, 622.6066732406616], 0.9025594592094421, 0.9839043617248535], [[775.8660125732422, 659.3800163269043], [749.6556091308594, 626.4492273330688], 0.8751620054244995, 0.9775048494338989]]
4.9 [[[875.0070190429688, 184.5642614364624], [732.1641540527344, 166.90147519111633], 0.9999939203262329, 0.999994158744812], [[882.5973510742188, 172.49300122261047], [742.0357513427734, 157.53888130187988], 0.9999850392341614, 0.9999843239784241], [[861.8624877929688, 170.65952897071838], [724.1276550292969, 161.50548219680786], 0.9999750852584839, 0.99997878074646], [[886.9918823242188, 178.61810445785522], [756.1497497558594, 163.04105758666992], 0.9999816417694092, 0.9999831914901733], [[843.5572052001953, 176.79136991500854], [720.6217956542969, 170.9332537651062], 0.9999606609344482, 0.9999404549598694], [[921.5520477294922, 260.52152395248413], [795.8805847167969, 219.39667224884033], 0.9999958872795105, 0.9999935626983643], [[798.3988189697266, 255.29540061950684], [708.7464904785156, 248.30376148223877], 0.9999517798423767, 0.9998962879180908], [[944.06982421875, 353.05962324142456], [833.4642028808594, 286.99902534484863], 0.9977826476097107, 0.9969080090522766], [[765.3926086425781, 345.1170873641968], [699.9314880371094, 332.1383285522461], 0.9872689843177795, 0.8235334157943726], [[958.9122009277344, 433.1683874130249], [841.2767791748047, 352.66119718551636], 0.9983536601066589, 0.9903684854507446], [[732.9228210449219, 422.4253463745117], [690.4515075683594, 400.5266761779785], 0.9750952124595642, 0.8992422223091125], [[890.3953552246094, 442.64091968536377], [789.1780090332031, 380.13969898223877], 0.9997767210006714, 0.999763011932373], [[813.2395172119141, 441.41366958618164], [734.3655395507812, 387.5546979904175], 0.9997446537017822, 0.9997296929359436], [[888.6702728271484, 563.7523984909058], [800.7512664794922, 498.4430122375488], 0.970664381980896, 0.9862925410270691], [[792.9853057861328, 552.267951965332], [739.1764831542969, 502.81303882598877], 0.9672388434410095, 0.9689933061599731], [[882.8657531738281, 669.3489503860474], [830.6684875488281, 623.3495378494263], 0.9022675156593323, 0.9841668605804443], [[775.8635711669922, 659.6587944030762], [750.4327392578125, 626.7035007476807], 0.8739387392997742, 0.9771460294723511]]
5.0 [[[874.8091125488281, 184.56419706344604], [733.2090759277344, 166.99568510055542], 0.9999939799308777, 0.9999943971633911], [[882.3757934570312, 172.47780919075012], [743.2218170166016, 157.62199759483337], 0.9999852180480957, 0.9999850392341614], [[861.6469573974609, 170.66176056861877], [725.2200317382812, 161.3623058795929], 0.9999754428863525, 0.9999797344207764], [[886.9541931152344, 178.61496090888977], [757.0337677001953, 163.091139793396], 0.9999818801879883, 0.9999839663505554], [[843.49853515625, 176.78793668746948], [721.1862182617188, 170.9494435787201], 0.9999613165855408, 0.9999431371688843], [[921.5570068359375, 260.52770376205444], [796.3224029541016, 219.52123403549194], 0.9999958872795105, 0.9999939799308777], [[798.4736633300781, 255.4830265045166], [708.6722564697266, 248.6411190032959], 0.9999514818191528, 0.9998974204063416], [[944.1390228271484, 353.06567430496216], [833.5255432128906, 286.95263385772705], 0.9977971315383911, 0.9969955086708069], [[765.3312683105469, 345.16311407089233], [699.5086669921875, 332.2566890716553], 0.9872952699661255, 0.8233956694602966], [[958.9894104003906, 432.8679370880127], [841.6532897949219, 352.42406845092773], 0.9983487725257874, 0.9907398819923401], [[732.9460144042969, 422.47727394104004], [690.0643157958984, 400.9388780593872], 0.9749583601951599, 0.8985695242881775], [[890.6800842285156, 442.67791271209717], [789.2391967773438, 380.2216672897339], 0.9997749924659729, 0.9997719526290894], [[813.5190582275391, 441.48924350738525], [734.3838500976562, 387.6663637161255], 0.9997408986091614, 0.9997352361679077], [[889.8997497558594, 564.2900848388672], [801.1875152587891, 499.3993806838989], 0.9706391096115112, 0.9864058494567871], [[793.1277465820312, 552.3159313201904], [738.8562774658203, 502.7043342590332], 0.9668130874633789, 0.9688594341278076], [[883.6742401123047, 669.9115705490112], [829.9256896972656, 624.100513458252], 0.9021075367927551, 0.9841949343681335], [[776.0004425048828, 659.9682140350342], [749.9827575683594, 626.6576671600342], 0.8727033138275146, 0.9768971800804138]]
5.1 [[[874.5935821533203, 184.5569658279419], [733.6036682128906, 167.01559782028198], 0.999994158744812, 0.999994695186615], [[882.2480010986328, 172.4666726589203], [743.7146759033203, 157.68524408340454], 0.9999857544898987, 0.9999858140945435], [[861.4948272705078, 170.65640687942505], [725.5896759033203, 161.1090087890625], 0.9999762773513794, 0.9999807476997375], [[886.9650268554688, 178.62001419067383], [757.3872375488281, 163.17041516304016], 0.9999825954437256, 0.9999848008155823], [[843.4859466552734, 176.7763066291809], [721.1090850830078, 170.97513914108276], 0.999962568283081, 0.9999459385871887], [[921.6180419921875, 260.53229570388794], [796.8662261962891, 219.94118213653564], 0.9999960064888, 0.9999943375587463], [[798.5222625732422, 255.59664487838745], [708.5016632080078, 249.3637490272522], 0.9999517798423767, 0.9998995065689087], [[944.4351959228516, 353.1057143211365], [833.5086059570312, 286.96359872817993], 0.9978320598602295, 0.9970521926879883], [[765.3121948242188, 345.19012928009033], [699.8878479003906, 333.1968140602112], 0.9871771335601807, 0.8223016262054443], [[959.0673828125, 432.8664779663086], [841.881103515625, 352.40572214126587], 0.9983631372451782, 0.9909577965736389], [[732.9898834228516, 422.48122215270996], [690.2548980712891, 401.7538833618164], 0.9748700261116028, 0.8975453972816467], [[890.9571838378906, 442.90948390960693], [789.2747497558594, 380.37779331207275], 0.9997789859771729, 0.9997817873954773], [[813.6146545410156, 441.80939197540283], [734.2771911621094, 387.7824068069458], 0.9997416138648987, 0.9997445344924927], [[890.0148773193359, 565.2047824859619], [801.4921569824219, 499.95457649230957], 0.9704329371452332, 0.9865715503692627], [[793.1266784667969, 552.7129411697388], [738.6281585693359, 502.6233959197998], 0.966066837310791, 0.9691783785820007], [[883.8637542724609, 670.361795425415], [830.0048828125, 624.7318840026855], 0.9005459547042847, 0.9843729734420776], [[776.0088348388672, 660.0406551361084], [750.2020263671875, 627.0345497131348], 0.8695401549339294, 0.9770944714546204]]
5.2 [[[874.4068145751953, 184.54651594161987], [733.7532043457031, 167.06417798995972], 0.9999942779541016, 0.9999949932098389], [[882.0806884765625, 172.45471000671387], [744.0377044677734, 157.7286422252655], 0.9999861717224121, 0.9999865889549255], [[861.2633514404297, 170.65149307250977], [725.5970764160156, 160.98175406455994], 0.9999768137931824, 0.9999817609786987], [[886.9673156738281, 178.62449884414673], [757.4191284179688, 163.21772933006287], 0.9999831318855286, 0.9999856352806091], [[843.4437561035156, 176.77107095718384], [720.7929992675781, 170.9655475616455], 0.9999634027481079, 0.9999486804008484], [[921.6510772705078, 260.5360507965088], [796.3225555419922, 220.04128217697144], 0.9999960660934448, 0.999994695186615], [[798.5674285888672, 255.7479429244995], [707.6004791259766, 249.9168848991394], 0.9999514222145081, 0.999901533126831], [[944.6746826171875, 353.16086053848267], [833.7919616699219, 286.9494366645813], 0.9978523254394531, 0.9971107244491577], [[765.3134918212891, 345.24362325668335], [700.4308319091797, 333.4091591835022], 0.9869657158851624, 0.8222053647041321], [[959.0811920166016, 432.8736448287964], [842.7131652832031, 352.5227737426758], 0.9983713030815125, 0.9911032915115356], [[733.0986022949219, 422.4789047241211], [690.9346771240234, 402.6975917816162], 0.9746842384338379, 0.896594226360321], [[890.9712219238281, 443.21911811828613], [789.5294952392578, 380.3698539733887], 0.9997825026512146, 0.9997894167900085], [[813.6143493652344, 442.0157289505005], [734.0919494628906, 387.98445224761963], 0.9997407793998718, 0.999750554561615], [[890.0102233886719, 566.3319540023804], [802.3060607910156, 499.8402500152588], 0.9696443676948547, 0.9865837693214417], [[793.1300354003906, 552.871470451355], [739.7151947021484, 502.5615119934082], 0.9645134210586548, 0.9681143760681152], [[883.9285278320312, 671.6776657104492], [830.7741546630859, 624.9081373214722], 0.8975889682769775, 0.9842219948768616], [[775.977783203125, 660.2355766296387], [751.1402130126953, 627.7324390411377], 0.8639083504676819, 0.9763754606246948]]
5.3 [[[873.9627838134766, 184.47903156280518], [734.2938232421875, 163.2241988182068], 0.9999943375587463, 0.9999947547912598], [[881.7472076416016, 172.3406195640564], [745.0776672363281, 152.76160955429077], 0.999986469745636, 0.9999864101409912], [[860.7801818847656, 170.59664726257324], [725.94482421875, 156.40863060951233], 0.9999772310256958, 0.9999808073043823], [[886.9688415527344, 178.60838413238525], [757.6644134521484, 158.5245931148529], 0.999983549118042, 0.9999856352806091], [[843.3628082275391, 176.7510724067688], [721.5791320800781, 165.23751854896545], 0.9999639987945557, 0.9999467730522156], [[921.6783142089844, 260.5403208732605], [797.6531219482422, 217.61409759521484], 0.9999961256980896, 0.9999949932098389], [[798.59375, 255.95955848693848], [708.6182403564453, 243.6926794052124], 0.9999508261680603, 0.9998971819877625], [[944.8033142089844, 353.16781282424927], [834.3370056152344, 283.9371871948242], 0.9978592395782471, 0.9971426129341125], [[765.4032135009766, 345.37288427352905], [700.8380126953125, 325.2825593948364], 0.9866299629211426, 0.8168182969093323], [[959.0857696533203, 432.825665473938], [843.3971405029297, 350.48622608184814], 0.9983729720115662, 0.9912118911743164], [[733.3415985107422, 422.46504306793213], [691.3410949707031, 394.9522304534912], 0.9743857383728027, 0.8913573622703552], [[890.9248352050781, 443.5815382003784], [789.9913024902344, 374.0890645980835], 0.9997850656509399, 0.9997905492782593], [[813.5735321044922, 442.1951150894165], [734.6120452880859, 380.62275409698486], 0.9997396469116211, 0.9997413754463196], [[889.998779296875, 567.1633958816528], [801.8831634521484, 492.69347190856934], 0.9688368439674377, 0.9863690137863159], [[793.1317138671875, 552.9183769226074], [740.4154205322266, 494.66633319854736], 0.9632737636566162, 0.9669498205184937], [[883.9144134521484, 672.3334980010986], [831.4042663574219, 619.8973417282104], 0.8949073553085327, 0.9840007424354553], [[775.8644104003906, 660.4300689697266], [751.6812133789062, 621.7241621017456], 0.8591917157173157, 0.9748919010162354]]
5.4 [[[871.8656921386719, 184.36058521270752], [735.8012390136719, 159.89335656166077], 0.9999945163726807, 0.9999939799308777], [[881.1675262451172, 172.27147221565247], [747.2187805175781, 149.24490094184875], 0.9999868869781494, 0.9999852180480957], [[858.7895202636719, 170.39931178092957], [726.4955139160156, 153.2404589653015], 0.9999778866767883, 0.999978244304657], [[887.1765899658203, 178.64155769348145], [759.2518615722656, 155.32362341880798], 0.999984085559845, 0.999984860420227], [[843.1888580322266, 176.58487200737], [723.2469177246094, 161.96926832199097], 0.9999648928642273, 0.9999406337738037], [[921.7457580566406, 260.55349588394165], [801.3241577148438, 215.9469223022461], 0.9999961853027344, 0.9999950528144836], [[798.6003875732422, 256.08139514923096], [711.0945892333984, 240.5948567390442], 0.9999507069587708, 0.9998899102210999], [[944.9192047119141, 353.28437089920044], [837.9470062255859, 280.6648278236389], 0.9978821873664856, 0.9972707629203796], [[765.4311370849609, 345.5285382270813], [701.4511871337891, 321.8600392341614], 0.9861899018287659, 0.8181105852127075], [[959.1218566894531, 432.82708168029785], [844.2778778076172, 346.25749826431274], 0.9983697533607483, 0.9914426803588867], [[733.4241485595703, 422.4558162689209], [691.8385314941406, 391.4656162261963], 0.9742499589920044, 0.8896704912185669], [[890.9132385253906, 443.69019985198975], [791.8312835693359, 370.01227855682373], 0.9997884035110474, 0.9997692704200745], [[813.4819030761719, 442.26163387298584], [735.4716491699219, 377.54769802093506], 0.9997389912605286, 0.9996930360794067], [[889.9971008300781, 568.2306575775146], [802.3088073730469, 485.62814712524414], 0.9683687686920166, 0.9843928217887878], [[793.0534362792969, 553.0757474899292], [741.793212890625, 492.1329975128174], 0.962110161781311, 0.957679808139801], [[883.7074279785156, 673.9606332778931], [832.877197265625, 612.5863695144653], 0.8929615616798401, 0.9815509915351868], [[775.7942962646484, 660.6461906433105], [755.7313537597656, 621.1606407165527], 0.8552281260490417, 0.9664391875267029]]
5.5 [[[867.2377014160156, 183.7086796760559], [743.8639831542969, 160.59390664100647], 0.9999944567680359, 0.999993085861206], [[879.0557861328125, 171.87063217163086], [754.7218322753906, 150.04502534866333], 0.9999868273735046, 0.9999827742576599], [[854.7164154052734, 170.07140636444092], [733.7397766113281, 153.6640441417694], 0.9999775886535645, 0.999973714351654], [[887.0137786865234, 178.59981179237366], [765.2538299560547, 156.11056208610535], 0.999984085559845, 0.9999811053276062], [[842.5010681152344, 176.5471065044403], [728.6943817138672, 161.72775149345398], 0.9999638795852661, 0.9999285340309143], [[921.9242858886719, 260.62726736068726], [807.1122741699219, 216.00940704345703], 0.9999961256980896, 0.9999943375587463], [[798.6002349853516, 256.18567943573], [714.8804473876953, 241.42945289611816], 0.9999498128890991, 0.9998823404312134], [[945.0361633300781, 353.3683133125305], [842.7280426025391, 280.88976860046387], 0.9979062676429749, 0.9971145391464233], [[765.438232421875, 345.5269718170166], [703.6619567871094, 323.074586391449], 0.9853749871253967, 0.8283451199531555], [[959.1258239746094, 432.8490972518921], [850.7670593261719, 346.2007212638855], 0.9983550906181335, 0.9912571907043457], [[733.4129333496094, 422.04442977905273], [696.3713073730469, 392.28864669799805], 0.9736710786819458, 0.8941394686698914], [[890.6170654296875, 443.6969804763794], [797.8378295898438, 370.7750129699707], 0.9997894763946533, 0.9997028708457947], [[813.1011199951172, 442.2319793701172], [739.9298095703125, 378.56011390686035], 0.9997382164001465, 0.9996017217636108], [[889.5179748535156, 568.1603193283081], [807.4238586425781, 487.37441539764404], 0.9680964350700378, 0.9811009168624878], [[792.8052520751953, 553.0180263519287], [751.1013793945312, 495.3800582885742], 0.9619545340538025, 0.9536759257316589], [[883.5912322998047, 673.8339042663574], [839.6659851074219, 613.6041069030762], 0.8925111889839172, 0.9781858921051025], [[775.7180786132812, 660.6589365005493], [768.8835906982422, 625.9559154510498], 0.8545418381690979, 0.9614977836608887]]
5.6 [[[861.8388366699219, 182.4840259552002], [758.0049896240234, 167.5154435634613], 0.9999944567680359, 0.9999932646751404], [[876.6205596923828, 171.23865008354187], [766.3926696777344, 157.72897481918335], 0.9999867677688599, 0.9999833106994629], [[850.7971954345703, 169.0752875804901], [748.3409118652344, 161.7123556137085], 0.9999773502349854, 0.9999745488166809], [[886.5962219238281, 178.51811170578003], [778.6451721191406, 163.5749351978302], 0.9999841451644897, 0.999981701374054], [[841.6323089599609, 175.6278383731842], [743.4114074707031, 170.74278473854065], 0.9999627470970154, 0.9999312162399292], [[922.0259857177734, 260.63140869140625], [818.3238220214844, 222.22766876220703], 0.9999960660934448, 0.9999945163726807], [[798.5543060302734, 256.18720293045044], [730.8351135253906, 253.21765422821045], 0.9999491572380066, 0.9998828768730164], [[945.1769256591797, 353.4894633293152], [854.1189575195312, 291.23833179473877], 0.9979344606399536, 0.9969145059585571], [[765.4386138916016, 345.51278829574585], [718.5012817382812, 332.85338401794434], 0.9843301177024841, 0.8296809196472168], [[959.1339874267578, 432.90196895599365], [867.0871734619141, 355.54208278656006], 0.9983330965042114, 0.9905446171760559], [[732.9255676269531, 421.46597385406494], [710.5388641357422, 401.2207889556885], 0.972689151763916, 0.8932369947433472], [[890.5668640136719, 443.6175012588501], [812.0366668701172, 378.82378578186035], 0.9997908473014832, 0.9997020363807678], [[812.9479217529297, 442.18507289886475], [754.2157745361328, 386.358904838562], 0.9997372627258301, 0.9995825290679932], [[889.5292663574219, 568.3303070068359], [820.9677124023438, 497.1346092224121], 0.9672938585281372, 0.9808305501937866], [[792.7253723144531, 552.8676080703735], [767.4184417724609, 505.6137800216675], 0.9614580869674683, 0.9524317383766174], [[883.7191009521484, 673.8020181655884], [851.5312957763672, 623.1862020492554], 0.8904340267181396, 0.9771929383277893], [[775.6700134277344, 660.7988405227661], [778.4019470214844, 629.50364112854], 0.8523587584495544, 0.958094596862793]]
5.7 [[[861.0072326660156, 181.97097301483154], [766.9845581054688, 175.07595777511597], 0.9999943971633911, 0.9999932050704956], [[875.7598876953125, 170.84036350250244], [776.7274475097656, 166.4464545249939], 0.9999865889549255, 0.9999833106994629], [[849.8579406738281, 168.6705207824707], [757.8520202636719, 168.73952865600586], 0.9999769926071167, 0.9999743103981018], [[886.1740875244141, 178.34883213043213], [789.8588562011719, 171.56455993652344], 0.9999840259552002, 0.9999815821647644], [[841.009521484375, 175.31606912612915], [753.0674743652344, 177.79890418052673], 0.9999615550041199, 0.9999308586120605], [[922.1451568603516, 260.6263017654419], [828.1250762939453, 229.985089302063], 0.9999960064888, 0.9999940395355225], [[798.5072326660156, 256.1896276473999], [739.3397521972656, 258.5510015487671], 0.9999487400054932, 0.9998793601989746], [[945.2262878417969, 353.49579334259033], [863.2222747802734, 298.2230615615845], 0.9979559779167175, 0.9968716502189636], [[765.4312896728516, 345.5195903778076], [725.9581756591797, 336.31075143814087], 0.9836606979370117, 0.8348342180252075], [[959.1950988769531, 432.859525680542], [873.5282135009766, 359.57616806030273], 0.998320460319519, 0.9904736280441284], [[732.4043273925781, 420.97450733184814], [717.1229553222656, 402.8658628463745], 0.9721793532371521, 0.8937845230102539], [[890.5672454833984, 443.61342430114746], [818.3296966552734, 383.7555742263794], 0.9997913241386414, 0.9996493458747864], [[812.8886413574219, 442.1927547454834], [759.9761199951172, 390.40122985839844], 0.9997361898422241, 0.9995200037956238], [[889.5867919921875, 568.3016395568848], [826.4467620849609, 498.11200618743896], 0.9667915105819702, 0.979946494102478], [[792.7789306640625, 552.7015256881714], [772.2389984130859, 506.684045791626], 0.9610314965248108, 0.9533260464668274], [[883.8557434082031, 673.7426233291626], [856.8944549560547, 620.7584381103516], 0.8891640901565552, 0.9761678576469421], [[775.6660461425781, 660.8561325073242], [784.7944641113281, 629.255805015564], 0.850670337677002, 0.9575778841972351]]
5.8 [[[862.0884704589844, 181.9554591178894], [769.5584869384766, 172.33511567115784], 0.9999943971633911, 0.9999931454658508], [[875.8441925048828, 170.69594264030457], [778.6143493652344, 163.83503437042236], 0.9999867081642151, 0.9999832510948181], [[850.5063629150391, 168.66723775863647], [760.4399108886719, 165.52186489105225], 0.9999771118164062, 0.999974250793457], [[885.9424591064453, 178.19239497184753], [791.0104370117188, 170.21241545677185], 0.9999842047691345, 0.9999813437461853], [[840.8645629882812, 175.32029628753662], [754.9205017089844, 174.04521703720093], 0.9999616146087646, 0.9999305605888367], [[922.1635437011719, 260.518434047699], [830.2352142333984, 228.51163387298584], 0.9999960660934448, 0.9999940395355225], [[798.5083770751953, 256.09708070755005], [740.1542663574219, 258.2213044166565], 0.9999494552612305, 0.9998778700828552], [[945.2750396728516, 353.3290457725525], [865.6206512451172, 294.3481707572937], 0.9980050325393677, 0.996694803237915], [[765.4412841796875, 345.52649974823], [730.5732727050781, 335.0978350639343], 0.983699381351471, 0.832723081111908], [[959.2124938964844, 432.5264596939087], [877.7204895019531, 358.2710266113281], 0.9983468055725098, 0.9900919198989868], [[732.3863220214844, 420.9419345855713], [722.3138427734375, 402.0268678665161], 0.9723326563835144, 0.8897817730903625], [[890.6356811523438, 443.2277011871338], [824.2829895019531, 378.0592918395996], 0.9997923970222473, 0.9996622204780579], [[812.9488372802734, 441.9580078125], [765.0712585449219, 386.7446279525757], 0.9997380375862122, 0.9995341300964355], [[889.5767974853516, 567.7495765686035], [828.5637664794922, 491.31571769714355], 0.9673057794570923, 0.9805014133453369], [[792.9901885986328, 552.6983499526978], [777.6946258544922, 500.72271823883057], 0.961788535118103, 0.9545088410377502], [[883.8978576660156, 672.8979635238647], [865.0559997558594, 617.6341152191162], 0.8907878994941711, 0.9770346283912659], [[775.6668853759766, 660.5895853042603], [787.5276184082031, 625.3899049758911], 0.8528774380683899, 0.9590497016906738]]
5.9 [[[862.1622467041016, 182.0066785812378], [774.2047119140625, 166.66564464569092], 0.9999944567680359, 0.9999926090240479], [[875.9915924072266, 170.6917154788971], [782.3085021972656, 157.83652067184448], 0.9999868273735046, 0.9999818205833435], [[850.9172058105469, 168.71549606323242], [763.6424255371094, 159.70116019248962], 0.9999772310256958, 0.9999715089797974], [[885.7356262207031, 178.16733241081238], [793.3238220214844, 163.8188338279724], 0.9999843835830688, 0.9999793171882629], [[840.7573699951172, 175.5270516872406], [756.6368865966797, 169.03416395187378], 0.999961793422699, 0.9999220371246338], [[922.1366882324219, 260.385160446167], [833.4165191650391, 224.1189479827881], 0.9999961256980896, 0.9999935626983643], [[798.4980773925781, 256.0408616065979], [743.3650207519531, 252.4011254310608], 0.9999496340751648, 0.9998643398284912], [[945.3588104248047, 353.09268951416016], [869.8200988769531, 290.1288414001465], 0.9980398416519165, 0.99650639295578], [[765.4653167724609, 345.5555319786072], [733.1711578369141, 328.2326889038086], 0.983722448348999, 0.833733856678009], [[959.2173767089844, 432.3196077346802], [880.4660034179688, 353.2820963859558], 0.9983739256858826, 0.9897300004959106], [[732.4212646484375, 421.2621259689331], [725.9927368164062, 397.96287059783936], 0.9724918603897095, 0.8860880732536316], [[890.6794738769531, 443.21821689605713], [828.3782196044922, 376.7919588088989], 0.9997942447662354, 0.9996242523193359], [[812.9814147949219, 441.9539737701416], [769.2808532714844, 385.58351039886475], 0.9997387528419495, 0.9994919300079346], [[889.6839904785156, 567.3805475234985], [837.9502868652344, 491.43017292022705], 0.9680578112602234, 0.9797066450119019], [[792.9917144775391, 552.6938438415527], [784.7163391113281, 500.133318901062], 0.9624330401420593, 0.9551891684532166], [[883.6436462402344, 672.7590894699097], [873.3515930175781, 617.5291872024536], 0.8928452134132385, 0.9765331149101257], [[775.6642150878906, 660.5341815948486], [798.3099365234375, 624.043779373169], 0.8551062941551208, 0.9594488739967346]]
6.0 [[[862.3445129394531, 182.0154333114624], [776.3163757324219, 166.66703939437866], 0.9999943375587463, 0.9999926686286926], [[876.1012268066406, 170.6932818889618], [784.2980194091797, 157.44264364242554], 0.9999865889549255, 0.9999818205833435], [[851.2256622314453, 168.74545097351074], [766.6194152832031, 159.58123326301575], 0.9999766945838928, 0.9999715089797974], [[885.5294799804688, 178.15892100334167], [797.2766876220703, 163.3289659023285], 0.999984085559845, 0.9999793171882629], [[840.6898498535156, 175.6547999382019], [761.7072296142578, 168.5330307483673], 0.9999607801437378, 0.999921441078186], [[922.0172882080078, 260.2602553367615], [841.4415740966797, 223.88776302337646], 0.9999961256980896, 0.9999931454658508], [[798.4741973876953, 255.8526349067688], [749.1262054443359, 250.99272966384888], 0.9999493360519409, 0.9998669028282166], [[945.3309631347656, 352.8564405441284], [878.072509765625, 290.08935928344727], 0.9980434775352478, 0.996504545211792], [[765.535888671875, 345.5309844017029], [740.2393341064453, 329.417667388916], 0.9836935997009277, 0.8361154794692993], [[959.2075347900391, 431.83552265167236], [891.1550903320312, 353.3748149871826], 0.9983814358711243, 0.9897445440292358], [[732.6968383789062, 421.30195140838623], [731.5607452392578, 397.73112773895264], 0.9724858999252319, 0.8901636600494385], [[890.6813049316406, 443.1354331970215], [832.7534484863281, 376.8102836608887], 0.9997909665107727, 0.9996131658554077], [[812.8666687011719, 441.8378019332886], [775.3572082519531, 385.5847120285034], 0.9997362494468689, 0.99950110912323], [[889.7431182861328, 566.8631601333618], [847.3651885986328, 491.53218269348145], 0.9682855010032654, 0.980303168296814], [[792.9249572753906, 552.608699798584], [791.7095947265625, 500.5367660522461], 0.9627212882041931, 0.9574661254882812], [[883.6412048339844, 671.1741828918457], [884.2623138427734, 616.090579032898], 0.8926085233688354, 0.9773522615432739], [[775.7076263427734, 660.3787422180176], [804.3736267089844, 624.5634841918945], 0.8553967475891113, 0.9619149565696716]]
6.1 [[[862.4896240234375, 182.1090316772461], [787.3578643798828, 166.961749792099], 0.9999942779541016, 0.9999927878379822], [[876.168212890625, 170.69984793663025], [795.2354431152344, 157.77361750602722], 0.9999863505363464, 0.9999818801879883], [[851.4891052246094, 168.85603308677673], [778.291015625, 160.32720923423767], 0.9999763369560242, 0.9999719858169556], [[884.9713897705078, 178.11657428741455], [808.5633850097656, 163.49402904510498], 0.9999838471412659, 0.9999792575836182], [[840.5799865722656, 175.84460377693176], [773.2741546630859, 169.6198296546936], 0.9999603033065796, 0.9999227523803711], [[921.8841552734375, 260.1739525794983], [851.9669342041016, 223.72225999832153], 0.9999961256980896, 0.9999927282333374], [[798.3950042724609, 255.73530435562134], [760.2472686767578, 251.73147439956665], 0.99994957447052, 0.9998685121536255], [[945.27587890625, 352.7359986305237], [889.0499877929688, 290.80840587615967], 0.9980435967445374, 0.9963526129722595], [[765.5497741699219, 345.5549097061157], [750.5898284912109, 329.4743585586548], 0.9836832880973816, 0.8366708755493164], [[959.2104339599609, 431.5601348876953], [903.5667419433594, 353.79815340042114], 0.9983876943588257, 0.9893499612808228], [[732.7010345458984, 421.57012939453125], [744.0415191650391, 397.18550205230713], 0.9726148247718811, 0.890540361404419], [[890.6639099121094, 443.1457328796387], [845.1048278808594, 376.8195104598999], 0.999790608882904, 0.9996049404144287], [[812.8541564941406, 441.8925619125366], [787.3397064208984, 385.5496072769165], 0.9997375011444092, 0.9995052814483643], [[890.6376647949219, 566.8237209320068], [854.1732025146484, 490.2770805358887], 0.9689310193061829, 0.9806821346282959], [[792.8440856933594, 552.6477527618408], [799.2987823486328, 499.5037078857422], 0.9634692668914795, 0.9594587683677673], [[884.1690063476562, 671.1212682723999], [891.7772674560547, 610.7688617706299], 0.8941118717193604, 0.9774874448776245], [[775.6886291503906, 660.3820037841797], [811.0977172851562, 616.9483709335327], 0.8580353856086731, 0.963691771030426]]
6.2 [[[862.7174377441406, 182.13731288909912], [794.6758270263672, 166.96319818496704], 0.9999942779541016, 0.9999932050704956], [[876.1652374267578, 170.68832516670227], [802.0146942138672, 157.67418265342712], 0.9999862909317017, 0.9999828338623047], [[851.7152404785156, 168.8836705684662], [785.2165222167969, 160.42597889900208], 0.9999761581420898, 0.9999736547470093], [[884.1166687011719, 177.9595685005188], [815.6391906738281, 163.37663412094116], 0.9999838471412659, 0.999980092048645], [[840.3928375244141, 175.91066122055054], [780.4045104980469, 169.83341932296753], 0.9999600648880005, 0.9999268054962158], [[921.6819763183594, 260.10520219802856], [858.6302947998047, 222.37868785858154], 0.9999961853027344, 0.999992311000824], [[798.0479431152344, 255.72749376296997], [765.4908752441406, 253.35034847259521], 0.9999499320983887, 0.9998681545257568], [[945.0026702880859, 352.6380228996277], [896.7156219482422, 286.59939765930176], 0.9980635643005371, 0.9963502883911133], [[765.5548095703125, 345.55615425109863], [756.2657165527344, 329.6040916442871], 0.9836381077766418, 0.837212860584259], [[959.2104339599609, 431.34697437286377], [905.3152465820312, 348.556923866272], 0.9984112977981567, 0.9890232086181641], [[732.6821899414062, 421.6071653366089], [747.4903869628906, 392.2792053222656], 0.972821056842804, 0.8900453448295593], [[890.2141571044922, 443.11376094818115], [851.6325378417969, 373.4341335296631], 0.9997902512550354, 0.9996230006217957], [[812.5941467285156, 441.892991065979], [793.6344909667969, 381.5601968765259], 0.9997398257255554, 0.9995350241661072], [[890.6764221191406, 566.7136859893799], [857.4693298339844, 481.32275104522705], 0.9696183204650879, 0.9816495776176453], [[792.7896118164062, 552.758903503418], [804.9473571777344, 489.14106845855713], 0.9644247889518738, 0.9620146155357361], [[884.2982482910156, 670.7942533493042], [895.9489440917969, 604.8017406463623], 0.8962013721466064, 0.9789777994155884], [[775.6871032714844, 660.3828620910645], [812.0064544677734, 609.4411468505859], 0.8618373274803162, 0.9664968252182007]]
6.3 [[[863.1970977783203, 182.14812755584717], [797.8657531738281, 165.08389234542847], 0.999994158744812, 0.9999936819076538], [[875.9559631347656, 170.65334916114807], [806.3113403320312, 155.412415266037], 0.9999860525131226, 0.9999840259552002], [[851.806640625, 168.93417119979858], [787.5506591796875, 159.04679775238037], 0.9999757409095764, 0.9999755024909973], [[882.7256774902344, 177.7628767490387], [818.9241027832031, 160.2332890033722], 0.9999836087226868, 0.9999815225601196], [[840.1094055175781, 175.99233984947205], [782.8141784667969, 168.5257887840271], 0.9999595284461975, 0.9999318718910217], [[921.1492919921875, 259.9803829193115], [861.1446380615234, 217.87487268447876], 0.9999961853027344, 0.9999926686286926], [[797.5019836425781, 255.8478283882141], [769.4300842285156, 248.34365129470825], 0.9999502301216125, 0.999872624874115], [[944.6259307861328, 352.2910737991333], [902.3604583740234, 282.9265093803406], 0.9980679750442505, 0.9965203404426575], [[765.4875946044922, 345.63477516174316], [762.6181030273438, 326.4178419113159], 0.983832061290741, 0.8385997414588928], [[959.1495513916016, 431.02982997894287], [914.5820617675781, 346.4024019241333], 0.998432457447052, 0.9894626140594482], [[732.6709747314453, 421.6744565963745], [752.1224212646484, 392.7676248550415], 0.9729920029640198, 0.8907029628753662], [[889.8934173583984, 443.0142402648926], [857.6296234130859, 369.847354888916], 0.9997899532318115, 0.999641478061676], [[812.4537658691406, 441.89204692840576], [798.9509582519531, 378.22031021118164], 0.9997408986091614, 0.9995638728141785], [[890.7941436767578, 565.8347797393799], [863.7914276123047, 480.0397539138794], 0.969096839427948, 0.9825038313865662], [[792.6356506347656, 552.7657270431519], [810.5271911621094, 488.4248113632202], 0.9644460082054138, 0.9638888835906982], [[884.3689727783203, 670.6900119781494], [904.0788269042969, 600.2249908447266], 0.8949255347251892, 0.9799708724021912], [[775.6655883789062, 660.3153133392334], [820.12939453125, 611.036868095398], 0.8614503145217896, 0.9685654044151306]]
6.4 [[[863.1512451171875, 182.1630620956421], [804.5912933349609, 162.81306982040405], 0.9999940991401672, 0.9999935626983643], [[875.0783538818359, 170.63450932502747], [813.1838226318359, 153.36709141731262], 0.999985933303833, 0.9999837279319763], [[851.24755859375, 169.1193187236786], [795.17333984375, 156.49264812469482], 0.9999754428863525, 0.9999749660491943], [[881.2831115722656, 177.7269458770752], [825.6370544433594, 158.60305309295654], 0.999983549118042, 0.9999813437461853], [[839.6332550048828, 176.3173484802246], [789.4795227050781, 166.24815344810486], 0.9999591112136841, 0.9999299645423889], [[920.8307647705078, 259.97727155685425], [867.1806335449219, 216.97832822799683], 0.9999961853027344, 0.9999921321868896], [[796.9548034667969, 255.93496799468994], [776.2030029296875, 248.40875387191772], 0.9999501705169678, 0.9998669028282166], [[944.2597961425781, 352.0995855331421], [909.8848724365234, 282.4308156967163], 0.9980810284614563, 0.9964433908462524], [[765.3565979003906, 345.71837425231934], [768.9992523193359, 326.79397344589233], 0.9838142991065979, 0.8398927450180054], [[958.8379669189453, 430.7666301727295], [923.2074737548828, 346.9413113594055], 0.9984452724456787, 0.9892211556434631], [[732.6472473144531, 422.1253252029419], [761.6349792480469, 392.5586271286011], 0.973048746585846, 0.889635443687439], [[889.3585205078125, 442.9364347457886], [865.5339813232422, 370.521297454834], 0.9997881054878235, 0.9996053576469421], [[811.9439697265625, 441.78935050964355], [806.199951171875, 378.759241104126], 0.9997398853302002, 0.9995408654212952], [[890.618896484375, 565.2551221847534], [879.2576599121094, 485.35224437713623], 0.9689624309539795, 0.9822344779968262], [[792.4821472167969, 552.7528524398804], [821.6693115234375, 492.0836019515991], 0.9646216630935669, 0.9650494456291199], [[883.9460754394531, 670.4565954208374], [916.6581726074219, 602.9224348068237], 0.8939493894577026, 0.9797887206077576], [[775.6010437011719, 660.4017448425293], [835.1744079589844, 611.8265533447266], 0.8616238236427307, 0.9697604775428772]]
6.5 [[[862.6676177978516, 182.1361541748047], [814.6247100830078, 163.84614944458008], 0.9999939799308777, 0.9999939203262329], [[874.1912078857422, 170.60702204704285], [821.9786071777344, 154.16022062301636], 0.9999855756759644, 0.9999846816062927], [[850.5610656738281, 169.13762211799622], [805.5705261230469, 158.00349354743958], 0.99997478723526, 0.9999764561653137], [[880.189208984375, 177.68599390983582], [834.9333190917969, 159.13391590118408], 0.9999833106994629, 0.999982476234436], [[839.0854644775391, 176.39843702316284], [799.9576568603516, 167.88507342338562], 0.9999578595161438, 0.9999340772628784], [[920.2873992919922, 259.96167182922363], [877.9835510253906, 217.20556497573853], 0.9999961853027344, 0.9999924898147583], [[796.4031982421875, 256.04281425476074], [788.4017944335938, 249.94881391525269], 0.9999499320983887, 0.9998708963394165], [[944.2326354980469, 352.01465606689453], [918.7481689453125, 283.9693522453308], 0.9981092214584351, 0.9965609908103943], [[765.2452087402344, 345.9848999977112], [781.4801788330078, 328.8279676437378], 0.983521580696106, 0.8375073075294495], [[958.5515594482422, 430.835165977478], [937.4214172363281, 348.12081813812256], 0.9984371066093445, 0.9895444512367249], [[732.6453399658203, 422.65824794769287], [772.7009582519531, 394.1621160507202], 0.9729335308074951, 0.8902722001075745], [[889.1569519042969, 442.70615100860596], [874.9323272705078, 370.8410167694092], 0.9997854828834534, 0.9996193051338196], [[811.500244140625, 441.5307426452637], [817.4452972412109, 379.1570234298706], 0.9997358322143555, 0.9995594620704651], [[890.2787017822266, 565.0953912734985], [888.3036804199219, 485.9184694290161], 0.9682186841964722, 0.982393205165863], [[791.9679260253906, 552.7528524398804], [828.5877227783203, 492.7709770202637], 0.9638680815696716, 0.9651008248329163], [[884.1044616699219, 670.4464673995972], [924.9782562255859, 603.8340854644775], 0.891410231590271, 0.9800342917442322], [[775.5996704101562, 660.4170656204224], [840.1097869873047, 613.2291984558105], 0.8597628474235535, 0.9703879952430725]]
6.6 [[[861.6557312011719, 182.08283185958862], [823.8854217529297, 165.3989553451538], 0.9999939203262329, 0.9999940991401672], [[872.8752899169922, 170.5377995967865], [831.8296813964844, 155.3672468662262], 0.9999855160713196, 0.9999851584434509], [[849.5140075683594, 169.1655170917511], [815.6284332275391, 159.80791211128235], 0.9999744892120361, 0.9999774694442749], [[879.0840148925781, 177.64367938041687], [846.4780426025391, 159.80966091156006], 0.9999833703041077, 0.9999828338623047], [[838.2316589355469, 176.56131148338318], [811.6128540039062, 169.06823873519897], 0.9999571442604065, 0.9999362230300903], [[919.4126129150391, 259.9120831489563], [889.5817565917969, 217.40040063858032], 0.9999962449073792, 0.9999924302101135], [[795.7049560546875, 256.15074634552], [797.6217651367188, 249.96151685714722], 0.9999489188194275, 0.9998711347579956], [[944.1899108886719, 351.94732189178467], [928.568115234375, 282.61056661605835], 0.998142659664154, 0.9965949058532715], [[765.0028991699219, 346.25659704208374], [787.92236328125, 328.5130548477173], 0.9831501245498657, 0.8379487991333008], [[958.2553863525391, 430.83001613616943], [944.8159790039062, 346.1847138404846], 0.9984443783760071, 0.9897556304931641], [[732.630615234375, 423.1855058670044], [779.7959899902344, 392.34538078308105], 0.9725705981254578, 0.891524076461792], [[887.9425811767578, 442.7000141143799], [884.5204162597656, 371.227126121521], 0.9997857213020325, 0.9996328949928284], [[810.3388977050781, 441.495680809021], [825.7295227050781, 379.4277334213257], 0.9997338056564331, 0.9995785355567932], [[888.8343811035156, 564.7059774398804], [896.3710784912109, 480.33668518066406], 0.9680169820785522, 0.9828459024429321], [[791.7649841308594, 552.7391195297241], [831.7076110839844, 485.6171178817749], 0.9636114239692688, 0.9667091965675354], [[884.1236877441406, 670.2604293823242], [930.8641052246094, 598.6926984786987], 0.8900716304779053, 0.9808462262153625], [[775.5961608886719, 660.4254341125488], [845.24169921875, 608.7398672103882], 0.8589814901351929, 0.9720978140830994]]
6.7 [[[860.7585144042969, 182.0637559890747], [829.5985412597656, 165.4290497303009], 0.9999939203262329, 0.9999942183494568], [[871.7720794677734, 170.48006772994995], [837.3451232910156, 155.23374795913696], 0.9999855160713196, 0.9999854564666748], [[848.6345672607422, 169.17768359184265], [820.0936889648438, 159.71428155899048], 0.9999744892120361, 0.9999779462814331], [[878.2080841064453, 177.5622260570526], [851.4814758300781, 159.61599469184875], 0.9999834895133972, 0.9999832510948181], [[837.4864959716797, 176.64125204086304], [817.2089385986328, 168.66297841072083], 0.9999570846557617, 0.9999372959136963], [[918.7043762207031, 259.7335124015808], [895.3902435302734, 216.48920059204102], 0.9999962449073792, 0.9999926090240479], [[795.2985382080078, 256.18666648864746], [802.8038024902344, 244.85311031341553], 0.9999483823776245, 0.9998734593391418], [[944.1517639160156, 351.52677297592163], [935.2440643310547, 281.693959236145], 0.9981619119644165, 0.9967625737190247], [[764.8838806152344, 346.4770746231079], [792.4394226074219, 323.7619614601135], 0.9829050302505493, 0.8414621949195862], [[957.9786682128906, 430.69921016693115], [949.3314361572266, 344.5052433013916], 0.9984475374221802, 0.9903110265731812], [[732.5808715820312, 423.30493927001953], [781.0107421875, 386.3847827911377], 0.9723513126373291, 0.8956165909767151], [[887.7256774902344, 442.53629207611084], [888.4928894042969, 368.72971057891846], 0.999785840511322, 0.9996496438980103], [[810.1656341552734, 441.3787794113159], [829.6904754638672, 375.51844596862793], 0.9997340440750122, 0.9995997548103333], [[888.6814880371094, 563.9450025558472], [902.3968505859375, 473.7009000778198], 0.9678295850753784, 0.9836228489875793], [[791.7470550537109, 552.6771926879883], [832.8323364257812, 479.4316864013672], 0.9634445309638977, 0.968004584312439], [[884.3405151367188, 670.0646924972534], [935.3288269042969, 593.8703441619873], 0.8892138004302979, 0.9818344116210938], [[775.6752777099609, 660.4090404510498], [847.0348358154297, 605.2739810943604], 0.858678936958313, 0.9736221432685852]]
6.8 [[[860.1601409912109, 182.06851959228516], [832.4839782714844, 161.0780131816864], 0.9999939203262329, 0.9999942183494568], [[871.0758972167969, 170.46353459358215], [841.9211578369141, 151.31331324577332], 0.9999854564666748, 0.99998539686203], [[847.9264831542969, 169.1832733154297], [821.5623474121094, 155.2170968055725], 0.9999744296073914, 0.9999774098396301], [[877.5175476074219, 177.49136209487915], [853.9370727539062, 156.24455451965332], 0.9999834895133972, 0.9999833106994629], [[836.7801666259766, 176.6454041004181], [816.8711853027344, 164.75024700164795], 0.9999569058418274, 0.9999355673789978], [[917.7654266357422, 259.2202663421631], [897.8343963623047, 214.62167501449585], 0.9999962449073792, 0.9999926686286926], [[794.4783020019531, 256.23541831970215], [806.5375518798828, 240.38088083267212], 0.9999479055404663, 0.9998745322227478], [[944.0709686279297, 350.70305585861206], [936.5680694580078, 281.600124835968], 0.9981999397277832, 0.9967522025108337], [[764.6653747558594, 346.73598289489746], [796.2281036376953, 319.6626019477844], 0.9827101230621338, 0.8469504714012146], [[957.9310607910156, 430.2387285232544], [956.73095703125, 344.8342967033386], 0.9984734654426575, 0.9904568791389465], [[732.4247741699219, 423.5567235946655], [786.1848449707031, 387.5447416305542], 0.972396194934845, 0.8970067501068115], [[887.3577880859375, 442.32665061950684], [896.2721252441406, 366.9911241531372], 0.9997845888137817, 0.9996214509010315], [[810.0052642822266, 441.304407119751], [835.3010559082031, 374.6186828613281], 0.9997344017028809, 0.9995682239532471], [[888.548583984375, 563.5199689865112], [914.9189758300781, 474.4901132583618], 0.9680256247520447, 0.9826173782348633], [[791.6358184814453, 552.6381826400757], [842.7928161621094, 482.53562450408936], 0.9637752175331116, 0.967354953289032], [[884.3224334716797, 669.6495294570923], [949.9596405029297, 596.4987802505493], 0.8899494409561157, 0.9799424409866333], [[775.6894683837891, 660.4088687896729], [862.4003601074219, 605.7938146591187], 0.8610526323318481, 0.9718050360679626]]
6.9 [[[859.8601531982422, 182.07266092300415], [847.5704956054688, 161.38691782951355], 0.9999939203262329, 0.9999939799308777], [[870.6520080566406, 170.43728113174438], [854.2024993896484, 151.37359857559204], 0.9999855160713196, 0.9999847412109375], [[847.5450897216797, 169.22144651412964], [836.3466644287109, 155.39803862571716], 0.9999744892120361, 0.9999758005142212], [[877.0710754394531, 177.42292284965515], [866.2452697753906, 156.08291387557983], 0.9999836087226868, 0.9999827146530151], [[836.2714385986328, 176.69535756111145], [831.1837768554688, 164.94512557983398], 0.9999566674232483, 0.9999298453330994], [[917.4672698974609, 258.9056324958801], [914.3064117431641, 216.97435855865479], 0.9999962449073792, 0.9999929070472717], [[794.2459869384766, 256.24975204467773], [821.0440063476562, 240.62807321548462], 0.9999470710754395, 0.9998708367347717], [[944.0369415283203, 349.7137713432312], [954.6315765380859, 284.31851148605347], 0.9982329607009888, 0.9968428611755371], [[764.6141052246094, 346.83093309402466], [814.2120361328125, 322.5614047050476], 0.9822524785995483, 0.8498280644416809], [[957.9290771484375, 429.781551361084], [975.1264953613281, 347.92282819747925], 0.998489260673523, 0.9910348057746887], [[732.4064636230469, 423.65650177001953], [808.5082244873047, 390.78141689300537], 0.9721428751945496, 0.9006158113479614], [[887.3258972167969, 441.9709253311157], [910.8836364746094, 372.5749683380127], 0.9997842907905579, 0.9996022582054138], [[809.9897766113281, 441.07365131378174], [851.7707824707031, 380.92183113098145], 0.9997337460517883, 0.9995222091674805], [[888.4182739257812, 562.4062299728394], [930.9505462646484, 488.1525993347168], 0.9685968160629272, 0.9828857183456421], [[791.6058349609375, 552.425708770752], [865.3191375732422, 498.257532119751], 0.9642341732978821, 0.967816948890686], [[884.2204284667969, 669.0230512619019], [965.880126953125, 601.6735124588013], 0.8921208381652832, 0.9801461100578308], [[775.7493591308594, 660.3389167785645], [883.2432556152344, 614.2115306854248], 0.864277720451355, 0.9716829061508179]]
7.0 [[[859.7223663330078, 182.04495906829834], [855.9810638427734, 161.87946796417236], 0.9999939203262329, 0.9999938011169434], [[870.3080749511719, 170.35884261131287], [863.5208129882812, 152.21988916397095], 0.9999854564666748, 0.9999843835830688], [[847.2256469726562, 169.23201441764832], [845.5569458007812, 156.47231698036194], 0.9999744296073914, 0.9999750852584839], [[876.6153717041016, 177.2866988182068], [876.3166809082031, 156.96020007133484], 0.999983549118042, 0.9999823570251465], [[835.7737731933594, 176.75776720046997], [840.5023193359375, 165.9105384349823], 0.9999563694000244, 0.9999282956123352], [[917.2338104248047, 258.38303089141846], [922.3227691650391, 217.51189470291138], 0.9999962449073792, 0.9999930262565613], [[793.8613891601562, 256.3979172706604], [828.1663513183594, 242.9355025291443], 0.9999461770057678, 0.9998718500137329], [[944.0359497070312, 348.62595319747925], [962.6791381835938, 284.32724475860596], 0.9982503056526184, 0.9968936443328857], [[764.4941711425781, 347.0698857307434], [820.3080749511719, 322.8253126144409], 0.9820717573165894, 0.8542085289955139], [[957.9356384277344, 429.2593574523926], [980.0118255615234, 347.95913457870483], 0.9984990358352661, 0.9913771152496338], [[732.3935699462891, 423.74297618865967], [810.9709167480469, 391.7842197418213], 0.9719908833503723, 0.9030939936637878], [[887.6331329345703, 441.7936420440674], [919.8435211181641, 373.18333625793457], 0.9997838139533997, 0.9995836019515991], [[809.9952697753906, 441.0453701019287], [858.2863616943359, 381.53552055358887], 0.9997318983078003, 0.9994892477989197], [[889.2258453369141, 561.9148063659668], [938.8754272460938, 489.0995693206787], 0.9686404466629028, 0.9828105568885803], [[791.7111968994141, 552.3255443572998], [867.8598022460938, 497.5623893737793], 0.9640257954597473, 0.9679299592971802], [[884.5875549316406, 669.0112924575806], [970.1935577392578, 601.7181873321533], 0.8925672173500061, 0.9794960618019104], [[775.8427429199219, 660.3721761703491], [884.0158843994141, 614.2557334899902], 0.8644959926605225, 0.9706341624259949]]
7.1 [[[859.6781158447266, 182.04251289367676], [858.1399536132812, 161.99698090553284], 0.9999939203262329, 0.9999940991401672], [[870.05615234375, 170.31059503555298], [867.2483825683594, 152.3486030101776], 0.9999853372573853, 0.9999851584434509], [[847.0968627929688, 169.28673148155212], [848.0552673339844, 156.60216808319092], 0.9999743103981018, 0.9999765753746033], [[876.2117767333984, 177.20454812049866], [880.7327270507812, 157.11253881454468], 0.9999834299087524, 0.9999830722808838], [[835.4248809814453, 176.87280178070068], [844.5233917236328, 166.089506149292], 0.9999560117721558, 0.9999323487281799], [[917.1063232421875, 258.2460880279541], [925.9760284423828, 217.22779512405396], 0.9999962449073792, 0.9999925494194031], [[793.5813903808594, 256.48632287979126], [832.4628448486328, 243.50608348846436], 0.9999459385871887, 0.9998747706413269], [[944.0467071533203, 348.01252126693726], [965.0367736816406, 280.6388211250305], 0.9982684850692749, 0.9968859553337097], [[764.3391418457031, 347.1891689300537], [823.4916687011719, 320.86989641189575], 0.981959342956543, 0.8586488962173462], [[957.9981231689453, 428.83591175079346], [981.7457580566406, 341.7476534843445], 0.9985199570655823, 0.9913268089294434], [[732.3761749267578, 423.9631748199463], [813.9990234375, 387.16309547424316], 0.9718716144561768, 0.9063054919242859], [[887.6426696777344, 441.73810958862305], [924.8747253417969, 367.557692527771], 0.9997824430465698, 0.9995986819267273], [[809.9986267089844, 441.05167865753174], [863.2598876953125, 376.40632152557373], 0.9997335076332092, 0.9995170831680298], [[889.6296691894531, 561.4916181564331], [940.1534271240234, 478.14757347106934], 0.9686622619628906, 0.9832804799079895], [[791.7814636230469, 552.2283840179443], [869.8514556884766, 486.620135307312], 0.9645017981529236, 0.9692882299423218], [[884.5932006835938, 668.7163782119751], [970.5979156494141, 594.1995906829834], 0.8931912183761597, 0.98023921251297], [[775.6639099121094, 660.3822183609009], [883.3283996582031, 607.5751876831055], 0.8666449189186096, 0.9724889397621155]]
7.2 [[[859.7766876220703, 182.02197790145874], [859.2120361328125, 161.5628707408905], 0.9999939799308777, 0.999994158744812], [[870.0326538085938, 170.25632858276367], [869.2066955566406, 151.7632269859314], 0.9999854564666748, 0.9999852776527405], [[847.1365356445312, 169.2921280860901], [850.4402160644531, 155.749751329422], 0.9999743700027466, 0.9999762773513794], [[875.8852386474609, 177.10614323616028], [883.1541442871094, 156.31731748580933], 0.9999836087226868, 0.9999833703041077], [[835.1815032958984, 176.8975853919983], [848.7151336669922, 164.9410593509674], 0.9999561905860901, 0.9999309778213501], [[916.9968414306641, 258.11450958251953], [930.4170989990234, 215.7227110862732], 0.9999963641166687, 0.999992847442627], [[793.0706024169922, 256.49966955184937], [837.5502777099609, 242.75096654891968], 0.9999457597732544, 0.9998742341995239], [[944.0111541748047, 347.76442766189575], [972.1971130371094, 280.9765863418579], 0.9982985854148865, 0.9970132112503052], [[763.9527893066406, 347.3581266403198], [829.1868591308594, 320.3736662864685], 0.9820012450218201, 0.8618067502975464], [[958.0058288574219, 428.6525344848633], [992.3600769042969, 342.046537399292], 0.9985408186912537, 0.9917107820510864], [[732.37060546875, 424.3205738067627], [819.9690246582031, 387.96565532684326], 0.9719661474227905, 0.9079767465591431], [[887.5315856933594, 442.0131540298462], [929.8477935791016, 367.1563911437988], 0.9997837543487549, 0.9995805025100708], [[809.7788238525391, 441.19081020355225], [868.7718963623047, 375.6732416152954], 0.9997301697731018, 0.9994823336601257], [[889.2382049560547, 561.9309854507446], [950.4054260253906, 478.8611698150635], 0.968823254108429, 0.9830868244171143], [[791.7498779296875, 552.3674297332764], [877.9592132568359, 485.8560276031494], 0.9641717672348022, 0.9695757627487183], [[884.5632171630859, 669.2645359039307], [984.5381164550781, 595.7958269119263], 0.8931326270103455, 0.980070173740387], [[775.6239318847656, 660.3297758102417], [893.4134674072266, 607.4555826187134], 0.8648181557655334, 0.9720786809921265]]
7.3 [[[859.8455047607422, 182.00249433517456], [866.9465637207031, 165.34379839897156], 0.9999939203262329, 0.9999944567680359], [[869.9697875976562, 170.201096534729], [876.9253540039062, 154.1589653491974], 0.9999852776527405, 0.9999858140945435], [[847.1578216552734, 169.31319952011108], [860.4903411865234, 158.60427618026733], 0.9999738931655884, 0.9999774098396301], [[875.6025695800781, 177.01269507408142], [893.7216949462891, 158.3582103252411], 0.999983549118042, 0.999984085559845], [[834.9887084960938, 176.9639539718628], [862.1100616455078, 166.4857006072998], 0.9999555349349976, 0.9999344348907471], [[916.9772338867188, 258.06560754776], [943.3387756347656, 218.65743398666382], 0.9999964237213135, 0.9999932646751404], [[792.9808044433594, 256.51009798049927], [850.7307434082031, 245.62635898590088], 0.999945342540741, 0.9998818039894104], [[944.00390625, 347.7149033546448], [986.4421844482422, 286.1991262435913], 0.9983122944831848, 0.9971868991851807], [[763.8068389892578, 347.3769450187683], [842.0790863037109, 327.374746799469], 0.9818122386932373, 0.8678781390190125], [[957.9975128173828, 428.5861873626709], [1006.1501312255859, 348.8353371620178], 0.9985470771789551, 0.9921755194664001], [[732.3719787597656, 424.4986295700073], [830.6549072265625, 392.3650360107422], 0.9717174172401428, 0.9136297702789307], [[887.4658203125, 442.3802947998047], [941.3981628417969, 373.6330461502075], 0.9997838139533997, 0.9995934963226318], [[809.7507476806641, 441.33500576019287], [882.6890563964844, 381.4327383041382], 0.9997267723083496, 0.9994904398918152], [[888.7899017333984, 562.1392107009888], [965.51513671875, 489.6575975418091], 0.9688305854797363, 0.9836944341659546], [[791.7668914794922, 552.5057458877563], [891.8844604492188, 494.3160581588745], 0.9639355540275574, 0.9700971841812134], [[884.1477966308594, 669.437313079834], [992.840576171875, 601.8397235870361], 0.8930068612098694, 0.980594277381897], [[775.6689453125, 660.2125310897827], [905.0342559814453, 609.4605875015259], 0.8636703491210938, 0.9720662832260132]]
7.4 [[[859.8980712890625, 182.0030951499939], [874.4813537597656, 166.02546572685242], 0.9999938011169434, 0.9999939799308777], [[869.9514770507812, 170.17971396446228], [885.0926971435547, 155.14228463172913], 0.9999850392341614, 0.9999842047691345], [[847.1901702880859, 169.36430096626282], [869.4443511962891, 159.5294988155365], 0.9999734163284302, 0.9999756813049316], [[875.3903198242188, 176.97970390319824], [902.5286865234375, 159.6575367450714], 0.9999833703041077, 0.9999808669090271], [[834.8474884033203, 177.05215573310852], [871.8840026855469, 167.256760597229], 0.999954879283905, 0.9999274015426636], [[916.9785308837891, 258.0532908439636], [951.4982604980469, 219.82625484466553], 0.9999964833259583, 0.9999921917915344], [[792.8276062011719, 256.5130591392517], [857.0093536376953, 248.21844577789307], 0.9999454021453857, 0.9998818039894104], [[943.9414215087891, 347.6301670074463], [993.7923431396484, 286.17835521698], 0.998309314250946, 0.9971413016319275], [[763.5762786865234, 347.32553243637085], [847.1501159667969, 327.9477524757385], 0.9817884564399719, 0.8695754408836365], [[957.9911804199219, 428.47031593322754], [1010.5021667480469, 348.14388513565063], 0.998543918132782, 0.9914761781692505], [[732.3708343505859, 424.5489263534546], [836.7103576660156, 392.1904993057251], 0.9717041850090027, 0.9125585556030273], [[887.4407196044922, 442.50547885894775], [948.9962768554688, 373.5946798324585], 0.9997848868370056, 0.9995543956756592], [[809.7122192382812, 441.40963554382324], [887.7790832519531, 381.3219738006592], 0.9997250437736511, 0.9994636178016663], [[888.7947082519531, 562.6914024353027], [967.9356384277344, 488.24392318725586], 0.9689453840255737, 0.9832892417907715], [[791.7760467529297, 552.90696144104], [896.1982727050781, 490.2141237258911], 0.963775634765625, 0.9705976843833923], [[884.4998931884766, 669.9480485916138], [996.8509674072266, 599.8234748840332], 0.8926383852958679, 0.980647087097168], [[775.6906890869141, 660.1804733276367], [908.9512634277344, 604.4167041778564], 0.8621546626091003, 0.9725064635276794]]
7.5 [[[859.9446868896484, 182.03577518463135], [881.3179016113281, 166.1109960079193], 0.9999938011169434, 0.9999940991401672], [[869.9015045166016, 170.1745104789734], [891.2739562988281, 155.19554257392883], 0.9999850988388062, 0.9999845027923584], [[847.1866607666016, 169.48134183883667], [875.3007507324219, 159.68353271484375], 0.9999732971191406, 0.9999760389328003], [[875.1777648925781, 176.965252161026], [907.1788024902344, 159.69788789749146], 0.9999834895133972, 0.9999812841415405], [[834.6907043457031, 177.1497344970703], [877.2254943847656, 167.28893637657166], 0.9999547600746155, 0.9999277591705322], [[916.9599914550781, 258.0527329444885], [957.1669006347656, 219.81016159057617], 0.999996542930603, 0.9999924302101135], [[792.6762390136719, 256.5164279937744], [863.5655212402344, 247.8906798362732], 0.999945342540741, 0.9998864531517029], [[943.9140319824219, 347.65085220336914], [999.5631408691406, 284.15054082870483], 0.9983220100402832, 0.9972450733184814], [[763.3539581298828, 347.32720613479614], [855.2846527099609, 326.7061686515808], 0.9816682934761047, 0.8689947128295898], [[957.962646484375, 428.4691572189331], [1017.8120422363281, 346.6187810897827], 0.9985507726669312, 0.991679310798645], [[732.3291778564453, 424.7373676300049], [842.6596069335938, 391.71757221221924], 0.9716881513595581, 0.9126175045967102], [[887.1743774414062, 442.9236888885498], [953.5957336425781, 371.1059761047363], 0.999786913394928, 0.9995673894882202], [[809.5627593994141, 441.6406059265137], [893.0952453613281, 379.8174476623535], 0.9997237324714661, 0.9994832873344421], [[887.8733825683594, 562.8300189971924], [972.8341674804688, 486.11030101776123], 0.9692572355270386, 0.9837435483932495], [[791.8690490722656, 552.9517221450806], [903.6439514160156, 489.8076295852661], 0.9637938141822815, 0.9717769622802734], [[884.2967224121094, 670.0779962539673], [1008.2856750488281, 599.2880201339722], 0.8934426307678223, 0.9815741181373596], [[775.7421112060547, 659.9462842941284], [916.8031311035156, 604.6575880050659], 0.8619906902313232, 0.9741114377975464]]
7.6 [[[859.9916076660156, 182.04094648361206], [890.7312774658203, 166.10248804092407], 0.9999937415122986, 0.9999943375587463], [[869.9156951904297, 170.15719413757324], [900.7044982910156, 155.17545819282532], 0.9999849200248718, 0.9999850392341614], [[847.2068786621094, 169.52967524528503], [883.3778381347656, 159.65347051620483], 0.9999728202819824, 0.9999768733978271], [[875.0780487060547, 176.89282178878784], [915.4175567626953, 159.71226453781128], 0.9999833703041077, 0.9999821186065674], [[834.6556091308594, 177.20112562179565], [883.8722991943359, 167.27310061454773], 0.9999539256095886, 0.9999307990074158], [[916.9124603271484, 258.0694913864136], [966.9535827636719, 220.34879207611084], 0.9999966025352478, 0.9999926686286926], [[792.6647186279297, 256.51926040649414], [870.0564575195312, 249.38587188720703], 0.9999449849128723, 0.9998921155929565], [[943.7761688232422, 347.67943382263184], [1008.3735656738281, 284.27823543548584], 0.9983141422271729, 0.9973259568214417], [[763.2442474365234, 347.3242449760437], [864.2185974121094, 329.676296710968], 0.9814491868019104, 0.8737326264381409], [[957.9405975341797, 428.48915576934814], [1026.3899993896484, 347.12634086608887], 0.998544454574585, 0.9918442964553833], [[732.3191833496094, 424.8851251602173], [851.4035034179688, 392.65110969543457], 0.9714754223823547, 0.9164355993270874], [[887.0462799072266, 443.00814628601074], [963.7197113037109, 372.66873836517334], 0.9997883439064026, 0.9995697736740112], [[809.5036315917969, 441.7315864562988], [903.1906890869141, 381.00075244903564], 0.9997227787971497, 0.9994901418685913], [[887.5038909912109, 562.9785919189453], [983.3049011230469, 490.140438079834], 0.9694789052009583, 0.9844037294387817], [[791.8846130371094, 553.4373950958252], [915.5445861816406, 491.9120693206787], 0.9637238383293152, 0.9731348752975464], [[884.2607879638672, 670.2427911758423], [1019.3733215332031, 601.5011644363403], 0.8937250971794128, 0.9824349880218506], [[775.7447814941406, 659.9469709396362], [928.3952331542969, 605.2051448822021], 0.861514687538147, 0.9751588702201843]]
7.7 [[[860.0572967529297, 182.04543113708496], [903.5539245605469, 167.8468894958496], 0.9999935626983643, 0.9999944567680359], [[869.9319458007812, 170.13879418373108], [913.2008361816406, 157.0844829082489], 0.9999845623970032, 0.9999852776527405], [[847.2158813476562, 169.57691431045532], [896.7861938476562, 161.6735279560089], 0.9999720454216003, 0.9999778270721436], [[875.0247955322266, 176.80819272994995], [928.9078521728516, 161.98957800865173], 0.9999829530715942, 0.9999826550483704], [[834.6382141113281, 177.2470235824585], [896.8966674804688, 169.93417382240295], 0.9999526143074036, 0.9999338984489441], [[916.8839263916016, 258.06384801864624], [976.4501190185547, 220.7509732246399], 0.9999966025352478, 0.999992847442627], [[792.6786041259766, 256.5708017349243], [882.5984954833984, 251.80099725723267], 0.9999443292617798, 0.9998960494995117], [[943.6820983886719, 347.69254446029663], [1021.47216796875, 284.2980408668518], 0.9982975721359253, 0.997427761554718], [[763.2063293457031, 347.3349952697754], [875.9718322753906, 330.21600008010864], 0.981270432472229, 0.8741734027862549], [[957.9353332519531, 428.50151538848877], [1038.336181640625, 346.72800064086914], 0.9985234141349792, 0.9917626976966858], [[732.3392486572266, 425.035457611084], [863.7516784667969, 392.65510082244873], 0.971047043800354, 0.9173725843429565], [[887.0392608642578, 443.02788734436035], [973.6093902587891, 372.7378749847412], 0.9997868537902832, 0.9995886087417603], [[809.5071411132812, 441.79673194885254], [915.0116729736328, 381.5790367126465], 0.9997190237045288, 0.9995115399360657], [[887.5106811523438, 563.0862236022949], [993.5938262939453, 490.11314392089844], 0.968871533870697, 0.9851784110069275], [[792.0125579833984, 553.6284112930298], [924.2665100097656, 492.0502996444702], 0.9628563523292542, 0.9737102389335632], [[884.2810821533203, 670.4430341720581], [1028.412857055664, 600.9358406066895], 0.8916470408439636, 0.9833945035934448], [[775.7679748535156, 660.0344753265381], [937.3533630371094, 604.7948741912842], 0.8583903312683105, 0.9762095808982849]]
7.8 [[[860.1597595214844, 182.16864109039307], [912.1900939941406, 168.94738912582397], 0.999993622303009, 0.9999945759773254], [[869.9445343017578, 170.13922333717346], [921.8848419189453, 158.53654503822327], 0.9999846816062927, 0.9999855160713196], [[847.2474670410156, 169.7084605693817], [905.2474212646484, 162.55887150764465], 0.9999721646308899, 0.9999783039093018], [[875.0357055664062, 176.80058598518372], [937.3769378662109, 164.13562417030334], 0.9999831318855286, 0.9999829530715942], [[834.6400451660156, 177.30687975883484], [904.3473815917969, 171.09623551368713], 0.9999527931213379, 0.9999351501464844], [[916.8706512451172, 258.0928373336792], [983.355712890625, 221.52759075164795], 0.9999966025352478, 0.9999926686286926], [[792.6822662353516, 256.7473554611206], [888.9067077636719, 252.66456127166748], 0.9999438524246216, 0.9998981952667236], [[943.6529541015625, 347.6997113227844], [1025.5476379394531, 284.0192198753357], 0.9983010292053223, 0.9974586367607117], [[763.2121276855469, 347.50403881073], [881.1238098144531, 330.2911448478699], 0.9811736345291138, 0.878416121006012], [[957.9343414306641, 428.50722312927246], [1043.3085632324219, 346.38004302978516], 0.9985162019729614, 0.9918762445449829], [[732.3585510253906, 425.1794385910034], [868.4129333496094, 392.7250099182129], 0.9709319472312927, 0.9207522869110107], [[887.0110321044922, 443.04741382598877], [976.6026306152344, 372.52368450164795], 0.9997879266738892, 0.9995931386947632], [[809.4892120361328, 441.86917304992676], [916.5218353271484, 381.2882423400879], 0.9997178912162781, 0.9995263814926147], [[887.4111938476562, 563.1206846237183], [998.7674713134766, 488.30254554748535], 0.96915203332901, 0.9854612350463867], [[792.0506286621094, 553.7953090667725], [926.6535186767578, 492.35692977905273], 0.9629199504852295, 0.9750064015388489], [[884.1606903076172, 670.5524253845215], [1032.804183959961, 600.4209423065186], 0.8927891850471497, 0.983964204788208], [[775.8418273925781, 660.0465774536133], [940.8439636230469, 605.3219604492188], 0.8589552044868469, 0.977608323097229]]
7.9 [[[860.6444549560547, 182.19990491867065], [921.0591125488281, 172.88038730621338], 0.9999935626983643, 0.9999948143959045], [[870.1136779785156, 170.1350712776184], [929.9947357177734, 162.15430855751038], 0.999984622001648, 0.9999861717224121], [[847.4639129638672, 169.74578619003296], [911.3700103759766, 166.04144096374512], 0.9999720454216003, 0.9999792575836182], [[875.0474548339844, 176.76152229309082], [942.1211242675781, 168.21994185447693], 0.9999830722808838, 0.9999838471412659], [[834.6430969238281, 177.36013770103455], [906.8195343017578, 175.70852994918823], 0.9999527931213379, 0.9999381899833679], [[916.8721771240234, 258.12405824661255], [986.8486022949219, 225.16318559646606], 0.9999966025352478, 0.9999929070472717], [[792.70263671875, 256.7915368080139], [891.9454193115234, 256.55597448349], 0.9999436140060425, 0.9998995661735535], [[943.6170959472656, 347.7107834815979], [1028.849105834961, 289.4100093841553], 0.9982829689979553, 0.9974991679191589], [[763.2667541503906, 347.5274705886841], [886.4637756347656, 334.4447708129883], 0.9813076853752136, 0.8812252283096313], [[957.9366302490234, 428.52636337280273], [1049.958267211914, 353.2778263092041], 0.9985032677650452, 0.9918670654296875], [[732.6768493652344, 425.3071117401123], [875.7360076904297, 399.2071580886841], 0.9706681370735168, 0.9207754731178284], [[887.1212768554688, 443.1464624404907], [985.2810668945312, 374.7993993759155], 0.9997883439064026, 0.9995984435081482], [[809.5160675048828, 442.1204423904419], [924.8165893554688, 385.02028942108154], 0.999717116355896, 0.9995371103286743], [[887.7484893798828, 563.1149768829346], [1003.9173889160156, 493.60962867736816], 0.9690205454826355, 0.9854483008384705], [[792.1275329589844, 553.9392900466919], [934.910888671875, 496.7790985107422], 0.9626559615135193, 0.975111722946167], [[884.156494140625, 670.5577898025513], [1038.047103881836, 606.6827201843262], 0.8925613164901733, 0.9840408563613892], [[775.9007263183594, 660.0970888137817], [953.1552124023438, 615.1486730575562], 0.8573094606399536, 0.9778002500534058]]
8.0 [[[862.2986602783203, 182.24678993225098], [928.2753753662109, 185.9948229789734], 0.999993622303009, 0.9999951720237732], [[870.6845855712891, 170.1311445236206], [937.6405334472656, 174.3323314189911], 0.9999848008155823, 0.9999869465827942], [[848.6319732666016, 169.758038520813], [918.6175537109375, 180.17908573150635], 0.9999723434448242, 0.9999805092811584], [[875.2555084228516, 176.70727729797363], [950.8152770996094, 178.7236762046814], 0.9999832510948181, 0.9999846816062927], [[834.7678375244141, 177.37188577651978], [915.8053588867188, 188.6624836921692], 0.9999534487724304, 0.9999418258666992], [[916.8954467773438, 258.1662654876709], [997.8736877441406, 240.57015895843506], 0.9999966025352478, 0.999993085861206], [[792.7680969238281, 256.7962574958801], [903.3469390869141, 268.5141849517822], 0.9999436736106873, 0.9999033808708191], [[943.5820007324219, 347.8746557235718], [1040.5638122558594, 303.0719590187073], 0.9982653260231018, 0.9975156188011169], [[763.3341217041016, 347.53201961517334], [895.9465789794922, 344.0630865097046], 0.9814988970756531, 0.8856745958328247], [[957.9694366455078, 428.65498065948486], [1060.6068420410156, 363.8976573944092], 0.998489260673523, 0.9920039176940918], [[732.9017639160156, 425.52194595336914], [884.7359466552734, 411.1972761154175], 0.9705665707588196, 0.9233548641204834], [[887.3934936523438, 443.14680576324463], [995.8564758300781, 393.4834957122803], 0.9997900128364563, 0.9996020793914795], [[809.5557403564453, 442.1985054016113], [933.9345550537109, 402.52601623535156], 0.9997180104255676, 0.9995474219322205], [[888.8436126708984, 563.0180740356445], [1015.2297973632812, 506.56585693359375], 0.9695833921432495, 0.9856181144714355], [[792.1534729003906, 553.9855527877808], [943.4687805175781, 512.2693490982056], 0.963066577911377, 0.9762360453605652], [[884.4678497314453, 670.6068849563599], [1044.8287200927734, 620.0204658508301], 0.8947955369949341, 0.9844774007797241], [[775.892333984375, 660.1117658615112], [958.2584381103516, 628.4002017974854], 0.8588933348655701, 0.9788332581520081]]
8.1 [[[863.4710693359375, 182.38881826400757], [940.3016662597656, 195.6616759300232], 0.9999935626983643, 0.9999953508377075], [[871.3951873779297, 170.20251274108887], [949.1383361816406, 184.7109889984131], 0.9999847412109375, 0.9999873638153076], [[849.6795654296875, 169.77957129478455], [930.7318115234375, 190.50958156585693], 0.9999722242355347, 0.9999811053276062], [[876.0550689697266, 176.7833662033081], [962.4822235107422, 188.9560890197754], 0.9999830722808838, 0.9999850988388062], [[834.9913024902344, 177.38706707954407], [926.9354248046875, 199.50373649597168], 0.9999535083770752, 0.9999437928199768], [[916.9063568115234, 258.26992750167847], [1008.7882995605469, 249.60963249206543], 0.9999966025352478, 0.9999933838844299], [[792.8047943115234, 256.8774747848511], [913.5839080810547, 276.77056074142456], 0.9999435544013977, 0.9999068975448608], [[943.5616302490234, 348.20441722869873], [1050.865249633789, 313.82718801498413], 0.9982267022132874, 0.9975549578666687], [[763.3448028564453, 347.66567945480347], [905.7373046875, 352.2030973434448], 0.9817474484443665, 0.8909743428230286], [[958.0097961425781, 428.9850854873657], [1070.8585357666016, 373.8398551940918], 0.9984561204910278, 0.9923340082168579], [[732.9866027832031, 425.69661140441895], [893.2182312011719, 418.112998008728], 0.970498263835907, 0.9254739880561829], [[887.4606323242188, 443.3214282989502], [1004.6089172363281, 403.19167613983154], 0.9997906684875488, 0.9995995759963989], [[809.5675659179688, 442.4910593032837], [943.4150695800781, 411.6075897216797], 0.9997167587280273, 0.9995324015617371], [[889.0895080566406, 563.4127235412598], [1023.8682556152344, 517.9670476913452], 0.9693015813827515, 0.9846315383911133], [[792.1592712402344, 554.6198844909668], [952.9814910888672, 521.5997457504272], 0.9624531865119934, 0.9755553603172302], [[884.6101379394531, 671.0243654251099], [1056.5157318115234, 626.2726306915283], 0.8932650089263916, 0.982654869556427], [[775.8960723876953, 660.1469135284424], [963.5331726074219, 638.3990049362183], 0.8554537892341614, 0.9764307141304016]]
8.2 [[[864.9769592285156, 182.65015125274658], [945.3192138671875, 197.30797290802002], 0.9999935030937195, 0.9999954700469971], [[872.1527099609375, 170.3409469127655], [954.4996643066406, 186.77500247955322], 0.9999845623970032, 0.9999875426292419], [[851.21337890625, 169.85942602157593], [935.2414703369141, 191.8580675125122], 0.9999719858169556, 0.9999813437461853], [[876.6975402832031, 176.8571162223816], [967.1913909912109, 190.15570163726807], 0.9999828338623047, 0.9999851584434509], [[835.2430725097656, 177.40321397781372], [930.8220672607422, 201.09134674072266], 0.9999535083770752, 0.999944269657135], [[916.9142150878906, 258.3245587348938], [1012.5788879394531, 248.81346702575684], 0.9999966025352478, 0.9999932050704956], [[792.8401947021484, 256.90536975860596], [917.9682922363281, 277.11304664611816], 0.99994295835495, 0.9999058842658997], [[943.5478210449219, 348.38225841522217], [1053.7995910644531, 312.0155596733093], 0.9981768727302551, 0.9975573420524597], [[763.3084106445312, 348.0183148384094], [909.8116302490234, 353.3953285217285], 0.9819348454475403, 0.8947176337242126], [[958.0303192138672, 429.1628837585449], [1075.687026977539, 374.09919261932373], 0.9984107613563538, 0.9923413395881653], [[732.9947662353516, 426.10490798950195], [896.2754821777344, 414.87653732299805], 0.9704487919807434, 0.9246482849121094], [[887.6747131347656, 443.5344171524048], [1010.0883483886719, 398.43236446380615], 0.9997913837432861, 0.9995901584625244], [[809.7093200683594, 442.77876377105713], [947.4883270263672, 406.9680976867676], 0.9997134804725647, 0.9995355606079102], [[889.7489929199219, 567.4756050109863], [1029.074935913086, 513.607234954834], 0.9689515829086304, 0.9848436713218689], [[792.1672058105469, 554.999942779541], [954.278564453125, 515.2830791473389], 0.9611519575119019, 0.9767068028450012], [[884.6018981933594, 672.4618577957153], [1059.3836975097656, 622.6303195953369], 0.8918128609657288, 0.983103334903717], [[775.9074401855469, 660.4077100753784], [967.6875305175781, 632.3996543884277], 0.8512997031211853, 0.9776593446731567]]
8.3 [[[866.3557434082031, 182.86348342895508], [951.3022613525391, 192.39993810653687], 0.9999933838844299, 0.9999956488609314], [[872.9058837890625, 170.44880390167236], [959.1323089599609, 181.56134605407715], 0.9999842643737793, 0.9999880790710449], [[852.8285217285156, 169.93467807769775], [940.5387878417969, 186.3767910003662], 0.9999714493751526, 0.9999821782112122], [[877.1742248535156, 176.89571857452393], [971.3877105712891, 185.4155731201172], 0.9999824166297913, 0.9999857544898987], [[835.4359436035156, 177.41576671600342], [935.738525390625, 195.41632890701294], 0.9999530911445618, 0.9999465346336365], [[916.9139862060547, 258.3420467376709], [1017.7058410644531, 244.53328371047974], 0.9999966025352478, 0.9999932646751404], [[792.8597259521484, 256.93686962127686], [921.7859649658203, 272.91131258010864], 0.9999426007270813, 0.9999053478240967], [[943.3272552490234, 348.52014541625977], [1058.8653564453125, 308.3964443206787], 0.9981029629707336, 0.9974900484085083], [[763.0985260009766, 348.1835603713989], [915.4859924316406, 349.82998609542847], 0.9823327660560608, 0.894842267036438], [[958.0755615234375, 429.258713722229], [1081.4042663574219, 370.7494354248047], 0.9983716607093811, 0.9924270510673523], [[732.8916931152344, 426.2536096572876], [901.8101501464844, 412.271146774292], 0.9703994989395142, 0.9234620332717896], [[887.6764678955078, 443.90082836151123], [1015.9799957275391, 395.23040771484375], 0.9997907876968384, 0.9996055364608765], [[809.7200012207031, 443.32438945770264], [953.4329223632812, 403.81553649902344], 0.9997104406356812, 0.999557614326477], [[889.9017333984375, 569.7399473190308], [1034.103012084961, 511.5503454208374], 0.9678576588630676, 0.9850656390190125], [[792.1784973144531, 555.9348964691162], [961.1961364746094, 512.5231504440308], 0.9595619440078735, 0.977594792842865], [[884.3836975097656, 673.3587455749512], [1064.8518371582031, 620.6170749664307], 0.8878442645072937, 0.9834741353988647], [[775.902099609375, 660.6326723098755], [974.67041015625, 630.5608606338501], 0.8441317677497864, 0.9787800312042236]]
8.4 [[[867.4143218994141, 183.02173376083374], [951.1955261230469, 189.86542224884033], 0.9999932050704956, 0.9999959468841553], [[873.4247589111328, 170.56281924247742], [960.3294372558594, 179.19142127037048], 0.9999839663505554, 0.9999887943267822], [[853.9448547363281, 169.95665073394775], [942.1839141845703, 184.0910768508911], 0.9999708533287048, 0.9999833106994629], [[877.4334716796875, 176.93395614624023], [974.2263031005859, 183.727605342865], 0.9999818801879883, 0.9999867081642151], [[835.6909942626953, 177.41904973983765], [939.1508483886719, 193.16550493240356], 0.9999520182609558, 0.9999497532844543], [[916.8604278564453, 258.39401721954346], [1021.7484283447266, 242.45633125305176], 0.999996542930603, 0.999993622303009], [[792.9765319824219, 256.9406461715698], [924.8950958251953, 272.7375268936157], 0.999941349029541, 0.9999071955680847], [[942.9556274414062, 348.6994242668152], [1066.8701171875, 306.2227177619934], 0.9980652928352356, 0.9975423216819763], [[762.9724884033203, 348.31069707870483], [918.9080047607422, 350.0045442581177], 0.9826808571815491, 0.8944433331489563], [[958.0998229980469, 429.33634757995605], [1087.596435546875, 368.2706022262573], 0.9983571767807007, 0.9926300048828125], [[732.8071594238281, 426.3081121444702], [907.0331573486328, 412.04051971435547], 0.970309317111969, 0.9233809113502502], [[887.6438903808594, 443.6729907989502], [1019.2724609375, 394.91652488708496], 0.9997854232788086, 0.999618411064148], [[809.7175598144531, 443.2835340499878], [957.0030975341797, 403.9346694946289], 0.9997012615203857, 0.9995710849761963], [[889.166259765625, 569.6217155456543], [1041.812744140625, 512.1574258804321], 0.9669923782348633, 0.9854999780654907], [[792.7091979980469, 555.844988822937], [970.2916717529297, 516.9035625457764], 0.9584600329399109, 0.9783595204353333], [[883.6412048339844, 673.3124399185181], [1074.631118774414, 624.3001556396484], 0.8854010701179504, 0.9840219020843506], [[775.9192657470703, 660.6173515319824], [985.3890228271484, 635.3757905960083], 0.8393898606300354, 0.9796194434165955]]
8.5 [[[868.1968688964844, 183.02475929260254], [959.3382263183594, 190.88961839675903], 0.9999931454658508, 0.9999960660934448], [[873.8787841796875, 170.56917071342468], [967.6160430908203, 179.86936569213867], 0.9999839663505554, 0.9999889731407166], [[854.5208740234375, 169.9664032459259], [949.6804046630859, 184.79246377944946], 0.9999707341194153, 0.9999837875366211], [[877.6705169677734, 176.9361448287964], [980.7157135009766, 184.530508518219], 0.9999817609786987, 0.9999868869781494], [[835.8327484130859, 177.42680668830872], [945.5355072021484, 194.9678635597229], 0.9999516606330872, 0.9999510049819946], [[916.8489074707031, 258.4535837173462], [1028.4931945800781, 241.62978172302246], 0.999996542930603, 0.9999938011169434], [[793.0759429931641, 256.95165395736694], [931.1085510253906, 273.1032943725586], 0.999940037727356, 0.9999097585678101], [[942.9428100585938, 348.7355589866638], [1071.1590576171875, 305.07290840148926], 0.9980384111404419, 0.9975064992904663], [[762.8611755371094, 348.32541704177856], [926.6298675537109, 350.7938861846924], 0.9828569293022156, 0.8965855836868286], [[958.1367492675781, 429.3468189239502], [1092.4345397949219, 367.11931228637695], 0.9983501434326172, 0.9926040172576904], [[732.7948760986328, 426.2919330596924], [913.9262390136719, 412.82668590545654], 0.9701899886131287, 0.9237950444221497], [[887.6747131347656, 443.6654806137085], [1027.550277709961, 393.4437131881714], 0.9997856616973877, 0.9996383786201477], [[809.7686004638672, 443.2901430130005], [964.3377685546875, 402.5594902038574], 0.9996984601020813, 0.9995920658111572], [[889.0818786621094, 569.333667755127], [1044.8641204833984, 508.7526512145996], 0.9671114683151245, 0.9858640432357788], [[793.0691528320312, 555.6310987472534], [973.5940551757812, 515.3004598617554], 0.958321750164032, 0.9787951707839966], [[883.4700012207031, 673.2803821563721], [1078.6686706542969, 622.9736423492432], 0.8861446976661682, 0.9844616651535034], [[775.9336090087891, 660.2211999893188], [986.6542816162109, 632.9800844192505], 0.8387826681137085, 0.9804847240447998]]
8.6 [[[868.5735321044922, 183.07469129562378], [960.3334045410156, 193.02083730697632], 0.9999931454658508, 0.9999962449073792], [[874.1741943359375, 170.63310384750366], [969.7541809082031, 181.9607162475586], 0.999984085559845, 0.9999892711639404], [[854.7480773925781, 169.98393416404724], [951.0840606689453, 186.85735702514648], 0.9999707937240601, 0.9999845027923584], [[877.9615020751953, 176.97961807250977], [983.3620452880859, 187.42482662200928], 0.9999818801879883, 0.9999871253967285], [[835.9870910644531, 177.45930433273315], [947.1793365478516, 196.86437845230103], 0.9999517798423767, 0.9999529123306274], [[916.8519592285156, 258.48662853240967], [1029.6849060058594, 242.76113748550415], 0.9999966025352478, 0.9999938607215881], [[793.3157348632812, 256.9568467140198], [933.5102844238281, 274.2759132385254], 0.9999388456344604, 0.9999136924743652], [[942.9438781738281, 348.80003929138184], [1072.17529296875, 306.118540763855], 0.9980204105377197, 0.9974666833877563], [[762.7957916259766, 348.33606004714966], [929.4659423828125, 351.86803579330444], 0.982878565788269, 0.8983771800994873], [[958.1846618652344, 429.3646287918091], [1094.1343688964844, 367.5761890411377], 0.998345673084259, 0.9924832582473755], [[732.7937316894531, 426.2946367263794], [917.1353912353516, 414.1671895980835], 0.9699512124061584, 0.9248644113540649], [[887.6755523681641, 443.7134599685669], [1033.6280822753906, 393.4823799133301], 0.9997867941856384, 0.9996543526649475], [[809.8335266113281, 443.37060928344727], [968.9391326904297, 403.08116912841797], 0.9996956586837769, 0.9996130466461182], [[887.9979705810547, 568.9541673660278], [1050.136489868164, 507.7068901062012], 0.967158854007721, 0.9864663481712341], [[793.0924224853516, 555.619854927063], [974.5487213134766, 514.5893096923828], 0.9578976035118103, 0.9797220826148987], [[883.0381774902344, 673.395266532898], [1082.002182006836, 622.5950860977173], 0.8867286443710327, 0.9850863218307495], [[775.9323120117188, 660.2089262008667], [987.4446868896484, 631.7347240447998], 0.8375731110572815, 0.9815903902053833]]
8.7 [[[869.0346527099609, 183.1191086769104], [960.2173614501953, 193.9799952507019], 0.9999932050704956, 0.9999963045120239], [[874.5152282714844, 170.67605137825012], [969.0001678466797, 182.82176971435547], 0.9999842643737793, 0.99998939037323], [[855.0973510742188, 169.9994695186615], [950.0803375244141, 188.0551028251648], 0.9999710321426392, 0.9999849200248718], [[878.2166290283203, 177.02306985855103], [982.5852966308594, 187.97446489334106], 0.9999820590019226, 0.9999871850013733], [[836.192626953125, 177.49699473381042], [946.6004943847656, 198.23043823242188], 0.9999521970748901, 0.999954342842102], [[916.8601226806641, 258.54379177093506], [1030.8262634277344, 243.76076459884644], 0.9999966025352478, 0.9999933242797852], [[793.6756896972656, 256.9960927963257], [934.0872192382812, 275.597083568573], 0.9999380111694336, 0.9999156594276428], [[943.0338287353516, 348.86441230773926], [1073.0534362792969, 306.8178462982178], 0.9980165362358093, 0.9974261522293091], [[762.7374267578125, 348.33899974823], [928.2786560058594, 352.6906156539917], 0.9829767346382141, 0.9001559615135193], [[958.3271789550781, 429.29913997650146], [1093.275375366211, 368.57645988464355], 0.9983540773391724, 0.9922343492507935], [[732.7934265136719, 426.29592418670654], [915.2091217041016, 415.40400981903076], 0.9698058366775513, 0.9242313504219055], [[887.6847839355469, 443.73255729675293], [1033.1129455566406, 394.3237781524658], 0.9997882843017578, 0.9996522068977356], [[809.9880218505859, 443.4459686279297], [968.6927032470703, 403.9243268966675], 0.9996967315673828, 0.9996243715286255], [[887.9608154296875, 567.8884935379028], [1051.7674255371094, 507.93352603912354], 0.9675737023353577, 0.9864067435264587], [[793.2118988037109, 555.4825258255005], [974.3914031982422, 514.2355155944824], 0.9582821130752563, 0.9807108640670776], [[882.8501129150391, 673.0970907211304], [1081.2968444824219, 622.8733491897583], 0.8886719346046448, 0.9849234819412231], [[775.9401702880859, 660.188455581665], [987.0894622802734, 632.1111345291138], 0.8396682739257812, 0.9825233221054077]]
8.8 [[[869.2080688476562, 183.2094669342041], [958.2279205322266, 194.12968397140503], 0.9999933242797852, 0.9999963045120239], [[874.7602081298828, 170.75609922409058], [966.9609069824219, 183.43685388565063], 0.999984622001648, 0.9999892115592957], [[855.2243804931641, 170.00927567481995], [949.1368865966797, 188.37926387786865], 0.9999717473983765, 0.9999850988388062], [[878.5585021972656, 177.0896315574646], [980.673828125, 187.83816576004028], 0.9999824166297913, 0.999987006187439], [[836.30859375, 177.5023376941681], [945.7319641113281, 198.0017852783203], 0.9999533295631409, 0.9999551773071289], [[916.9097900390625, 258.5985517501831], [1028.5176086425781, 243.45529317855835], 0.9999966621398926, 0.9999929666519165], [[793.8719177246094, 257.0579123497009], [932.8192901611328, 275.5524945259094], 0.9999380111694336, 0.9999161958694458], [[943.1597137451172, 348.929386138916], [1068.7821960449219, 306.73439741134644], 0.9980084896087646, 0.9973659515380859], [[762.7312469482422, 348.39627027511597], [925.745849609375, 352.09896326065063], 0.9831513166427612, 0.899408757686615], [[958.5398864746094, 429.1694927215576], [1091.2776947021484, 368.5757303237915], 0.9983622431755066, 0.9918771982192993], [[732.7944946289062, 426.29725456237793], [914.5933532714844, 416.1064910888672], 0.9698248505592346, 0.9234845638275146], [[887.7359008789062, 443.7332010269165], [1028.7504577636719, 394.7770071029663], 0.9997924566268921, 0.9996472597122192], [[810.118408203125, 443.4992265701294], [967.6817321777344, 404.23842430114746], 0.9997025728225708, 0.9996269345283508], [[887.9405212402344, 566.6303873062134], [1049.0547180175781, 509.83519077301025], 0.9681808948516846, 0.9869113564491272], [[793.4712219238281, 555.3995275497437], [974.3574523925781, 515.4445266723633], 0.9591645002365112, 0.9816663265228271], [[882.8404998779297, 672.5872135162354], [1081.0723876953125, 622.7959728240967], 0.8915026783943176, 0.9852131605148315], [[775.9433746337891, 660.0545167922974], [985.4042053222656, 631.5069723129272], 0.8434070348739624, 0.9832983613014221]]
8.9 [[[869.1852569580078, 183.21174144744873], [957.6434326171875, 194.29853439331055], 0.9999935030937195, 0.9999961853027344], [[874.7639465332031, 170.75544476509094], [966.3011169433594, 183.93439292907715], 0.9999849796295166, 0.9999887943267822], [[855.1625061035156, 170.01230120658875], [948.7677001953125, 188.79843950271606], 0.9999724626541138, 0.9999849200248718], [[878.9440155029297, 177.10014581680298], [980.0248718261719, 187.92300939559937], 0.9999827742576599, 0.999986469745636], [[836.3134765625, 177.51005172729492], [945.1702880859375, 198.14522981643677], 0.9999544620513916, 0.9999551177024841], [[916.9230651855469, 258.7032222747803], [1028.0268859863281, 243.67302417755127], 0.9999966621398926, 0.9999927878379822], [[794.0011596679688, 257.05422163009644], [932.7330017089844, 275.94939708709717], 0.9999382495880127, 0.9999169111251831], [[943.1611633300781, 349.07729387283325], [1067.638931274414, 306.89563035964966], 0.9979863166809082, 0.9973077774047852], [[762.7434539794922, 348.3742332458496], [925.4486846923828, 352.1055293083191], 0.9833404421806335, 0.8996179699897766], [[958.5746765136719, 429.19476985931396], [1090.4554748535156, 368.59148025512695], 0.9983559250831604, 0.9917110204696655], [[732.8823852539062, 426.2708616256714], [914.7776794433594, 416.92793369293213], 0.9698049426078796, 0.9239149689674377], [[887.7467346191406, 443.7289524078369], [1028.260726928711, 395.76032638549805], 0.99979567527771, 0.9996432065963745], [[810.2126312255859, 443.51699352264404], [967.4919128417969, 404.9142122268677], 0.9997057914733887, 0.9996257424354553], [[887.9434204101562, 565.5604219436646], [1049.4979095458984, 511.32194995880127], 0.9685907959938049, 0.9872936606407166], [[793.7948608398438, 555.1566696166992], [974.1114807128906, 516.2575578689575], 0.9595953822135925, 0.9824686646461487], [[882.9411315917969, 672.4896240234375], [1080.7710266113281, 622.7597522735596], 0.8934020400047302, 0.9852892756462097], [[775.953369140625, 659.796552658081], [986.4334106445312, 631.1353254318237], 0.8446592688560486, 0.983826756477356]]
9.0 [[[864.9193572998047, 182.54584550857544], [957.8241729736328, 195.88923454284668], 0.999993622303009, 0.9999962449073792], [[873.8874816894531, 170.41500806808472], [966.5074920654297, 185.23717403411865], 0.9999851584434509, 0.999988853931427], [[851.7697143554688, 169.5373034477234], [949.0998077392578, 190.11928796768188], 0.999972939491272, 0.9999852776527405], [[879.1075134277344, 177.0578956604004], [980.1238250732422, 188.9660668373108], 0.9999829530715942, 0.9999867081642151], [[836.2433624267578, 177.14912295341492], [945.4022979736328, 199.55806732177734], 0.999954879283905, 0.9999565482139587], [[917.0362091064453, 258.94165992736816], [1027.740707397461, 244.43844079971313], 0.9999966025352478, 0.999992847442627], [[794.23583984375, 256.95143938064575], [933.0598449707031, 277.38658905029297], 0.9999389052391052, 0.9999167919158936], [[943.1600189208984, 349.5637822151184], [1069.6717834472656, 308.54254961013794], 0.9979773163795471, 0.9974075555801392], [[762.7452087402344, 348.20926666259766], [926.2705993652344, 353.8042902946472], 0.9831795692443848, 0.8989768028259277], [[958.563232421875, 429.3836832046509], [1092.2135162353516, 369.9800491333008], 0.9983329772949219, 0.9918819069862366], [[732.9962921142578, 426.085467338562], [916.3653564453125, 418.0423164367676], 0.9694404602050781, 0.9236552119255066], [[887.9164886474609, 443.6011505126953], [1029.9290466308594, 399.79758739471436], 0.9997971057891846, 0.9996318817138672], [[810.2898406982422, 443.3983325958252], [970.3311157226562, 408.739857673645], 0.9997082948684692, 0.9996176958084106], [[887.9399108886719, 564.97389793396], [1048.9937591552734, 514.9483823776245], 0.9690265655517578, 0.9875902533531189], [[793.9396667480469, 554.897289276123], [973.7187194824219, 518.3690786361694], 0.9603331089019775, 0.9827412366867065], [[883.3248138427734, 672.2334623336792], [1079.9162292480469, 624.8589563369751], 0.8946763873100281, 0.9851653575897217], [[775.9577941894531, 659.7593450546265], [986.1356353759766, 633.8442277908325], 0.8460836410522461, 0.9839074015617371]]
9.1 [[[860.5491638183594, 181.65494441986084], [955.4270172119141, 195.63648462295532], 0.9999937415122986, 0.9999962449073792], [[872.3741149902344, 169.98595118522644], [964.7898864746094, 184.72049474716187], 0.9999854564666748, 0.9999890327453613], [[848.3348083496094, 168.92411828041077], [946.8840789794922, 189.47317600250244], 0.999973475933075, 0.9999855160713196], [[879.1099548339844, 176.970112323761], [977.8076171875, 188.77266883850098], 0.9999832510948181, 0.9999868869781494], [[835.9791564941406, 176.55368328094482], [944.0779876708984, 198.82258415222168], 0.9999553561210632, 0.9999572038650513], [[917.2496032714844, 259.08984661102295], [1025.4426574707031, 243.19580554962158], 0.999996542930603, 0.9999927282333374], [[794.3643951416016, 256.95491552352905], [930.0794982910156, 277.1256422996521], 0.9999396800994873, 0.9999108910560608], [[943.175048828125, 349.93042945861816], [1067.0994567871094, 306.88520193099976], 0.9979842305183411, 0.9973947405815125], [[762.9118347167969, 348.0663800239563], [923.6933135986328, 353.7352395057678], 0.9827208518981934, 0.895392894744873], [[958.5661315917969, 429.65877056121826], [1089.3436431884766, 367.99808979034424], 0.9983107447624207, 0.9918522238731384], [[733.1383514404297, 425.7521438598633], [912.8929901123047, 417.4351501464844], 0.9690059423446655, 0.92118239402771], [[887.9448699951172, 443.6687421798706], [1026.8571472167969, 395.8118677139282], 0.9997992515563965, 0.9996398091316223], [[810.2946472167969, 443.407301902771], [966.9707489013672, 405.791916847229], 0.9997134208679199, 0.9996217489242554], [[887.94189453125, 564.9739837646484], [1045.8192443847656, 509.8657035827637], 0.9694374799728394, 0.9879134297370911], [[793.9406585693359, 554.943380355835], [971.4251708984375, 515.0604343414307], 0.961290180683136, 0.9833909869194031], [[883.2792663574219, 671.7672300338745], [1076.8218994140625, 621.8711042404175], 0.8955054879188538, 0.9855984449386597], [[775.9593200683594, 659.8884773254395], [983.4391784667969, 630.1731634140015], 0.8486524224281311, 0.9846115708351135]]
9.2 [[[858.6972808837891, 180.83320140838623], [951.8894958496094, 195.00571489334106], 0.9999938011169434, 0.9999963045120239], [[871.5843963623047, 169.54116582870483], [959.207763671875, 184.1449999809265], 0.9999855160713196, 0.9999892711639404], [[846.6690063476562, 168.386732339859], [943.5063171386719, 189.15152549743652], 0.9999735951423645, 0.9999858140945435], [[879.1529846191406, 176.63771152496338], [974.173583984375, 188.26712608337402], 0.9999833703041077, 0.9999872446060181], [[835.7097625732422, 176.03445053100586], [939.9819183349609, 198.51340055465698], 0.9999549388885498, 0.9999576210975647], [[917.6232147216797, 259.1609573364258], [1023.1471252441406, 242.6773452758789], 0.9999964833259583, 0.999992847442627], [[794.4630432128906, 257.01733589172363], [928.5923767089844, 276.07166290283203], 0.9999390840530396, 0.9999056458473206], [[943.4035491943359, 350.13614416122437], [1066.8436431884766, 305.457558631897], 0.9980008602142334, 0.9974734783172607], [[763.1163787841797, 348.07060718536377], [920.6981658935547, 351.1131548881531], 0.9820957779884338, 0.8914994597434998], [[958.5685729980469, 429.8922300338745], [1089.0837097167969, 367.2208499908447], 0.9982812404632568, 0.9920396208763123], [[733.3710479736328, 425.6683301925659], [912.2479248046875, 415.01923084259033], 0.9682644605636597, 0.9192540645599365], [[888.5947418212891, 443.66028785705566], [1025.8576965332031, 394.6026420593262], 0.9998007416725159, 0.999656617641449], [[810.3697204589844, 443.36979389190674], [964.6988677978516, 404.7292470932007], 0.9997157454490662, 0.9996281862258911], [[887.9756927490234, 565.0761222839355], [1045.0959777832031, 507.74499893188477], 0.9695296287536621, 0.9883521199226379], [[793.9119720458984, 554.9782705307007], [970.5100250244141, 512.1603441238403], 0.9616437554359436, 0.9836311340332031], [[883.5453796386719, 671.751823425293], [1075.7658386230469, 618.8604211807251], 0.8957462310791016, 0.9862145781517029], [[775.9512329101562, 659.9679136276245], [982.376708984375, 627.6666927337646], 0.8501783013343811, 0.9851041436195374]]
9.3 [[[857.7296447753906, 180.36784887313843], [949.9217224121094, 195.02670049667358], 0.9999938011169434, 0.9999963641166687], [[871.0577392578125, 169.22602772712708], [956.6560363769531, 184.15281057357788], 0.9999854564666748, 0.9999896287918091], [[845.7553863525391, 168.02285313606262], [941.2633514404297, 189.75894927978516], 0.9999735355377197, 0.9999861717224121], [[879.2222595214844, 176.36816024780273], [972.2215270996094, 188.10630083084106], 0.9999832510948181, 0.9999876022338867], [[835.5796051025391, 175.61723828315735], [937.2069549560547, 198.86916875839233], 0.9999542832374573, 0.9999583959579468], [[918.1877136230469, 259.2153310775757], [1020.5167388916016, 242.86091566085815], 0.9999963641166687, 0.9999929070472717], [[794.7419738769531, 257.0463252067566], [926.2309265136719, 275.730357170105], 0.9999390244483948, 0.9999002814292908], [[943.4687042236328, 350.1952600479126], [1064.0547943115234, 305.25115728378296], 0.9979832768440247, 0.9975370168685913], [[763.5267639160156, 348.0622172355652], [915.9991455078125, 351.00148916244507], 0.9816017746925354, 0.8899880647659302], [[958.5853576660156, 429.8931312561035], [1082.962417602539, 366.09509468078613], 0.9982230067253113, 0.992215096950531], [[734.2329406738281, 425.5908679962158], [903.922119140625, 413.9415407180786], 0.9675799608230591, 0.9183816313743591], [[888.9357757568359, 443.6085319519043], [1021.8450927734375, 394.47535514831543], 0.9998006224632263, 0.9996705055236816], [[810.4766845703125, 443.1410551071167], [962.2042846679688, 404.3024969100952], 0.9997172951698303, 0.9996349215507507], [[888.0058288574219, 565.0337648391724], [1037.0684814453125, 506.93175315856934], 0.9696455597877502, 0.9883330464363098], [[794.0562438964844, 554.8844575881958], [964.2088317871094, 508.73376846313477], 0.9622067213058472, 0.9835831522941589], [[883.4793090820312, 671.4977216720581], [1065.9269714355469, 618.7293148040771], 0.8967985510826111, 0.986405074596405], [[775.9721374511719, 659.9616050720215], [975.0491333007812, 626.9430541992188], 0.8521296977996826, 0.9853180646896362]]
9.4 [[[857.9307556152344, 180.25161266326904], [942.520751953125, 192.93610095977783], 0.9999937415122986, 0.9999964237213135], [[870.960693359375, 169.10534977912903], [949.881591796875, 182.38051414489746], 0.9999852776527405, 0.9999896883964539], [[845.7150268554688, 167.9150390625], [934.3867492675781, 187.2179102897644], 0.9999731779098511, 0.9999862313270569], [[879.2877960205078, 176.29817605018616], [966.0107421875, 186.71326875686646], 0.9999829530715942, 0.9999876618385315], [[835.5483245849609, 175.58775544166565], [929.9506378173828, 196.19133710861206], 0.9999533891677856, 0.9999583959579468], [[918.582763671875, 259.22292709350586], [1013.0686950683594, 242.72907972335815], 0.9999963045120239, 0.999993085861206], [[795.1380920410156, 257.07128047943115], [917.0832824707031, 273.5630464553833], 0.9999386668205261, 0.9998990297317505], [[943.9646911621094, 350.05115032196045], [1054.375228881836, 304.62637424468994], 0.997960090637207, 0.9975725412368774], [[763.9286041259766, 348.05524349212646], [908.1109619140625, 348.5310673713684], 0.9812499284744263, 0.8900145888328552], [[958.5939025878906, 429.63701248168945], [1073.0672454833984, 364.16218757629395], 0.9981813430786133, 0.9924206733703613], [[735.4158782958984, 425.4577445983887], [895.4430389404297, 413.79168033599854], 0.966924786567688, 0.9199072122573853], [[889.3466186523438, 443.56175422668457], [1011.2959289550781, 394.08122062683105], 0.999800443649292, 0.9996869564056396], [[810.736083984375, 443.03694248199463], [950.5176544189453, 402.490611076355], 0.9997178912162781, 0.9996485114097595], [[888.0316162109375, 565.0547075271606], [1029.9458312988281, 506.479811668396], 0.969312846660614, 0.9887804388999939], [[794.0614318847656, 554.88196849823], [954.9226379394531, 507.22975730895996], 0.9622842669487, 0.9840973019599915], [[883.4435272216797, 671.328592300415], [1058.8092041015625, 618.7405586242676], 0.8954781889915466, 0.9871081113815308], [[776.0670471191406, 659.9679136276245], [967.6969146728516, 626.3201808929443], 0.8515703678131104, 0.9858914017677307]]
9.5 [[[857.9805755615234, 180.22077798843384], [935.5834197998047, 193.4018611907959], 0.9999938011169434, 0.9999964833259583], [[870.9481811523438, 169.06474113464355], [942.7784729003906, 183.08874607086182], 0.99998539686203, 0.9999898076057434], [[845.7667541503906, 167.80470371246338], [925.5036163330078, 188.33551168441772], 0.9999734163284302, 0.9999865889549255], [[879.5046234130859, 176.298326253891], [956.7303466796875, 186.98241233825684], 0.9999831318855286, 0.999987781047821], [[835.5448150634766, 175.3667414188385], [920.5907440185547, 196.94793462753296], 0.99995356798172, 0.9999597072601318], [[918.7943267822266, 259.3121266365051], [1002.2591400146484, 242.68852472305298], 0.9999963045120239, 0.9999932646751404], [[795.2994537353516, 257.0760440826416], [909.3540954589844, 273.65737438201904], 0.9999389052391052, 0.9999001026153564], [[944.0525817871094, 350.0969624519348], [1046.5850830078125, 304.5957112312317], 0.9979503750801086, 0.9975225329399109], [[764.0306091308594, 348.03247690200806], [901.3429260253906, 348.7717580795288], 0.9809499979019165, 0.8902207016944885], [[958.6039733886719, 429.56984996795654], [1065.4396057128906, 364.1069555282593], 0.9981567859649658, 0.9920481443405151], [[735.6230926513672, 425.42242527008057], [891.0429382324219, 416.1550712585449], 0.9665671586990356, 0.9202820658683777], [[889.4058990478516, 443.6271142959595], [1005.0184631347656, 394.0218257904053], 0.9998029470443726, 0.9996979236602783], [[810.7536315917969, 443.03496837615967], [946.0812377929688, 402.5564432144165], 0.9997221827507019, 0.9996488690376282], [[888.0312347412109, 565.0695991516113], [1024.729995727539, 508.07849407196045], 0.9696604013442993, 0.989156186580658], [[794.0290832519531, 554.9679708480835], [951.9145965576172, 508.4572649002075], 0.9629731774330139, 0.9837520122528076], [[883.2722473144531, 671.1355590820312], [1055.2503967285156, 622.043924331665], 0.8960919976234436, 0.9875032305717468], [[776.0625457763672, 659.9844789505005], [963.5609436035156, 626.6751766204834], 0.8538857698440552, 0.9857099056243896]]
9.6 [[[855.1475524902344, 179.91753816604614], [930.3974914550781, 192.83396244049072], 0.9999938011169434, 0.9999964833259583], [[869.7146606445312, 168.93531918525696], [937.4855804443359, 182.58236646652222], 0.9999852180480957, 0.9999898672103882], [[843.6027526855469, 167.68919706344604], [920.4062652587891, 188.09173107147217], 0.9999732375144958, 0.9999867081642151], [[879.5016479492188, 176.28877758979797], [952.3214721679688, 185.2440619468689], 0.9999828338623047, 0.9999880790710449], [[835.1481628417969, 175.31508207321167], [915.9182739257812, 196.74007415771484], 0.999952495098114, 0.9999600648880005], [[918.9181518554688, 259.40014600753784], [1000.2821350097656, 240.63642024993896], 0.9999961256980896, 0.9999934434890747], [[795.3047180175781, 257.12552547454834], [907.0018005371094, 271.29971265792847], 0.9999392628669739, 0.9998966455459595], [[944.0118408203125, 350.5392050743103], [1046.2586975097656, 300.3324794769287], 0.9979405403137207, 0.9976246356964111], [[764.1212463378906, 348.02294969558716], [897.4537658691406, 345.9666395187378], 0.9805636405944824, 0.8852449655532837], [[958.6061859130859, 430.0617027282715], [1063.4025573730469, 360.532021522522], 0.9980940818786621, 0.9922928810119629], [[735.6081390380859, 425.3196859359741], [888.7037658691406, 411.98198318481445], 0.966029942035675, 0.9180939793586731], [[890.3273010253906, 443.32464694976807], [1003.3734130859375, 392.7204179763794], 0.9998035430908203, 0.9997007250785828], [[811.0543823242188, 442.7928829193115], [945.0475311279297, 402.16290950775146], 0.9997279047966003, 0.9996485114097595], [[889.2052459716797, 564.9793910980225], [1023.0427551269531, 505.0472116470337], 0.9701786041259766, 0.9894293546676636], [[793.9765930175781, 554.7385883331299], [949.9974822998047, 506.900897026062], 0.9642616510391235, 0.9841091632843018], [[883.9354705810547, 670.2417612075806], [1054.500961303711, 617.0802068710327], 0.8986693024635315, 0.9878693222999573], [[776.0771179199219, 659.400315284729], [962.4259185791016, 625.2688407897949], 0.8590225577354431, 0.9863425493240356]]
9.7 [[[850.6430816650391, 179.18201208114624], [925.8320617675781, 183.98024797439575], 0.9999938011169434, 0.9999964833259583], [[866.4207458496094, 168.63371014595032], [933.6486053466797, 173.06105017662048], 0.9999850392341614, 0.999989926815033], [[840.4341888427734, 167.55746841430664], [916.787109375, 178.8266408443451], 0.9999728798866272, 0.9999867081642151], [[878.7643432617188, 176.1643660068512], [948.6348724365234, 175.7889747619629], 0.9999826550483704, 0.9999881982803345], [[834.3441009521484, 175.30816197395325], [912.6311492919922, 187.4434518814087], 0.9999508261680603, 0.9999600052833557], [[919.0013122558594, 259.4070339202881], [996.9575500488281, 232.67807006835938], 0.9999960064888, 0.9999936819076538], [[795.3024291992188, 257.1301603317261], [903.6750793457031, 263.15622568130493], 0.9999390840530396, 0.9998965263366699], [[944.0110015869141, 350.61415672302246], [1040.4078674316406, 293.31146478652954], 0.9979566931724548, 0.9976649284362793], [[764.1295623779297, 347.9142665863037], [894.5810699462891, 337.63391733169556], 0.9799878001213074, 0.8858790397644043], [[958.5658264160156, 430.63106060028076], [1057.5655364990234, 352.1057438850403], 0.9980825185775757, 0.9925270080566406], [[735.4908752441406, 424.9345636367798], [882.8755950927734, 404.51351165771484], 0.9653594493865967, 0.9205453395843506], [[890.3524780273438, 443.2228088378906], [997.5932312011719, 385.44283390045166], 0.9998056888580322, 0.9997156262397766], [[811.0486602783203, 442.3403835296631], [938.9511871337891, 394.26082134246826], 0.9997344613075256, 0.999660849571228], [[889.3524932861328, 564.9785757064819], [1017.6271057128906, 497.02757835388184], 0.9699984192848206, 0.9896872043609619], [[793.9557647705078, 554.4234609603882], [944.2335510253906, 500.7967472076416], 0.965034008026123, 0.9845089912414551], [[883.8938903808594, 668.8958930969238], [1049.4136810302734, 611.6342926025391], 0.8988978862762451, 0.9884425401687622], [[776.0789489746094, 658.9591026306152], [957.8958129882812, 620.6243705749512], 0.8617269992828369, 0.9868953824043274]]
9.8 [[[848.1057739257812, 177.7330183982849], [920.1359558105469, 173.83647680282593], 0.9999936819076538, 0.9999963045120239], [[863.8625335693359, 167.9950225353241], [928.37158203125, 163.60954642295837], 0.999984622001648, 0.9999897480010986], [[838.5853576660156, 167.24441170692444], [910.799560546875, 168.59365940093994], 0.9999721050262451, 0.9999863505363464], [[877.5936126708984, 175.52842497825623], [942.2147369384766, 168.05551171302795], 0.9999821186065674, 0.9999884366989136], [[833.4132385253906, 175.25645971298218], [906.3311004638672, 177.70750522613525], 0.9999485611915588, 0.9999594688415527], [[919.0380859375, 259.3618869781494], [986.3205718994141, 222.94753074645996], 0.9999958872795105, 0.9999940991401672], [[795.2223205566406, 257.03224897384644], [894.0038299560547, 258.41678380966187], 0.9999392628669739, 0.9998912215232849], [[944.0782165527344, 350.61696767807007], [1032.5101470947266, 284.95749950408936], 0.997961163520813, 0.9977248311042786], [[764.1163635253906, 347.64008045196533], [884.8078918457031, 333.7667512893677], 0.9795688986778259, 0.8809124231338501], [[958.5962677001953, 430.6507158279419], [1050.0057220458984, 343.6062955856323], 0.9980531334877014, 0.9926245212554932], [[735.447998046875, 424.85941886901855], [877.642822265625, 400.3463888168335], 0.9647966623306274, 0.9182791113853455], [[890.3945922851562, 443.2020378112793], [989.0201568603516, 380.37285804748535], 0.9998078346252441, 0.999724805355072], [[811.0208892822266, 442.26356506347656], [931.4617156982422, 391.0728120803833], 0.9997410178184509, 0.9996582269668579], [[889.8883819580078, 565.5263471603394], [1008.9682769775391, 495.4002285003662], 0.9696362018585205, 0.9900710582733154], [[793.9341735839844, 554.3895149230957], [938.0214691162109, 498.53785514831543], 0.9657172560691833, 0.9838467240333557], [[883.7776184082031, 668.8189029693604], [1046.4030456542969, 612.0098447799683], 0.8982057571411133, 0.9889782071113586], [[776.0808563232422, 658.8643026351929], [952.8857421875, 620.898814201355], 0.8637218475341797, 0.9868103861808777]]
9.9 [[[846.7076873779297, 176.83043360710144], [908.6873626708984, 175.5463421344757], 0.999993622303009, 0.9999960660934448], [[862.3777008056641, 167.4877631664276], [916.9769287109375, 164.41986322402954], 0.9999845027923584, 0.9999890327453613], [[837.6466369628906, 167.0064675807953], [898.5280609130859, 169.6447741985321], 0.9999718070030212, 0.9999852180480957], [[876.5675354003906, 174.92037892341614], [930.3959655761719, 167.43905425071716], 0.9999819993972778, 0.999987781047821], [[832.7869415283203, 175.19833087921143], [895.6593322753906, 178.73401880264282], 0.9999475479125977, 0.9999561905860901], [[919.0355682373047, 259.19610500335693], [979.1493225097656, 223.880295753479], 0.9999958276748657, 0.9999942779541016], [[795.1002502441406, 256.8981385231018], [884.8007965087891, 256.81758642196655], 0.999939501285553, 0.999889075756073], [[944.3304443359375, 350.3464722633362], [1023.6808013916016, 285.81902503967285], 0.9979932904243469, 0.9977208971977234], [[764.1159820556641, 347.44784116744995], [878.2014465332031, 333.496470451355], 0.9790520071983337, 0.8784695863723755], [[958.6872863769531, 430.04539489746094], [1040.9964752197266, 344.02557849884033], 0.9980428814888, 0.9925888776779175], [[735.419921875, 424.77431774139404], [870.1731109619141, 401.45665168762207], 0.9643071889877319, 0.9179944396018982], [[890.4350280761719, 442.4933338165283], [980.6552886962891, 379.11221981048584], 0.9998100996017456, 0.9997340440750122], [[811.0162353515625, 441.9786500930786], [921.7037963867188, 389.39216136932373], 0.9997454881668091, 0.9996612071990967], [[889.910888671875, 565.6048393249512], [1002.0629119873047, 492.7138566970825], 0.9694830775260925, 0.9904521703720093], [[793.5844421386719, 554.4106292724609], [930.5168151855469, 496.4773178100586], 0.9662631750106812, 0.9841307997703552], [[883.6688232421875, 668.835039138794], [1037.9119873046875, 610.4355382919312], 0.8978703618049622, 0.9895818829536438], [[776.0889434814453, 658.8256788253784], [946.593017578125, 617.4157190322876], 0.8660576343536377, 0.9873208999633789]]
