0.0 [[[754.111328125, 124.41001653671265], [586.1974334716797, 103.2639741897583], 0.9998304843902588, 0.9999973773956299], [[777.9234313964844, 111.56081914901733], [599.6622467041016, 92.95630931854248], 0.9997542500495911, 0.9999946355819702], [[740.6649017333984, 110.11208295822144], [575.7291793823242, 94.0184211730957], 0.9992132186889648, 0.9999933242797852], [[794.9098968505859, 122.85109519958496], [613.1998443603516, 99.20802354812622], 0.9998273253440857, 0.9999924898147583], [[735.3850555419922, 119.41351175308228], [569.2879486083984, 101.08850955963135], 0.9977770447731018, 0.9999904632568359], [[836.8930053710938, 226.62696361541748], [656.0920715332031, 182.1784257888794], 0.9998026490211487, 0.9999862909317017], [[720.6210327148438, 218.03419589996338], [537.2356414794922, 180.5090618133545], 0.9919901490211487, 0.9999725818634033], [[861.0289764404297, 331.5130090713501], [684.4497680664062, 256.8552017211914], 0.958676278591156, 0.9953423738479614], [[751.1952209472656, 317.6168489456177], [503.8103485107422, 253.04680824279785], 0.15043586492538452, 0.9693793058395386], [[867.4830627441406, 411.5747594833374], [678.5312652587891, 283.9864754676819], 0.8498863577842712, 0.9953492283821106], [[783.6978149414062, 365.93613624572754], [519.6947479248047, 289.5570158958435], 0.12671087682247162, 0.9734811782836914], [[835.9211730957031, 437.9657220840454], [627.8267669677734, 351.3513994216919], 0.9978112578392029, 0.9998080134391785], [[773.3851623535156, 438.42796325683594], [559.4258880615234, 352.4046277999878], 0.9943845272064209, 0.9998583793640137], [[845.5427551269531, 567.9522228240967], [635.3567504882812, 486.9445753097534], 0.3574734628200531, 0.9717204570770264], [[780.382080078125, 557.1298742294312], [553.524284362793, 490.67087173461914], 0.3783789575099945, 0.9838923215866089], [[840.5973815917969, 663.5157680511475], [644.3743896484375, 628.5614776611328], 0.1666143387556076, 0.9759063720703125], [[799.4934844970703, 669.6351528167725], [545.4970550537109, 633.1267261505127], 0.29485878348350525, 0.9842637181282043]]
0.1 [[[793.0942535400391, 130.0868582725525], [586.613883972168, 102.7496874332428], 0.9998461604118347, 0.9999968409538269], [[804.4880676269531, 114.97223496437073], [600.0331878662109, 92.61013269424438], 0.9997771382331848, 0.9999935626983643], [[774.3095397949219, 113.5211169719696], [576.265754699707, 93.4508228302002], 0.9992902278900146, 0.999992311000824], [[813.3930969238281, 125.70632815361023], [613.2393646240234, 99.40129280090332], 0.9998416900634766, 0.9999909996986389], [[754.4276428222656, 121.51752233505249], [570.0278854370117, 101.05817914009094], 0.9979987740516663, 0.9999886155128479], [[848.9215087890625, 226.48038625717163], [656.1826324462891, 180.86648225784302], 0.9998193383216858, 0.9999856352806091], [[712.3287200927734, 219.22975301742554], [536.8468475341797, 180.52648544311523], 0.9927891492843628, 0.9999710917472839], [[892.0404815673828, 336.1421799659729], [684.9285888671875, 255.36108255386353], 0.9621621370315552, 0.9948602318763733], [[670.7998657226562, 321.56338691711426], [504.18617248535156, 252.15210914611816], 0.23435112833976746, 0.9694057703018188], [[861.2541198730469, 327.37805128097534], [678.9750671386719, 283.8098359107971], 0.8642997145652771, 0.9952332377433777], [[715.3138732910156, 399.1347599029541], [519.801139831543, 288.9770793914795], 0.20693239569664001, 0.9731943607330322], [[826.8910217285156, 455.828161239624], [630.4996871948242, 350.4208016395569], 0.997917652130127, 0.9998030662536621], [[742.9478454589844, 454.479718208313], [560.7288360595703, 351.8601393699646], 0.9948455691337585, 0.9998593330383301], [[805.7443237304688, 617.153377532959], [636.0492706298828, 486.2333822250366], 0.4067949652671814, 0.9728891849517822], [[719.7372436523438, 619.2844247817993], [553.5285186767578, 490.53332805633545], 0.4357680082321167, 0.9840831756591797], [[792.3064422607422, 758.0698585510254], [645.1080322265625, 628.476505279541], 0.21185478568077087, 0.976047158241272], [[692.7531433105469, 766.8734264373779], [545.3977584838867, 634.0461874008179], 0.33769217133522034, 0.98432856798172]]
0.2 [[[798.7439727783203, 133.5059666633606], [586.7568206787109, 101.68238282203674], 0.9998602271080017, 0.9999962449073792], [[810.0297546386719, 117.49167680740356], [600.1792526245117, 91.75673961639404], 0.9997976422309875, 0.9999924302101135], [[780.3196716308594, 115.70287942886353], [576.4652633666992, 92.38843202590942], 0.9993593096733093, 0.9999910593032837], [[818.7909698486328, 127.25697755813599], [613.3116912841797, 99.3924629688263], 0.9998547434806824, 0.99998939037323], [[758.5806274414062, 122.97337174415588], [570.4111862182617, 100.71012496948242], 0.9981981515884399, 0.999986469745636], [[852.5172424316406, 226.59780263900757], [656.2470245361328, 180.27257680892944], 0.9998341202735901, 0.9999853372573853], [[708.0970764160156, 219.553484916687], [536.2507247924805, 180.469172000885], 0.9935080409049988, 0.9999690651893616], [[892.5691223144531, 340.15201807022095], [685.2530670166016, 254.9343752861023], 0.9651548266410828, 0.9945509433746338], [[661.7639923095703, 322.7008581161499], [504.8318862915039, 251.98038339614868], 0.30980685353279114, 0.9690049290657043], [[855.0274658203125, 321.25699281692505], [679.2191314697266, 283.072292804718], 0.8772603273391724, 0.9951332807540894], [[706.8168640136719, 407.0332431793213], [519.7991180419922, 287.65329122543335], 0.2801872491836548, 0.972607433795929], [[816.5622711181641, 465.36296367645264], [631.8168258666992, 348.7732172012329], 0.998001217842102, 0.9997925162315369], [[730.0483703613281, 460.6736469268799], [561.547737121582, 350.6105089187622], 0.9952250123023987, 0.9998541474342346], [[797.1696472167969, 631.8051910400391], [637.9265594482422, 486.22883319854736], 0.4467548429965973, 0.9738633632659912], [[708.1912231445312, 629.2758893966675], [553.6823272705078, 490.38535594940186], 0.48481786251068115, 0.9838988780975342], [[781.1028289794922, 778.3452129364014], [647.3827362060547, 628.5087776184082], 0.243336483836174, 0.9761574268341064], [[684.4004821777344, 779.5190334320068], [545.9657669067383, 634.2217540740967], 0.3645884692668915, 0.9837782979011536]]
0.3 [[[800.7177734375, 134.62206602096558], [586.7581176757812, 100.48638582229614], 0.9998730421066284, 0.9999957084655762], [[812.4433898925781, 118.03316116333008], [600.2477264404297, 90.85728764533997], 0.9998164176940918, 0.9999912977218628], [[782.8624725341797, 116.62408947944641], [576.7307281494141, 91.32584810256958], 0.9994217753410339, 0.9999898672103882], [[820.2570343017578, 127.31458067893982], [613.4603881835938, 99.30826306343079], 0.9998669624328613, 0.9999876618385315], [[761.0492706298828, 123.6435055732727], [570.9956741333008, 100.08700489997864], 0.9983776211738586, 0.9999842643737793], [[854.3257141113281, 226.60619258880615], [656.6381072998047, 179.91954445838928], 0.9998467564582825, 0.999984622001648], [[706.9888305664062, 219.49481964111328], [536.0590362548828, 180.44973134994507], 0.9941545724868774, 0.999967098236084], [[890.3840637207031, 340.64550161361694], [685.4338073730469, 254.49374198913574], 0.9679266214370728, 0.9942190647125244], [[660.3208160400391, 322.6016592979431], [505.90869903564453, 252.43056535720825], 0.3778744339942932, 0.9685670137405396], [[849.3302154541016, 324.76497888565063], [679.2088317871094, 282.2393274307251], 0.888931930065155, 0.9950840473175049], [[704.2105102539062, 406.8081521987915], [519.778938293457, 287.1651291847229], 0.3468705415725708, 0.9722905158996582], [[812.6410675048828, 464.7774267196655], [632.3807525634766, 347.9577398300171], 0.9980391263961792, 0.9997859001159668], [[725.3536987304688, 459.96490001678467], [562.0272064208984, 349.87178564071655], 0.9955939650535583, 0.9998510479927063], [[803.2414245605469, 629.6587371826172], [639.0341186523438, 486.25951766967773], 0.4903307557106018, 0.9744592308998108], [[705.0138092041016, 626.4618015289307], [553.736686706543, 490.39029121398926], 0.5322489142417908, 0.9837610721588135], [[782.8920745849609, 774.5721817016602], [647.3463439941406, 628.3913612365723], 0.28838279843330383, 0.9760183095932007], [[684.9137878417969, 780.5615329742432], [546.2392044067383, 635.1977348327637], 0.4039432108402252, 0.9835199117660522]]
0.4 [[[799.8097229003906, 134.3969428539276], [603.4162521362305, 100.41301131248474], 0.9998847246170044, 0.9999955296516418], [[811.6805267333984, 118.26882004737854], [614.6451950073242, 90.53406000137329], 0.9998334050178528, 0.9999908804893494], [[782.5157165527344, 117.02682852745056], [592.2870635986328, 91.39926552772522], 0.9994781017303467, 0.9999896883964539], [[819.6332550048828, 127.38266587257385], [629.6168899536133, 98.8745927810669], 0.9998781085014343, 0.9999874234199524], [[761.053466796875, 124.69041466712952], [583.7241744995117, 101.1145806312561], 0.9985391497612, 0.9999842047691345], [[854.7299194335938, 226.60919666290283], [674.4224548339844, 177.77580499649048], 0.9998581409454346, 0.9999821186065674], [[707.2432708740234, 219.4896912574768], [553.5118865966797, 182.76803970336914], 0.9947365522384644, 0.9999645948410034], [[890.0801849365234, 340.4599356651306], [709.5444488525391, 255.86175441741943], 0.9703769683837891, 0.993874728679657], [[660.2683258056641, 322.5923681259155], [528.1948852539062, 257.1151399612427], 0.4392927289009094, 0.9609498381614685], [[846.5192413330078, 324.5570755004883], [668.5331726074219, 232.76872873306274], 0.8995618224143982, 0.9937516450881958], [[706.1986541748047, 408.73170375823975], [540.469970703125, 288.66626501083374], 0.40853235125541687, 0.9655464887619019], [[812.4803924560547, 464.53980445861816], [651.5602111816406, 345.12041330337524], 0.9980425238609314, 0.9997813105583191], [[727.0872497558594, 460.33002376556396], [581.320915222168, 347.9896903038025], 0.9958841800689697, 0.9998422861099243], [[802.2403717041016, 625.0677394866943], [657.74169921875, 482.47116565704346], 0.5297396779060364, 0.9756706953048706], [[704.6672058105469, 626.1419105529785], [578.6931610107422, 488.9351177215576], 0.574381947517395, 0.9833602905273438], [[788.1999206542969, 781.3013076782227], [671.0012054443359, 629.3148994445801], 0.3283008337020874, 0.976370632648468], [[684.01123046875, 785.7463073730469], [574.9111175537109, 635.2803897857666], 0.4361497759819031, 0.9835923314094543]]
0.5 [[[799.9775695800781, 134.0083873271942], [607.2106170654297, 99.86785769462585], 0.9998944401741028, 0.9999954700469971], [[812.2290802001953, 118.10729742050171], [618.30322265625, 89.79975700378418], 0.9998476505279541, 0.999990701675415], [[782.1681213378906, 116.95079326629639], [594.7271728515625, 91.11992955207825], 0.9995276927947998, 0.9999897480010986], [[820.2427673339844, 127.34829068183899], [633.0644607543945, 98.3846390247345], 0.9998868703842163, 0.9999874234199524], [[760.0886535644531, 125.41197180747986], [585.9109497070312, 101.11775636672974], 0.9986840486526489, 0.999984622001648], [[855.3984069824219, 226.5383219718933], [679.3641662597656, 177.06358194351196], 0.9998669028282166, 0.9999792575836182], [[707.4850463867188, 219.43106889724731], [555.3022003173828, 184.55806016921997], 0.9952591061592102, 0.9999628663063049], [[890.9236145019531, 337.7042770385742], [718.9282989501953, 256.30043506622314], 0.9720476269721985, 0.9938835501670837], [[661.3455963134766, 322.5203561782837], [531.5280914306641, 260.0644326210022], 0.49407970905303955, 0.9575860500335693], [[845.1341247558594, 324.2626118659973], [669.9213409423828, 229.86814498901367], 0.908552348613739, 0.9924641251564026], [[706.0455322265625, 410.9140348434448], [545.3548049926758, 291.789493560791], 0.4610588848590851, 0.959869921207428], [[813.0445098876953, 463.54811668395996], [656.9615173339844, 344.23376083374023], 0.9980510473251343, 0.9997649788856506], [[727.6152801513672, 459.91129875183105], [584.2638397216797, 347.81384468078613], 0.9961187839508057, 0.9998269081115723], [[798.9928436279297, 623.2170581817627], [667.1531677246094, 480.94406604766846], 0.5632212162017822, 0.9763144850730896], [[705.3956604003906, 624.645881652832], [583.6384963989258, 486.3967180252075], 0.6102215647697449, 0.9828213453292847], [[785.0507354736328, 782.400369644165], [675.0505065917969, 629.7285604476929], 0.35807475447654724, 0.9765545129776001], [[687.6633453369141, 785.0229263305664], [580.4841995239258, 635.0852537155151], 0.45647627115249634, 0.9835649132728577]]
0.6 [[[798.7297058105469, 134.60211038589478], [606.171875, 99.67910528182983], 0.9999026656150818, 0.9999947547912598], [[811.1678314208984, 119.41320061683655], [617.8112030029297, 89.27864670753479], 0.9998595714569092, 0.9999892711639404], [[781.5184020996094, 117.74011373519897], [594.2180252075195, 91.09295725822449], 0.9995716214179993, 0.9999886751174927], [[819.7045135498047, 127.88200736045837], [632.7048873901367, 97.54324078559875], 0.9998937249183655, 0.9999855160713196], [[759.7526550292969, 126.04745149612427], [586.8120574951172, 101.12521290779114], 0.998814046382904, 0.9999837875366211], [[855.5421447753906, 226.5608525276184], [678.1667327880859, 174.84665036201477], 0.9998745918273926, 0.999976396560669], [[706.7246246337891, 219.42177772521973], [557.0033645629883, 185.02766132354736], 0.9957289099693298, 0.99996018409729], [[892.0934295654297, 334.5107102394104], [718.1156921386719, 254.44777965545654], 0.9738619327545166, 0.9939048290252686], [[660.3891754150391, 322.45349407196045], [531.3654708862305, 259.51202630996704], 0.5436258316040039, 0.9559110999107361], [[844.9766540527344, 323.81064891815186], [667.1591186523438, 222.51189708709717], 0.9168082475662231, 0.9919642806053162], [[706.2854766845703, 411.1212730407715], [544.1193771362305, 291.8962025642395], 0.5102663636207581, 0.9541472792625427], [[813.1068420410156, 463.0781078338623], [657.8507995605469, 339.5392084121704], 0.9980131387710571, 0.999753475189209], [[726.4981079101562, 459.5614957809448], [586.0065841674805, 344.14252281188965], 0.9962896108627319, 0.9998154640197754], [[799.2051696777344, 621.6447257995605], [667.5086975097656, 480.05859375], 0.5896097421646118, 0.9768444299697876], [[706.8645477294922, 622.8100490570068], [583.5319900512695, 484.05354022979736], 0.6375030875205994, 0.9829346537590027], [[787.3929595947266, 783.215503692627], [678.1212615966797, 629.5225238800049], 0.3743975758552551, 0.9765628576278687], [[687.9313659667969, 780.8942127227783], [578.7480545043945, 634.420108795166], 0.462804913520813, 0.983637809753418]]
0.7 [[[798.0231475830078, 135.67503690719604], [606.0977935791016, 99.81708884239197], 0.9999115467071533, 0.9999940395355225], [[810.8266448974609, 120.90970158576965], [617.7904510498047, 89.30793642997742], 0.9998723864555359, 0.9999880194664001], [[781.1955261230469, 118.76920223236084], [594.2749786376953, 91.11225843429565], 0.9996132254600525, 0.9999875426292419], [[819.8082733154297, 128.42785835266113], [632.332763671875, 97.47996211051941], 0.999902606010437, 0.9999839067459106], [[759.4187164306641, 126.42487049102783], [587.0864868164062, 101.21385455131531], 0.9989320635795593, 0.9999826550483704], [[855.9034729003906, 226.5324854850769], [677.5001525878906, 173.64286422729492], 0.9998838901519775, 0.9999747276306152], [[706.8473815917969, 219.36562299728394], [557.1245193481445, 185.15911102294922], 0.9961534142494202, 0.9999573826789856], [[893.6110687255859, 333.32302808761597], [718.4716796875, 251.34920597076416], 0.9758275151252747, 0.9939551949501038], [[660.3293609619141, 322.06661224365234], [531.25244140625, 259.3359446525574], 0.5884356498718262, 0.9547473788261414], [[844.8300170898438, 322.1453619003296], [667.7687835693359, 224.47930812835693], 0.9246621131896973, 0.9918450713157654], [[705.8493804931641, 410.642294883728], [542.6705169677734, 291.82339668273926], 0.5555955767631531, 0.9510171413421631], [[813.5709381103516, 463.4519863128662], [658.8747406005859, 338.4143328666687], 0.998040497303009, 0.9997413158416748], [[726.9108581542969, 459.1054344177246], [586.357421875, 344.0705966949463], 0.9965070486068726, 0.9998009204864502], [[799.4700622558594, 624.6039533615112], [670.8797454833984, 480.2809810638428], 0.6167147159576416, 0.9774588346481323], [[706.5878295898438, 624.2650938034058], [585.8366775512695, 484.35171604156494], 0.6661944389343262, 0.9826655983924866], [[789.8665618896484, 790.5264759063721], [678.9165496826172, 629.515872001648], 0.3999832272529602, 0.9765092730522156], [[683.2677459716797, 788.4236240386963], [582.6432037353516, 634.214243888855], 0.47996383905410767, 0.9833554029464722]]
0.8 [[[798.3885955810547, 136.0595691204071], [605.8579635620117, 100.07553577423096], 0.9999191761016846, 0.9999933242797852], [[810.6584167480469, 121.38137340545654], [617.7584838867188, 89.32803153991699], 0.9998834729194641, 0.9999867081642151], [[781.1812591552734, 119.46465611457825], [594.2634963989258, 91.129070520401], 0.9996501207351685, 0.9999862909317017], [[819.3046569824219, 128.47825169563293], [632.3566436767578, 97.30577945709229], 0.9999100565910339, 0.9999826550483704], [[759.1388702392578, 126.89330220222473], [587.1512985229492, 101.30827903747559], 0.9990379214286804, 0.9999814033508301], [[855.9330749511719, 226.14255666732788], [677.8456878662109, 173.0689036846161], 0.9998925924301147, 0.9999726414680481], [[707.0987701416016, 219.14677619934082], [558.3591461181641, 185.05598545074463], 0.9965348243713379, 0.9999555945396423], [[894.0724182128906, 330.50748109817505], [719.0935516357422, 251.0791826248169], 0.9776203632354736, 0.9938907623291016], [[660.3341674804688, 321.2340760231018], [532.659912109375, 257.2851490974426], 0.6287991404533386, 0.9515820741653442], [[844.9776458740234, 321.9717478752136], [667.9000091552734, 228.3255958557129], 0.9317338466644287, 0.991461455821991], [[705.5070495605469, 409.7650194168091], [541.8975830078125, 290.27466773986816], 0.5962947607040405, 0.94838547706604], [[813.7521362304688, 462.65015602111816], [659.0370178222656, 338.10901165008545], 0.9980345368385315, 0.9997284412384033], [[727.2895812988281, 458.5530710220337], [586.4996337890625, 343.4067177772522], 0.9966525435447693, 0.9997923970222473], [[800.0541687011719, 623.2578706741333], [670.4866790771484, 480.48688888549805], 0.6368852257728577, 0.9783948659896851], [[706.9448852539062, 623.6890840530396], [586.3153076171875, 483.4104108810425], 0.6874644160270691, 0.9831928610801697], [[791.4655303955078, 794.3655109405518], [680.1985168457031, 629.5200777053833], 0.4139176905155182, 0.9769734144210815], [[681.3457489013672, 790.8582973480225], [582.8764724731445, 631.8656587600708], 0.4843067526817322, 0.9839860200881958]]
0.9 [[[799.4942474365234, 136.68817162513733], [605.6865310668945, 100.56710958480835], 0.9999263286590576, 0.9999919533729553], [[811.0157775878906, 121.90887808799744], [617.7663040161133, 89.56112623214722], 0.999893844127655, 0.9999844431877136], [[781.8858337402344, 120.26852488517761], [594.139289855957, 91.55085325241089], 0.9996836185455322, 0.9999844431877136], [[819.0761566162109, 128.7809443473816], [631.7327117919922, 97.54810094833374], 0.9999172687530518, 0.9999796748161316], [[759.3381500244141, 127.63027667999268], [586.6072845458984, 101.94883346557617], 0.9991334080696106, 0.999979555606842], [[855.9009552001953, 225.96128225326538], [676.55029296875, 172.7669084072113], 0.9999014139175415, 0.9999666810035706], [[707.2193145751953, 218.66657495498657], [557.4290084838867, 186.29428625106812], 0.9968791007995605, 0.9999515414237976], [[893.1558227539062, 326.888644695282], [716.7680358886719, 250.65215349197388], 0.9791613817214966, 0.9934043884277344], [[661.6920471191406, 320.6524658203125], [532.1095657348633, 257.9638123512268], 0.6652254462242126, 0.9492724537849426], [[845.1464080810547, 322.28052377700806], [666.7845153808594, 223.12015771865845], 0.9381265044212341, 0.9907781481742859], [[705.3190612792969, 409.7624444961548], [542.0491409301758, 290.7416081428528], 0.6333150267601013, 0.9457795023918152], [[814.0403747558594, 462.21550941467285], [657.8433990478516, 338.5603737831116], 0.9980918169021606, 0.9997116923332214], [[728.0863189697266, 458.1633138656616], [585.6421661376953, 342.9579520225525], 0.996843695640564, 0.9997853636741638], [[800.3109741210938, 623.1886053085327], [667.9335021972656, 481.0662031173706], 0.6556337475776672, 0.9774827361106873], [[706.66748046875, 623.6872386932373], [583.8468170166016, 482.5309467315674], 0.7074732780456543, 0.9826502799987793], [[792.5344085693359, 794.6748447418213], [676.8320465087891, 630.1597738265991], 0.42650675773620605, 0.9748796820640564], [[680.7972717285156, 791.7144584655762], [579.0140914916992, 632.7540922164917], 0.4883386790752411, 0.9835919141769409]]
1.0 [[[800.82275390625, 136.98240995407104], [605.0384521484375, 100.64082741737366], 0.9999327063560486, 0.9999920725822449], [[811.9463348388672, 122.08521723747253], [617.0998382568359, 89.48861539363861], 0.9999030828475952, 0.9999848008155823], [[783.2736206054688, 120.4681134223938], [593.6148071289062, 91.55298829078674], 0.9997135996818542, 0.9999845623970032], [[819.3003845214844, 128.96167159080505], [631.3760375976562, 97.43742227554321], 0.9999237060546875, 0.9999803304672241], [[759.7762298583984, 127.85320043563843], [585.738525390625, 102.07521915435791], 0.9992192387580872, 0.9999797344207764], [[856.0739135742188, 225.8293604850769], [676.2024688720703, 172.51961946487427], 0.9999093413352966, 0.9999662637710571], [[707.8346252441406, 218.621985912323], [557.0644378662109, 186.37616872787476], 0.9971883893013, 0.9999481439590454], [[892.8446197509766, 325.84747552871704], [714.8476409912109, 251.17484092712402], 0.9806520938873291, 0.9933534264564514], [[661.8346405029297, 320.30532360076904], [531.4911651611328, 257.8447222709656], 0.6978866457939148, 0.9470727443695068], [[845.6375122070312, 322.6642084121704], [665.8464050292969, 228.5098099708557], 0.9439271688461304, 0.9908210039138794], [[704.4258117675781, 409.3968915939331], [541.0390472412109, 291.2152433395386], 0.6662454605102539, 0.9437993168830872], [[814.2697143554688, 462.02414989471436], [656.6237640380859, 338.83164167404175], 0.9981552362442017, 0.9997084736824036], [[728.5453033447266, 458.1197118759155], [585.107421875, 343.10028076171875], 0.9970331192016602, 0.9997818470001221], [[800.2719116210938, 623.5278511047363], [664.8069000244141, 481.9339084625244], 0.6761443614959717, 0.978264570236206], [[707.0979309082031, 622.1423292160034], [582.8171539306641, 482.77127265930176], 0.7277562618255615, 0.9832553267478943], [[791.961669921875, 790.2856349945068], [675.7610321044922, 630.572190284729], 0.44579195976257324, 0.9756641387939453], [[682.8977203369141, 787.0596885681152], [575.858268737793, 634.1290140151978], 0.4991832375526428, 0.9842763543128967]]
1.1 [[[800.8391571044922, 137.2506844997406], [600.0466156005859, 100.31790018081665], 0.9999386668205261, 0.9999913573265076], [[812.2520446777344, 122.18559622764587], [612.7344512939453, 89.33883011341095], 0.9999116659164429, 0.9999837279319763], [[783.8051605224609, 120.5365526676178], [588.5285568237305, 91.10285997390747], 0.9997409582138062, 0.9999827742576599], [[819.6470642089844, 129.13236737251282], [627.0527267456055, 97.49454259872437], 0.9999299049377441, 0.9999786615371704], [[760.498046875, 127.9711639881134], [581.3994216918945, 101.99648022651672], 0.9992966055870056, 0.9999764561653137], [[856.8276977539062, 225.77863454818726], [670.4530334472656, 172.6760995388031], 0.9999165534973145, 0.9999650716781616], [[708.6511993408203, 218.60351085662842], [550.4688262939453, 186.38033151626587], 0.9974667429924011, 0.9999369978904724], [[893.1393432617188, 326.10108375549316], [710.3424835205078, 254.20562982559204], 0.9821841716766357, 0.9934606552124023], [[661.8737030029297, 319.74602937698364], [527.1360015869141, 258.72180461883545], 0.7272806167602539, 0.9399940967559814], [[845.8302307128906, 322.92959690093994], [650.9212493896484, 228.2266330718994], 0.9492835998535156, 0.9909538626670837], [[703.7661743164062, 408.9670944213867], [535.0143432617188, 291.5562057495117], 0.6961714029312134, 0.9364048838615417], [[814.4837951660156, 461.8087148666382], [645.2334594726562, 340.81815004348755], 0.9981878399848938, 0.9997096061706543], [[728.3186340332031, 457.6805591583252], [573.0443572998047, 343.1414794921875], 0.9972072243690491, 0.999774158000946], [[800.4511260986328, 622.7143478393555], [650.9705352783203, 481.98261737823486], 0.6973664164543152, 0.9789601564407349], [[706.5040588378906, 621.3655185699463], [574.6916580200195, 482.9342222213745], 0.7481550574302673, 0.9834330677986145], [[792.3064422607422, 785.5089855194092], [668.2975769042969, 629.6619129180908], 0.46880102157592773, 0.9765329957008362], [[683.2704925537109, 785.13991355896], [564.1716384887695, 634.1801261901855], 0.5172388553619385, 0.9846949577331543]]
1.2 [[[801.2024688720703, 137.29432940483093], [591.0927200317383, 100.07375478744507], 0.9999440312385559, 0.9999909400939941], [[812.2926330566406, 122.10806965827942], [604.410400390625, 89.1748183965683], 0.9999194145202637, 0.9999831914901733], [[783.8383483886719, 120.5769681930542], [582.0707321166992, 90.60025691986084], 0.9997655749320984, 0.9999816417694092], [[819.5039367675781, 129.11946058273315], [619.3037796020508, 97.40374445915222], 0.9999355673789978, 0.9999776482582092], [[760.6505584716797, 128.44801783561707], [573.945198059082, 101.73243284225464], 0.9993662238121033, 0.9999738931655884], [[857.6271057128906, 225.8283519744873], [659.439697265625, 172.72712588310242], 0.9999232888221741, 0.9999644756317139], [[708.7472534179688, 219.0695285797119], [538.3192825317383, 186.43985509872437], 0.9977167248725891, 0.9999276995658875], [[893.7828063964844, 327.48321533203125], [700.8307647705078, 254.65001821517944], 0.9835988283157349, 0.9936896562576294], [[661.1455535888672, 319.5863628387451], [516.9518280029297, 268.6133623123169], 0.7537693381309509, 0.9342905282974243], [[846.3517761230469, 323.8757085800171], [646.171875, 229.25565719604492], 0.9541249871253967, 0.9914257526397705], [[703.3535766601562, 408.9421606063843], [523.3315277099609, 291.7592167854309], 0.7232808470726013, 0.9357021450996399], [[814.6233367919922, 462.72075176239014], [634.2407989501953, 341.858332157135], 0.9981866478919983, 0.9997086524963379], [[728.5250091552734, 457.82333850860596], [562.011604309082, 343.34442615509033], 0.9973148107528687, 0.9997678399085999], [[800.5586242675781, 624.2252254486084], [642.0598602294922, 482.05578804016113], 0.7142459154129028, 0.9794644117355347], [[706.1672210693359, 622.351541519165], [563.7203216552734, 482.6397371292114], 0.7622990608215332, 0.9834994673728943], [[792.5960540771484, 786.3437747955322], [658.6766815185547, 629.3879842758179], 0.47864609956741333, 0.9771135449409485], [[681.8421936035156, 786.1466217041016], [553.2781219482422, 634.3298149108887], 0.5203007459640503, 0.9851243495941162]]
1.3 [[[801.7080688476562, 137.2709619998932], [580.0318145751953, 98.97585153579712], 0.9999487400054932, 0.9999909400939941], [[812.3073577880859, 122.05118536949158], [591.8297576904297, 87.65345871448517], 0.9999262094497681, 0.9999832510948181], [[783.9988708496094, 120.60633301734924], [570.5962371826172, 89.65409696102142], 0.9997875094413757, 0.9999812245368958], [[819.3489837646484, 129.09921526908875], [608.9531707763672, 95.06154298782349], 0.9999404549598694, 0.9999778270721436], [[760.6777954101562, 128.85066032409668], [563.9196014404297, 100.04294157028198], 0.9994287490844727, 0.9999727606773376], [[857.7900695800781, 225.839102268219], [650.1670074462891, 171.31208896636963], 0.9999291300773621, 0.9999655485153198], [[708.8134765625, 219.36236143112183], [528.4317016601562, 186.42738819122314], 0.9979417324066162, 0.999921977519989], [[893.7696838378906, 327.6363801956177], [691.9609069824219, 254.66654062271118], 0.9848119020462036, 0.9939504265785217], [[660.9111022949219, 319.29234981536865], [507.89363861083984, 272.69079208374023], 0.7775932550430298, 0.9262310862541199], [[846.5457153320312, 324.11041259765625], [633.4572219848633, 226.39552116394043], 0.9584460258483887, 0.9918296337127686], [[702.7934265136719, 408.83328437805176], [514.6775436401367, 293.70461225509644], 0.7472938895225525, 0.9327988028526306], [[814.765625, 463.2351779937744], [624.4659423828125, 342.1597909927368], 0.9982029795646667, 0.9997149109840393], [[728.6808013916016, 457.91479110717773], [551.3579177856445, 343.97483110427856], 0.9974356293678284, 0.9997619390487671], [[800.1614379882812, 624.6119785308838], [632.641487121582, 482.1943187713623], 0.7292179465293884, 0.9803020358085632], [[706.2458801269531, 623.1949996948242], [553.6065673828125, 483.83625984191895], 0.7760974764823914, 0.9833585023880005], [[792.9154205322266, 785.8687877655029], [649.4912719726562, 629.5017528533936], 0.4887984097003937, 0.978066623210907], [[683.5561370849609, 786.2096214294434], [545.3626251220703, 636.3571786880493], 0.5255827903747559, 0.9854360222816467]]
1.4 [[[801.8891906738281, 137.2390115261078], [573.7140655517578, 95.69188356399536], 0.9999529123306274, 0.9999911785125732], [[812.6110076904297, 122.00464367866516], [585.2114105224609, 84.04804944992065], 0.9999322295188904, 0.9999836087226868], [[784.2223358154297, 120.57574510574341], [564.041748046875, 87.2472220659256], 0.9998072385787964, 0.9999814033508301], [[819.5033264160156, 129.08865809440613], [601.748161315918, 91.75158977508545], 0.9999447464942932, 0.9999783039093018], [[760.8063507080078, 128.89600038528442], [557.4443817138672, 97.36358642578125], 0.9994850158691406, 0.9999727606773376], [[857.9583740234375, 225.9158992767334], [643.8498687744141, 169.3726372718811], 0.999934196472168, 0.999966561794281], [[708.7922668457031, 219.50838088989258], [522.6469802856445, 185.37428855895996], 0.9981440901756287, 0.9999204874038696], [[894.1651916503906, 327.83085107803345], [683.6531066894531, 254.52725887298584], 0.9859238862991333, 0.9941739439964294], [[660.8921813964844, 319.2647981643677], [501.6630172729492, 270.5164432525635], 0.7990283370018005, 0.9208106398582458], [[846.7111206054688, 324.48373317718506], [629.6656036376953, 226.59668684005737], 0.9623215198516846, 0.9921548366546631], [[702.9799652099609, 409.05760288238525], [505.82828521728516, 293.7681484222412], 0.7688516974449158, 0.9326601624488831], [[814.8368835449219, 463.5662269592285], [619.6353149414062, 342.2799324989319], 0.9981878399848938, 0.9997151494026184], [[728.7947082519531, 458.096923828125], [546.9965744018555, 344.5425796508789], 0.9975171685218811, 0.9997538924217224], [[799.3090057373047, 625.0068855285645], [625.9486770629883, 484.95935440063477], 0.7411110997200012, 0.9809905290603638], [[706.6672515869141, 622.6601457595825], [547.6992797851562, 485.5875062942505], 0.7871404886245728, 0.9832018613815308], [[793.1519317626953, 784.9411296844482], [643.897705078125, 630.5085468292236], 0.4942546486854553, 0.9788601994514465], [[684.9541473388672, 785.2702903747559], [538.7001419067383, 636.8083477020264], 0.5272074341773987, 0.9856463074684143]]
1.5 [[[802.0584106445312, 137.33753442764282], [567.6567459106445, 95.96750736236572], 0.9999566078186035, 0.9999915957450867], [[812.8295135498047, 121.97353005409241], [578.9871978759766, 84.26042675971985], 0.9999375343322754, 0.9999843835830688], [[784.4050598144531, 120.59225678443909], [557.5037384033203, 87.28341042995453], 0.9998248219490051, 0.9999819397926331], [[819.4791412353516, 129.10249829292297], [595.949592590332, 91.87108755111694], 0.9999483823776245, 0.9999794363975525], [[760.8676147460938, 128.93922686576843], [550.5735015869141, 97.4064588546753], 0.9995356202125549, 0.9999732375144958], [[857.9311370849609, 225.8316135406494], [636.6046905517578, 169.64205980300903], 0.9999386072158813, 0.9999685287475586], [[708.6753082275391, 219.50533390045166], [517.3183441162109, 186.17573261260986], 0.9983264803886414, 0.9999163746833801], [[894.1307067871094, 325.81114768981934], [675.7460021972656, 255.13725757598877], 0.9867951273918152, 0.9945260882377625], [[661.3368225097656, 319.36968326568604], [498.3292007446289, 274.2370319366455], 0.8182596564292908, 0.9141991138458252], [[846.7491149902344, 322.61000633239746], [620.8897018432617, 225.9445023536682], 0.9657389521598816, 0.9926842451095581], [[703.8752746582031, 409.28930282592773], [499.1713333129883, 298.7992000579834], 0.7876236438751221, 0.9314941167831421], [[814.9002075195312, 463.46267223358154], [610.129280090332, 343.0812478065491], 0.9982202649116516, 0.9997238516807556], [[728.5459899902344, 458.0441379547119], [538.2725143432617, 345.69507122039795], 0.997637927532196, 0.9997498989105225], [[799.3183898925781, 624.7907638549805], [617.9730224609375, 487.44840145111084], 0.7538971304893494, 0.9814874529838562], [[707.0317077636719, 622.2388458251953], [537.4402618408203, 487.8486728668213], 0.7998214364051819, 0.9831586480140686], [[793.3322143554688, 783.8372611999512], [631.5811157226562, 633.3054685592651], 0.5052060484886169, 0.9795003533363342], [[685.9956359863281, 784.2348289489746], [529.2812347412109, 637.6963949203491], 0.5348415374755859, 0.9856742024421692]]
1.6 [[[802.8779602050781, 137.39101767539978], [561.8050003051758, 96.37924790382385], 0.9999597668647766, 0.999991774559021], [[813.3810424804688, 121.96714639663696], [573.4535980224609, 84.81327831745148], 0.9999420642852783, 0.9999848008155823], [[785.0782775878906, 120.58726787567139], [551.7788696289062, 87.36955225467682], 0.9998403787612915, 0.9999821186065674], [[819.4932556152344, 129.12248611450195], [590.6171417236328, 92.88787007331848], 0.9999513030052185, 0.9999802708625793], [[760.9877777099609, 128.9484429359436], [544.0341186523438, 97.66963720321655], 0.999580979347229, 0.9999732375144958], [[857.5600433349609, 225.5674695968628], [630.5173873901367, 169.8476243019104], 0.999942421913147, 0.9999697804450989], [[708.5914611816406, 219.48415517807007], [510.71678161621094, 186.24010562896729], 0.9984899163246155, 0.9999125599861145], [[892.7764892578125, 323.6370778083801], [669.7599029541016, 255.5198049545288], 0.9874672293663025, 0.9948505759239197], [[661.5656280517578, 319.81849193573], [490.5292510986328, 273.15020084381104], 0.8355013132095337, 0.9085734486579895], [[846.1310577392578, 321.6791296005249], [616.1515426635742, 226.80553436279297], 0.9687799215316772, 0.9931802153587341], [[704.3003845214844, 409.62666034698486], [493.0933380126953, 298.7881064414978], 0.8038600087165833, 0.9301885366439819], [[814.7993469238281, 463.3791160583496], [605.6771087646484, 344.03456926345825], 0.9982419013977051, 0.9997185468673706], [[728.1565093994141, 457.9438877105713], [533.0423736572266, 346.66759729385376], 0.9977383613586426, 0.9997432231903076], [[799.3265533447266, 624.8214054107666], [608.5157012939453, 487.22060680389404], 0.764490008354187, 0.9820885062217712], [[707.2996520996094, 621.9583940505981], [531.2395095825195, 487.73280143737793], 0.8106157779693604, 0.9835039377212524], [[793.4799957275391, 783.0261611938477], [623.0221557617188, 630.7833337783813], 0.5144472718238831, 0.9799648523330688], [[686.7314147949219, 784.0992164611816], [524.761962890625, 636.8417358398438], 0.5403759479522705, 0.9861317873001099]]
1.7 [[[803.7678527832031, 137.40565180778503], [558.7764358520508, 96.4998185634613], 0.999962329864502, 0.9999920725822449], [[813.9662170410156, 121.98205947875977], [570.3766632080078, 85.05086302757263], 0.9999457001686096, 0.9999855160713196], [[785.9601593017578, 120.57317018508911], [548.787956237793, 87.41705417633057], 0.9998540282249451, 0.9999826550483704], [[819.5716857910156, 129.1494905948639], [586.5165328979492, 93.10238242149353], 0.9999532103538513, 0.9999813437461853], [[761.3407897949219, 128.9388620853424], [540.5753326416016, 97.74698138237], 0.9996216297149658, 0.9999738931655884], [[857.1588134765625, 225.4675841331482], [627.208366394043, 169.6639895439148], 0.9999447464942932, 0.9999710321426392], [[708.5593414306641, 219.1905927658081], [506.2593078613281, 185.55227994918823], 0.9986368417739868, 0.9999091625213623], [[890.1651763916016, 321.6573715209961], [661.7453765869141, 254.87940073013306], 0.987816572189331, 0.9949841499328613], [[661.2322235107422, 319.86825227737427], [484.85523223876953, 270.94510316848755], 0.8511245846748352, 0.9016571640968323], [[845.8327484130859, 321.61181688308716], [612.216911315918, 227.24874258041382], 0.9713732600212097, 0.9934950470924377], [[704.6897888183594, 409.51924324035645], [490.8083724975586, 298.72098684310913], 0.8188828825950623, 0.9277257323265076], [[814.3460845947266, 463.01918506622314], [600.6767654418945, 343.4752106666565], 0.9982171654701233, 0.9997251629829407], [[727.5137329101562, 457.3035478591919], [527.7548980712891, 345.2351689338684], 0.997800886631012, 0.999745786190033], [[799.2958831787109, 624.6340799331665], [601.9287109375, 486.0225820541382], 0.7731277942657471, 0.9825831651687622], [[707.5336456298828, 621.8099498748779], [525.2483367919922, 484.9139070510864], 0.8198992013931274, 0.9836378693580627], [[793.5782623291016, 782.5388145446777], [614.8776245117188, 629.645562171936], 0.5212775468826294, 0.9804520010948181], [[687.1663665771484, 784.6117115020752], [518.4165573120117, 636.6032552719116], 0.5447877049446106, 0.9864861369132996]]
1.8 [[[803.9790344238281, 137.4512279033661], [551.4530181884766, 96.36831521987915], 0.9999645352363586, 0.9999925494194031], [[814.3825531005859, 122.04172253608704], [563.0552291870117, 85.03541350364685], 0.9999487400054932, 0.9999864101409912], [[786.2712860107422, 120.58071255683899], [541.6616821289062, 87.2765600681305], 0.999866247177124, 0.9999834895133972], [[819.8239135742188, 129.2349886894226], [579.9855422973633, 92.9921007156372], 0.9999545216560364, 0.9999825954437256], [[761.5541076660156, 128.9305579662323], [534.4235992431641, 97.39075183868408], 0.9996582269668579, 0.9999749660491943], [[856.6461944580078, 225.30139446258545], [620.9233474731445, 169.68770027160645], 0.9999460577964783, 0.9999726414680481], [[708.5246276855469, 218.96432161331177], [500.39608001708984, 185.1346492767334], 0.9987691640853882, 0.9999079704284668], [[887.7976989746094, 320.4372239112854], [654.4145965576172, 254.96825695037842], 0.9880391359329224, 0.9952316880226135], [[660.8140563964844, 319.8741102218628], [478.2511901855469, 268.44101428985596], 0.8653373122215271, 0.894917368888855], [[845.8375549316406, 321.890230178833], [604.5783615112305, 227.3119568824768], 0.9736132621765137, 0.9938760995864868], [[705.235595703125, 409.48426723480225], [484.2284393310547, 298.49853515625], 0.8331483602523804, 0.9260334372520447], [[814.3120574951172, 462.6588249206543], [592.8361892700195, 343.33715200424194], 0.9981485605239868, 0.9997295141220093], [[727.5566101074219, 457.1259641647339], [520.872802734375, 344.55631256103516], 0.9978358149528503, 0.9997469782829285], [[799.4044494628906, 624.4355535507202], [597.2418212890625, 486.0444688796997], 0.780140221118927, 0.983292281627655], [[707.7204132080078, 621.7693948745728], [520.7992553710938, 484.7325038909912], 0.8279284834861755, 0.9840326309204102], [[793.7971496582031, 782.1810722351074], [613.0881881713867, 628.549075126648], 0.5247738361358643, 0.981106162071228], [[687.5209045410156, 784.980354309082], [514.090461730957, 636.5893507003784], 0.547027587890625, 0.9869568347930908]]
1.9 [[[805.0025939941406, 137.42278575897217], [548.0581665039062, 96.1598002910614], 0.999966025352478, 0.9999929666519165], [[814.9570465087891, 122.02399849891663], [560.5465698242188, 84.89583671092987], 0.999950647354126, 0.9999871850013733], [[787.1558380126953, 120.56776285171509], [539.4081497192383, 86.89023077487946], 0.9998766183853149, 0.9999843239784241], [[819.8989868164062, 129.22401309013367], [576.999626159668, 92.84997582435608], 0.9999542832374573, 0.9999836683273315], [[762.0601654052734, 128.91531229019165], [532.0344161987305, 96.81005358695984], 0.9996907711029053, 0.9999759793281555], [[856.1071014404297, 225.22090673446655], [615.3805541992188, 169.14211750030518], 0.9999454617500305, 0.9999731183052063], [[708.5115814208984, 218.64550352096558], [495.59486389160156, 184.27930355072021], 0.9988873600959778, 0.9999085664749146], [[887.0926666259766, 319.2791962623596], [647.6399230957031, 253.44896793365479], 0.9879943132400513, 0.9952685236930847], [[660.4521179199219, 319.82516527175903], [473.14178466796875, 265.81390857696533], 0.8781278729438782, 0.8929542899131775], [[845.8296203613281, 322.0454978942871], [605.7555389404297, 227.33420848846436], 0.9754276871681213, 0.9939920902252197], [[705.2870941162109, 409.4190788269043], [479.21424865722656, 294.71550464630127], 0.845747172832489, 0.9265150427818298], [[814.3062591552734, 462.12950706481934], [585.5781173706055, 342.6220750808716], 0.9980254769325256, 0.9997358918190002], [[727.6166534423828, 456.9246482849121], [515.4160308837891, 342.98694133758545], 0.9978300929069519, 0.9997519254684448], [[799.4820404052734, 624.0148115158081], [591.301383972168, 485.3453779220581], 0.785791277885437, 0.9836493730545044], [[707.8581237792969, 621.7024040222168], [516.859245300293, 483.6920642852783], 0.8340269923210144, 0.984451174736023], [[794.361572265625, 781.9125080108643], [608.7794876098633, 625.4072427749634], 0.5257949829101562, 0.9816486835479736], [[687.6701354980469, 785.0947666168213], [507.82093048095703, 633.8950395584106], 0.5467650890350342, 0.9874690771102905]]
2.0 [[[805.7259368896484, 137.41597294807434], [538.4479522705078, 92.14886784553528], 0.9999672770500183, 0.9999931454658508], [[815.3542327880859, 122.01393485069275], [550.8504486083984, 80.7369214296341], 0.9999521970748901, 0.9999876022338867], [[787.8330993652344, 120.55636882781982], [529.4572830200195, 82.04972863197327], 0.9998857378959656, 0.9999846816062927], [[819.9237060546875, 129.20915365219116], [567.4500274658203, 88.65240454673767], 0.9999538064002991, 0.9999843239784241], [[762.4850463867188, 128.86510133743286], [522.077522277832, 91.67648792266846], 0.9997200965881348, 0.9999765753746033], [[855.7618713378906, 225.13593435287476], [606.0646820068359, 164.4864785671234], 0.999944806098938, 0.9999730587005615], [[708.5452270507812, 218.26160430908203], [485.0874328613281, 178.66910934448242], 0.9989937543869019, 0.9999105930328369], [[886.6319274902344, 318.71187686920166], [638.4865188598633, 252.47043371200562], 0.9879928231239319, 0.9953872561454773], [[660.1750183105469, 319.6481394767761], [462.4661636352539, 263.12719345092773], 0.8896808624267578, 0.8904963135719299], [[845.7465362548828, 322.2151207923889], [584.2224884033203, 213.65052223205566], 0.9770753979682922, 0.9940662384033203], [[705.3377532958984, 409.3701982498169], [469.95182037353516, 288.1961703300476], 0.8572681546211243, 0.92629075050354], [[814.317626953125, 461.6026782989502], [578.8904571533203, 335.8905029296875], 0.9978901147842407, 0.999741792678833], [[727.6631164550781, 456.7186975479126], [506.7578887939453, 337.5286030769348], 0.9978097677230835, 0.9997573494911194], [[799.4995880126953, 623.9754152297974], [582.4478912353516, 476.53181076049805], 0.7895828485488892, 0.9837405681610107], [[707.9610443115234, 621.7237758636475], [507.9878234863281, 479.12153720855713], 0.8390614986419678, 0.9834092855453491], [[794.3946075439453, 782.4546146392822], [603.789176940918, 620.836501121521], 0.5252314805984497, 0.9815875291824341], [[688.1298065185547, 786.2146854400635], [499.9024200439453, 632.3674249649048], 0.5455941557884216, 0.9871660470962524]]
2.1 [[[806.0160064697266, 137.441668510437], [531.247444152832, 86.64884805679321], 0.9999682903289795, 0.999993622303009], [[815.5844116210938, 122.08740592002869], [544.1960906982422, 75.86543440818787], 0.9999534487724304, 0.9999884366989136], [[788.2044219970703, 120.54973840713501], [521.580810546875, 77.06381320953369], 0.999893844127655, 0.9999856948852539], [[819.9568176269531, 129.29398655891418], [560.617790222168, 84.00048851966858], 0.9999531507492065, 0.9999854564666748], [[762.7838134765625, 128.80626440048218], [513.6923980712891, 87.1489030122757], 0.9997463822364807, 0.999978244304657], [[855.2149963378906, 224.99324083328247], [600.5487823486328, 160.95441699028015], 0.9999438524246216, 0.9999743103981018], [[708.5977935791016, 217.83609867095947], [477.6616668701172, 172.98964977264404], 0.9990896582603455, 0.9999152421951294], [[885.4594421386719, 318.0124855041504], [632.0841217041016, 248.36905717849731], 0.9879068732261658, 0.995513379573822], [[659.8460388183594, 319.4246792793274], [453.80943298339844, 251.24492168426514], 0.9000630378723145, 0.8915694355964661], [[845.5640411376953, 322.34341621398926], [574.680061340332, 209.80249643325806], 0.9785142540931702, 0.9942554831504822], [[705.4182434082031, 409.3438911437988], [461.13712310791016, 284.7354769706726], 0.8675007820129395, 0.9282715320587158], [[814.3192291259766, 461.10601902008057], [575.2192306518555, 334.7033357620239], 0.9977656006813049, 0.999752402305603], [[727.6985168457031, 456.56111240386963], [502.2124481201172, 336.1675429344177], 0.9977996945381165, 0.9997680187225342], [[799.5433044433594, 623.8991546630859], [581.2992477416992, 476.26174449920654], 0.7935248017311096, 0.983961284160614], [[708.0508422851562, 621.7990922927856], [501.6525650024414, 477.36239433288574], 0.8444310426712036, 0.9831809997558594], [[794.4330596923828, 782.5134086608887], [600.4283905029297, 621.2815761566162], 0.5265929102897644, 0.9814243316650391], [[688.8099670410156, 786.9130039215088], [498.98242950439453, 632.3902559280396], 0.546962320804596, 0.9870395064353943]]
2.2 [[[806.6584777832031, 137.446528673172], [526.5777587890625, 83.8056206703186], 0.9999699592590332, 0.9999938607215881], [[815.9669494628906, 122.10903525352478], [539.6283721923828, 73.42515528202057], 0.9999558925628662, 0.9999889731407166], [[788.8059997558594, 120.54296851158142], [516.91162109375, 74.9501359462738], 0.9999021887779236, 0.9999862909317017], [[820.0048828125, 129.33936953544617], [555.6981658935547, 81.98912143707275], 0.9999546408653259, 0.9999862313270569], [[763.1820678710938, 128.75399351119995], [509.54490661621094, 85.7209324836731], 0.9997705817222595, 0.9999790191650391], [[855.0653839111328, 224.93597030639648], [597.0415115356445, 160.48101782798767], 0.9999454021453857, 0.9999750256538391], [[708.6692047119141, 217.58079528808594], [472.0893096923828, 173.25892210006714], 0.9991768002510071, 0.9999167323112488], [[884.8572540283203, 318.2864999771118], [626.8285369873047, 246.85384511947632], 0.9881016612052917, 0.9955204725265503], [[659.8416137695312, 319.25692319869995], [449.1873550415039, 250.59295177459717], 0.9093214869499207, 0.8906972408294678], [[845.5374908447266, 322.41708040237427], [575.7074737548828, 210.51995515823364], 0.9800902009010315, 0.9943796396255493], [[705.7707214355469, 409.31342124938965], [459.16637420654297, 285.57876348495483], 0.8766235113143921, 0.9283462762832642], [[814.3016815185547, 461.0948610305786], [570.7901000976562, 334.95370388031006], 0.9977518916130066, 0.9997628331184387], [[727.7116394042969, 456.53300285339355], [498.0433654785156, 335.91646671295166], 0.9978496432304382, 0.9997771978378296], [[799.5249938964844, 623.8437080383301], [573.7113571166992, 475.97129344940186], 0.7991505861282349, 0.984460711479187], [[708.0601501464844, 621.877326965332], [496.83189392089844, 477.80094623565674], 0.8507390022277832, 0.9833745360374451], [[794.5900726318359, 782.4038028717041], [588.3058547973633, 621.7561769485474], 0.5316896438598633, 0.9820193648338318], [[689.2182159423828, 786.9405555725098], [488.8148880004883, 632.4499082565308], 0.5524394512176514, 0.9873562455177307]]
2.3 [[[807.2071838378906, 137.4455738067627], [520.231819152832, 85.16825258731842], 0.9999712109565735, 0.999994158744812], [[816.2298583984375, 122.12318658828735], [534.3334197998047, 74.39845383167267], 0.9999576210975647, 0.9999895095825195], [[789.2682647705078, 120.53708910942078], [511.73938751220703, 76.12627923488617], 0.9999094009399414, 0.9999867677688599], [[820.0265502929688, 129.34760928153992], [549.8249053955078, 82.5129783153534], 0.9999552369117737, 0.9999869465827942], [[763.6026763916016, 128.69998455047607], [503.4498596191406, 86.81125581264496], 0.999792218208313, 0.9999796152114868], [[854.9745941162109, 224.8709535598755], [587.4404144287109, 160.93271255493164], 0.9999461770057678, 0.9999760985374451], [[708.7453460693359, 217.2462272644043], [463.7644958496094, 173.6736559867859], 0.9992547631263733, 0.9999182820320129], [[884.7165679931641, 318.48352432250977], [623.9026641845703, 247.06035375595093], 0.9882432818412781, 0.9957253336906433], [[659.7366333007812, 319.0270471572876], [445.1668167114258, 252.0754623413086], 0.9177033305168152, 0.8904557228088379], [[845.4945373535156, 322.58824825286865], [572.9375457763672, 217.33718633651733], 0.9814632534980774, 0.9946406483650208], [[706.0292053222656, 409.29110527038574], [448.8903045654297, 287.9720449447632], 0.8850380182266235, 0.9281946420669556], [[814.3081665039062, 460.976243019104], [557.6325225830078, 335.27925968170166], 0.9977062940597534, 0.9997698664665222], [[727.7220916748047, 456.4320230484009], [484.6094512939453, 336.4117741584778], 0.9978716969490051, 0.9997814297676086], [[799.5451354980469, 623.7180948257446], [561.8994140625, 473.61738681793213], 0.8042027354240417, 0.984440803527832], [[708.1056976318359, 621.8850088119507], [484.1530227661133, 476.26084327697754], 0.8558895587921143, 0.9833248853683472], [[794.6620941162109, 782.3733329772949], [576.1569976806641, 619.7403144836426], 0.5353613495826721, 0.9821944236755371], [[689.2732238769531, 786.9871616363525], [477.33558654785156, 632.1204042434692], 0.5562864542007446, 0.9873976707458496]]
2.4 [[[807.7330017089844, 137.4427306652069], [508.3104705810547, 85.87625920772552], 0.9999727010726929, 0.9999945759773254], [[816.431884765625, 122.11994647979736], [520.9568405151367, 75.34159898757935], 0.9999598264694214, 0.9999902844429016], [[789.6469879150391, 120.53262591362], [499.68196868896484, 76.8392264842987], 0.9999163746833801, 0.9999876618385315], [[820.0248718261719, 129.34181571006775], [538.0768585205078, 83.42700004577637], 0.9999566078186035, 0.9999879598617554], [[763.9817810058594, 128.6826467514038], [491.20765686035156, 87.36472964286804], 0.9998118877410889, 0.9999808073043823], [[854.9514007568359, 224.76027488708496], [574.3512725830078, 161.50025725364685], 0.9999480843544006, 0.9999773502349854], [[708.8015747070312, 217.01469898223877], [451.14784240722656, 174.24705862998962], 0.9993254542350769, 0.999920129776001], [[884.9356079101562, 318.97408962249756], [609.5554733276367, 244.33016538619995], 0.9884671568870544, 0.9959453344345093], [[659.7722625732422, 319.03024435043335], [429.2841339111328, 252.96887397766113], 0.9251781105995178, 0.888697624206543], [[845.6858825683594, 322.63094902038574], [556.114387512207, 215.4934573173523], 0.9828010201454163, 0.9948105216026306], [[706.0832214355469, 409.2925214767456], [435.7201385498047, 288.37255239486694], 0.8923932909965515, 0.9260050058364868], [[814.6605682373047, 460.87260246276855], [548.4346389770508, 334.9065613746643], 0.9977210164070129, 0.9997813105583191], [[728.0584716796875, 456.3493251800537], [476.33827209472656, 336.56217098236084], 0.9979195594787598, 0.9997888803482056], [[799.5698547363281, 623.6313629150391], [552.1701812744141, 470.8087921142578], 0.8094422817230225, 0.9850400686264038], [[708.0509185791016, 621.980881690979], [476.75601959228516, 475.25752544403076], 0.8602181673049927, 0.9834210276603699], [[795.5655670166016, 783.8845539093018], [574.6480178833008, 617.3521614074707], 0.5396259427070618, 0.9828429222106934], [[689.0065765380859, 786.945276260376], [470.65921783447266, 629.6815252304077], 0.5580806732177734, 0.9876936674118042]]
2.5 [[[808.6376953125, 137.4498438835144], [497.6038360595703, 82.21248507499695], 0.9999739527702332, 0.9999947547912598], [[816.8222808837891, 122.14539527893066], [509.4668960571289, 71.98064625263214], 0.9999617338180542, 0.9999906420707703], [[790.3516387939453, 120.5334198474884], [488.3112335205078, 73.56581032276154], 0.9999225735664368, 0.9999881386756897], [[820.0456237792969, 129.3472445011139], [525.5064010620117, 80.02406537532806], 0.999957799911499, 0.9999883770942688], [[764.4386291503906, 128.66507291793823], [481.1614227294922, 83.7780100107193], 0.9998295307159424, 0.9999814629554749], [[854.9336242675781, 224.6108865737915], [567.3359298706055, 158.45875024795532], 0.9999497532844543, 0.9999774694442749], [[708.8764953613281, 216.85007572174072], [441.9491958618164, 171.52878999710083], 0.9993889331817627, 0.999923050403595], [[885.1616668701172, 319.07305240631104], [599.7061157226562, 241.35020971298218], 0.9886389970779419, 0.9959946274757385], [[659.8127746582031, 319.0325617790222], [418.19225311279297, 253.152015209198], 0.9319272041320801, 0.8928617238998413], [[845.7722473144531, 322.63890981674194], [547.9188919067383, 210.05301475524902], 0.9840038418769836, 0.9948817491531372], [[706.17919921875, 409.27192211151123], [424.5477294921875, 286.4193034172058], 0.8991966843605042, 0.9294009804725647], [[815.1139831542969, 460.5103540420532], [543.0624389648438, 331.8272352218628], 0.9977121949195862, 0.9997844099998474], [[728.5633087158203, 456.1713981628418], [469.4606018066406, 333.9320397377014], 0.9979482889175415, 0.9997909665107727], [[799.5832824707031, 623.6101627349854], [548.235969543457, 466.1730766296387], 0.8139856457710266, 0.9851245284080505], [[708.0628967285156, 622.2270011901855], [473.39794158935547, 472.7538013458252], 0.8636901378631592, 0.9826552867889404], [[796.7626953125, 784.1677093505859], [573.4872436523438, 614.4861888885498], 0.5417362451553345, 0.9827002286911011], [[689.2851257324219, 787.0195198059082], [466.82559967041016, 629.3237400054932], 0.5591139197349548, 0.9871069192886353]]
2.6 [[[809.5348358154297, 137.9890751838684], [494.79381561279297, 75.8000099658966], 0.9999752044677734, 0.9999949336051941], [[817.1761322021484, 122.68211603164673], [508.45630645751953, 67.54398286342621], 0.9999635219573975, 0.9999909400939941], [[791.1380004882812, 120.83720684051514], [486.15936279296875, 68.26407551765442], 0.99992835521698, 0.9999886155128479], [[820.0712585449219, 129.5252251625061], [523.4091949462891, 76.61104023456573], 0.9999589920043945, 0.999988853931427], [[765.0950622558594, 128.65416169166565], [478.4238815307617, 79.34750497341156], 0.999845564365387, 0.9999821186065674], [[854.9531555175781, 224.4284749031067], [566.6373825073242, 154.13721799850464], 0.9999513626098633, 0.9999777674674988], [[708.8897705078125, 216.6407346725464], [438.24024200439453, 168.41494917869568], 0.9994462132453918, 0.9999241828918457], [[887.2686767578125, 319.5648193359375], [598.61572265625, 238.12814712524414], 0.9889801740646362, 0.9959402680397034], [[659.7483825683594, 319.06052112579346], [413.9868927001953, 250.01185655593872], 0.9380714297294617, 0.8944936394691467], [[846.1592102050781, 322.691867351532], [541.1664581298828, 203.54625463485718], 0.9851261973381042, 0.9947792887687683], [[707.1282196044922, 409.51216220855713], [422.48279571533203, 285.86365699768066], 0.9053076505661011, 0.9300239682197571], [[815.4664611816406, 460.3790760040283], [542.1268844604492, 331.1289596557617], 0.9976707100868225, 0.9997909665107727], [[728.5700988769531, 456.1274528503418], [466.36600494384766, 333.40909481048584], 0.9979550838470459, 0.9997921586036682], [[799.6409606933594, 623.5494804382324], [544.727668762207, 465.6042766571045], 0.8173625469207764, 0.9856328964233398], [[708.0815124511719, 622.5559043884277], [470.67176818847656, 472.95061111450195], 0.8663102388381958, 0.982364296913147], [[797.6490783691406, 784.7283554077148], [567.1628570556641, 615.4292106628418], 0.5424723625183105, 0.9829985499382019], [[689.3558502197266, 787.3489379882812], [459.77672576904297, 630.0510692596436], 0.5584758520126343, 0.9866496324539185]]
2.7 [[[810.2180480957031, 138.30987811088562], [492.01072692871094, 76.17677450180054], 0.9999748468399048, 0.9999948143959045], [[817.7383422851562, 123.04612398147583], [506.2884521484375, 68.00642251968384], 0.9999628067016602, 0.999990701675415], [[791.7690277099609, 120.98093032836914], [482.9125213623047, 68.01825642585754], 0.9999319314956665, 0.9999883770942688], [[820.4515838623047, 129.76115226745605], [520.2909469604492, 77.35981106758118], 0.9999562501907349, 0.9999885559082031], [[765.6446838378906, 128.64524602890015], [475.76515197753906, 79.0119069814682], 0.9998592138290405, 0.9999815225601196], [[855.0054168701172, 224.34024095535278], [561.1178588867188, 155.3818702697754], 0.9999485015869141, 0.9999766945838928], [[708.9044189453125, 216.6249418258667], [432.8321075439453, 169.40173387527466], 0.9994966983795166, 0.9999199509620667], [[886.6166687011719, 318.929500579834], [596.2662887573242, 239.42755937576294], 0.9883776903152466, 0.9958899021148682], [[659.754638671875, 319.51306343078613], [412.77774810791016, 257.4757790565491], 0.9436461925506592, 0.8898909687995911], [[845.9976959228516, 322.85910844802856], [550.7138824462891, 210.6870675086975], 0.9854338765144348, 0.9945199489593506], [[708.4612274169922, 410.39750576019287], [413.6071014404297, 289.11571741104126], 0.9106943607330322, 0.9288125038146973], [[815.6385803222656, 460.36070823669434], [534.177360534668, 331.9161343574524], 0.9975253939628601, 0.9997837543487549], [[728.5762023925781, 456.1460781097412], [459.4347381591797, 334.6012830734253], 0.9978964924812317, 0.9997856020927429], [[799.6602630615234, 623.4835624694824], [537.041130065918, 470.91479301452637], 0.8182986974716187, 0.9851647019386292], [[708.1175231933594, 623.4778547286987], [461.3174057006836, 476.2926435470581], 0.8675684332847595, 0.9815331101417542], [[798.1276702880859, 786.5160369873047], [559.1376876831055, 625.1835250854492], 0.5402125716209412, 0.9826511740684509], [[689.4136047363281, 788.4077453613281], [455.50071716308594, 633.1513595581055], 0.5550833344459534, 0.9864296913146973]]
2.8 [[[810.9534454345703, 139.09988522529602], [479.7230529785156, 77.59137690067291], 0.9999710917472839, 0.9999947547912598], [[818.4226989746094, 123.78567337989807], [493.7839889526367, 68.87891292572021], 0.9999565482139587, 0.9999906420707703], [[792.5411224365234, 121.37732863426208], [473.14746856689453, 69.25437390804291], 0.9999310970306396, 0.999988317489624], [[821.0114288330078, 130.20583033561707], [510.0147247314453, 78.16460251808167], 0.9999439716339111, 0.9999885559082031], [[766.3568878173828, 128.65430116653442], [467.5151824951172, 79.93284344673157], 0.999869704246521, 0.9999811053276062], [[855.1670074462891, 224.29254055023193], [552.1015167236328, 156.1759650707245], 0.9999387264251709, 0.9999765157699585], [[709.05029296875, 216.63781642913818], [424.8224639892578, 169.77588057518005], 0.9995405077934265, 0.9999184012413025], [[884.1531372070312, 318.7724304199219], [587.9335403442383, 240.1519274711609], 0.9864201545715332, 0.9960890412330627], [[659.7689056396484, 319.63738918304443], [402.1284484863281, 257.6906991004944], 0.9486377239227295, 0.8899182677268982], [[845.9184265136719, 324.15401458740234], [526.9003295898438, 209.23290252685547], 0.984542965888977, 0.9947306513786316], [[709.2586517333984, 410.4874563217163], [405.35850524902344, 289.52521562576294], 0.9151163697242737, 0.9293851256370544], [[815.9774017333984, 460.3507089614868], [525.1844024658203, 332.18044996261597], 0.9972235560417175, 0.9997785091400146], [[728.6788177490234, 456.15968227386475], [449.9212646484375, 334.94866132736206], 0.9977370500564575, 0.9997789859771729], [[800.0068664550781, 623.4255409240723], [530.6754302978516, 471.92617893218994], 0.8146910071372986, 0.9853613376617432], [[708.4812927246094, 624.1324424743652], [454.9448776245117, 477.5260305404663], 0.8657833337783813, 0.9813410639762878], [[799.0801239013672, 789.6574401855469], [553.238639831543, 623.9401388168335], 0.5319991111755371, 0.9828155040740967], [[689.4355010986328, 789.9342441558838], [449.1054153442383, 633.0211114883423], 0.5461790561676025, 0.9863643050193787]]
2.9 [[[813.2350921630859, 140.11359930038452], [474.43164825439453, 78.09361517429352], 0.9999654293060303, 0.9999949932098389], [[820.4147338867188, 124.38616633415222], [487.6274871826172, 68.52890610694885], 0.9999482035636902, 0.9999911189079285], [[794.7432708740234, 122.18076825141907], [466.81846618652344, 69.74441349506378], 0.9999287724494934, 0.9999887943267822], [[821.4143371582031, 130.59932112693787], [502.8498840332031, 77.00867235660553], 0.999929666519165, 0.9999891519546509], [[767.6876068115234, 128.8065755367279], [461.24656677246094, 79.85016703605652], 0.9998785853385925, 0.9999819993972778], [[855.1612854003906, 224.28316354751587], [547.1183395385742, 155.44700503349304], 0.9999262690544128, 0.9999769926071167], [[709.3498229980469, 216.64487600326538], [420.5487060546875, 168.7691831588745], 0.9995790719985962, 0.9999219179153442], [[883.1727600097656, 318.819637298584], [575.7076263427734, 239.80203866958618], 0.9832003116607666, 0.9960966110229492], [[659.5423126220703, 319.62618827819824], [396.1666488647461, 252.70099639892578], 0.9531397223472595, 0.8905487656593323], [[846.2665557861328, 326.6358733177185], [516.9215774536133, 202.0707392692566], 0.9825254678726196, 0.994814395904541], [[709.6279144287109, 410.39780616760254], [400.06492614746094, 289.2148947715759], 0.9193515777587891, 0.928827702999115], [[816.2797546386719, 460.498423576355], [519.2034149169922, 329.19493675231934], 0.9968430995941162, 0.9997912645339966], [[728.7837982177734, 456.5050220489502], [442.37770080566406, 331.54611825942993], 0.9975367188453674, 0.9997901916503906], [[800.2925872802734, 623.406229019165], [525.8597946166992, 467.6359748840332], 0.811195969581604, 0.9853355288505554], [[708.4947967529297, 625.1515531539917], [443.5675811767578, 472.27911472320557], 0.863223135471344, 0.9816164374351501], [[799.2927551269531, 792.5636672973633], [542.1112060546875, 621.0566568374634], 0.5250360369682312, 0.9824833869934082], [[689.4654846191406, 791.8747043609619], [438.89617919921875, 629.5829916000366], 0.5383375287055969, 0.9863782525062561]]
3.0 [[[815.782470703125, 140.59508800506592], [471.18812561035156, 71.83000802993774], 0.9999574422836304, 0.9999950528144836], [[821.9329071044922, 124.5684278011322], [483.41087341308594, 62.84102976322174], 0.9999362230300903, 0.9999913573265076], [[797.1575164794922, 122.46687412261963], [462.9152297973633, 64.46056365966797], 0.9999242424964905, 0.9999890327453613], [[821.4139556884766, 130.76754927635193], [497.0450973510742, 70.38729071617126], 0.9999104142189026, 0.9999895095825195], [[769.2270660400391, 128.82778644561768], [456.16661071777344, 73.97636532783508], 0.9998853206634521, 0.9999822974205017], [[855.0067901611328, 224.228618144989], [539.9413299560547, 148.3969259262085], 0.9999115467071533, 0.9999771118164062], [[709.3809509277344, 216.6012954711914], [415.4642868041992, 160.91657638549805], 0.9996123313903809, 0.9999246597290039], [[883.1918334960938, 318.865749835968], [570.4592895507812, 234.29636478424072], 0.9798649549484253, 0.9961448907852173], [[659.0882873535156, 319.59704875946045], [388.31722259521484, 246.971755027771], 0.9571564197540283, 0.892370343208313], [[846.7672729492188, 328.05225133895874], [503.1082534790039, 196.4090895652771], 0.9798986315727234, 0.9949276447296143], [[709.9076843261719, 410.09031772613525], [393.3306121826172, 281.36990547180176], 0.9231139421463013, 0.9303232431411743], [[816.5058898925781, 460.5298376083374], [513.0649948120117, 325.23114681243896], 0.9964154958724976, 0.9997987747192383], [[729.0609741210938, 456.72178745269775], [434.98069763183594, 326.6484045982361], 0.9973084330558777, 0.9997968673706055], [[800.4971313476562, 623.3677339553833], [514.7304534912109, 456.7670202255249], 0.8072339296340942, 0.9850571751594543], [[708.4867095947266, 625.8812856674194], [435.9636688232422, 466.34679794311523], 0.8589446544647217, 0.9808896780014038], [[799.5870971679688, 793.4281539916992], [528.1718063354492, 619.4879293441772], 0.5170984864234924, 0.981592059135437], [[689.5197296142578, 792.7976417541504], [424.93526458740234, 627.9514789581299], 0.5292150974273682, 0.9855530261993408]]
3.1 [[[817.3127746582031, 141.0343587398529], [455.0642395019531, 72.69541203975677], 0.9999452233314514, 0.9999951124191284], [[822.7327728271484, 124.71105694770813], [467.2861099243164, 62.577272057533264], 0.9999188780784607, 0.9999914765357971], [[798.6296081542969, 122.8266441822052], [447.38853454589844, 64.6982878446579], 0.9999153017997742, 0.9999889731407166], [[821.3316345214844, 130.89218616485596], [484.8118591308594, 70.4335480928421], 0.999883770942688, 0.9999896883964539], [[770.5045318603516, 128.93197417259216], [442.86766052246094, 74.19905304908752], 0.9998891353607178, 0.999981701374054], [[854.8049926757812, 224.26664113998413], [529.1900634765625, 148.5448122024536], 0.9998956322669983, 0.9999771118164062], [[709.5706939697266, 216.59902095794678], [407.1485900878906, 159.9131941795349], 0.9996405243873596, 0.999924898147583], [[882.8555297851562, 318.8435411453247], [560.0508499145508, 235.10791540145874], 0.9755728244781494, 0.9962947368621826], [[658.9373016357422, 319.59076166152954], [383.82740020751953, 239.27173376083374], 0.9606947302818298, 0.886181652545929], [[847.039794921875, 329.9126958847046], [496.3152313232422, 198.66070747375488], 0.9764161705970764, 0.9951355457305908], [[710.4693603515625, 409.98461723327637], [378.8767623901367, 276.4141917228699], 0.9259251356124878, 0.9287956357002258], [[816.5317535400391, 460.9354305267334], [496.2894058227539, 326.3440275192261], 0.9960502982139587, 0.9998018741607666], [[729.2256164550781, 457.187762260437], [422.2187805175781, 327.6643395423889], 0.9970847964286804, 0.9998009204864502], [[800.5116271972656, 623.3368349075317], [504.412841796875, 456.9294548034668], 0.8018836379051208, 0.9858051538467407], [[708.3649444580078, 626.2150812149048], [421.3992691040039, 467.412428855896], 0.8535165786743164, 0.9818925261497498], [[799.2512512207031, 794.620771408081], [519.5793914794922, 619.0486907958984], 0.5084410905838013, 0.982572615146637], [[689.4984436035156, 793.227481842041], [415.47157287597656, 627.7168607711792], 0.5191449522972107, 0.9863689541816711]]
3.2 [[[818.3312225341797, 141.36712431907654], [447.3868942260742, 73.58829259872437], 0.9999386668205261, 0.9999952912330627], [[823.3209228515625, 124.85721588134766], [459.32456970214844, 63.53263199329376], 0.9999094605445862, 0.9999918341636658], [[799.7148132324219, 123.1331992149353], [439.14756774902344, 65.47459959983826], 0.9999116659164429, 0.9999893307685852], [[821.2694549560547, 130.96964836120605], [477.08900451660156, 71.57906591892242], 0.9998680353164673, 0.9999902248382568], [[771.4484405517578, 129.01748299598694], [432.8264617919922, 75.06722509860992], 0.9998944997787476, 0.9999819397926331], [[854.6363830566406, 224.34622764587402], [519.5010375976562, 149.61526036262512], 0.9998818635940552, 0.9999776482582092], [[709.6926879882812, 216.4917540550232], [396.59252166748047, 161.33373498916626], 0.9996669292449951, 0.9999253153800964], [[882.53173828125, 318.8611149787903], [550.6832122802734, 234.4104766845703], 0.9728375673294067, 0.9964240193367004], [[658.6842346191406, 319.5968556404114], [373.6085891723633, 239.21184539794922], 0.9638465642929077, 0.8820887207984924], [[847.0558166503906, 330.2473711967468], [492.2949981689453, 199.82412099838257], 0.9744600653648376, 0.9952749013900757], [[711.3674163818359, 410.1085567474365], [371.9162368774414, 277.5832271575928], 0.9282514452934265, 0.9246261119842529], [[816.5379333496094, 461.3200807571411], [487.0863723754883, 326.9586181640625], 0.9957563281059265, 0.999806821346283], [[729.2612457275391, 457.7100419998169], [413.26751708984375, 328.3623147010803], 0.9969396591186523, 0.9998044371604919], [[800.5256652832031, 623.3176946640015], [497.47169494628906, 459.77783203125], 0.7986186146736145, 0.9863843321800232], [[708.3601379394531, 626.7263317108154], [416.18995666503906, 468.2860994338989], 0.8526930809020996, 0.9827742576599121], [[799.2462158203125, 794.1629505157471], [515.4677581787109, 616.5261697769165], 0.5042567253112793, 0.9833303093910217], [[689.8198699951172, 793.410816192627], [411.8295669555664, 626.3028430938721], 0.5174475908279419, 0.9870443344116211]]
3.3 [[[819.3130493164062, 141.69512629508972], [442.9839324951172, 72.5545585155487], 0.9999299049377441, 0.9999955892562866], [[823.9163970947266, 125.06847739219666], [454.79820251464844, 61.601709723472595], 0.9998965859413147, 0.999992311000824], [[800.7279205322266, 123.50559711456299], [433.6003875732422, 64.19146835803986], 0.9999069571495056, 0.9999898672103882], [[821.1418914794922, 131.09660267829895], [472.0183563232422, 69.30437564849854], 0.9998459815979004, 0.9999908804893494], [[772.3397827148438, 129.1701328754425], [428.5675811767578, 73.90699803829193], 0.9998989105224609, 0.9999827742576599], [[854.0008544921875, 224.33170080184937], [515.5329132080078, 148.2903242111206], 0.9998562335968018, 0.9999787211418152], [[709.8830413818359, 216.22522830963135], [392.1022415161133, 158.83307933807373], 0.9996904134750366, 0.9999281167984009], [[882.2975158691406, 318.65628004074097], [547.6614379882812, 231.82862520217896], 0.9672134518623352, 0.9965218305587769], [[658.6733245849609, 319.72180366516113], [366.74320220947266, 237.80988693237305], 0.9667627215385437, 0.8818526864051819], [[847.2663879394531, 330.91397523880005], [484.7596740722656, 197.50789403915405], 0.9695475697517395, 0.9953441023826599], [[712.6778411865234, 410.3493547439575], [364.7716522216797, 274.85926151275635], 0.9306795597076416, 0.924547553062439], [[816.5263366699219, 461.355357170105], [483.54774475097656, 322.674400806427], 0.9953431487083435, 0.9998178482055664], [[729.2704010009766, 457.9070234298706], [406.79988861083984, 323.1517696380615], 0.9967200756072998, 0.999813437461853], [[800.5328369140625, 623.3179521560669], [490.4283142089844, 455.88086128234863], 0.7899727821350098, 0.9870275259017944], [[708.3635711669922, 627.1545839309692], [406.2041473388672, 460.8241081237793], 0.8509919047355652, 0.9835056066513062], [[799.2462158203125, 793.9049434661865], [510.1062774658203, 614.3395900726318], 0.49639636278152466, 0.9839406609535217], [[690.4848480224609, 794.3421649932861], [402.7804946899414, 624.5356321334839], 0.5153719782829285, 0.9873850345611572]]
3.4 [[[820.1100921630859, 142.1822690963745], [435.2927017211914, 66.32524609565735], 0.9999164342880249, 0.9999957084655762], [[824.6766662597656, 125.3971016407013], [447.2696304321289, 56.23923361301422], 0.9998761415481567, 0.9999924898147583], [[801.66259765625, 123.79437446594238], [425.8869934082031, 57.433632016181946], 0.9998978972434998, 0.9999899864196777], [[821.1302947998047, 131.25203132629395], [464.1408157348633, 63.333815932273865], 0.9998102784156799, 0.999991238117218], [[772.9705047607422, 129.20720100402832], [419.1550064086914, 68.04358720779419], 0.9999008178710938, 0.999983012676239], [[853.3042907714844, 224.32822465896606], [505.89046478271484, 143.9346742630005], 0.9998208284378052, 0.999979555606842], [[709.8868560791016, 216.07644081115723], [381.68670654296875, 154.5468020439148], 0.9997110366821289, 0.9999305009841919], [[880.5448913574219, 318.4926652908325], [538.0320358276367, 229.78390216827393], 0.9589745998382568, 0.9966910481452942], [[658.673095703125, 319.8218607902527], [360.2939224243164, 235.88309526443481], 0.969304084777832, 0.8779932856559753], [[847.6985931396484, 332.6705861091614], [469.68265533447266, 194.12822484970093], 0.9618678092956543, 0.9954941868782043], [[713.3982086181641, 410.4652261734009], [354.1855239868164, 272.5985026359558], 0.932297945022583, 0.9249101877212524], [[816.5541076660156, 461.36308193206787], [473.5106658935547, 322.1415638923645], 0.9948973655700684, 0.9998221397399902], [[729.2959594726562, 458.2072591781616], [398.5854721069336, 324.2272710800171], 0.9965047240257263, 0.9998195767402649], [[800.5513000488281, 623.2575702667236], [477.9001235961914, 456.9809103012085], 0.7833777666091919, 0.9875345826148987], [[708.4233856201172, 627.3106670379639], [393.74351501464844, 462.1006679534912], 0.8501532673835754, 0.9832168221473694], [[799.7602844238281, 793.8398838043213], [501.63585662841797, 614.1456985473633], 0.49110180139541626, 0.9844216704368591], [[691.2913513183594, 794.3636226654053], [396.3633346557617, 624.9225568771362], 0.514467179775238, 0.9874165654182434]]
3.5 [[[820.4884338378906, 142.59376287460327], [427.40543365478516, 64.741530418396], 0.9999027848243713, 0.999995768070221], [[825.2024841308594, 125.69538474082947], [439.27555084228516, 54.48312163352966], 0.9998549818992615, 0.9999926090240479], [[802.1339416503906, 124.06801342964172], [417.1073913574219, 55.72639524936676], 0.9998884797096252, 0.9999899864196777], [[821.1261749267578, 131.3723337650299], [456.0938262939453, 61.79502189159393], 0.9997723698616028, 0.9999915957450867], [[773.2456970214844, 129.23517107963562], [408.45619201660156, 67.31548547744751], 0.9999024271965027, 0.9999829530715942], [[852.7635192871094, 224.32337522506714], [497.22415924072266, 143.514221906662], 0.9997844696044922, 0.999980628490448], [[709.7478485107422, 216.0494899749756], [371.0993194580078, 155.36253690719604], 0.9997303485870361, 0.999931275844574], [[878.4005737304688, 318.3670949935913], [528.9493942260742, 230.29197692871094], 0.9494431018829346, 0.9968650937080383], [[658.9470672607422, 320.6417155265808], [352.9881286621094, 240.08118152618408], 0.9715884327888489, 0.8783742785453796], [[847.9586029052734, 334.17444705963135], [461.06090545654297, 190.46791076660156], 0.9530521035194397, 0.9956613183021545], [[714.4635009765625, 410.76606273651123], [345.68077087402344, 273.5148096084595], 0.9338145852088928, 0.9263455271720886], [[816.6792297363281, 461.45298957824707], [465.27320861816406, 323.0414128303528], 0.9944418668746948, 0.9998246431350708], [[729.3108367919922, 458.66096019744873], [390.1233673095703, 324.5286226272583], 0.9962888956069946, 0.999817430973053], [[800.5730438232422, 623.2384729385376], [472.24693298339844, 457.2389602661133], 0.7776240110397339, 0.9881631135940552], [[708.5641479492188, 627.6367807388306], [389.56371307373047, 462.4427032470703], 0.8501165509223938, 0.98308265209198], [[799.7559356689453, 793.6923408508301], [496.9879913330078, 614.3146991729736], 0.4872116148471832, 0.9851817488670349], [[692.1279144287109, 794.4924545288086], [389.70191955566406, 626.1797618865967], 0.5146024227142334, 0.9873851537704468]]
3.6 [[[820.4222106933594, 143.05703401565552], [421.34361267089844, 65.34263491630554], 0.9998953342437744, 0.9999958276748657], [[825.3807067871094, 126.18496298789978], [433.58272552490234, 54.637117981910706], 0.9998424649238586, 0.9999927282333374], [[802.2038269042969, 124.3369209766388], [411.7293930053711, 55.935038924217224], 0.9998844861984253, 0.9999900460243225], [[821.1222839355469, 131.64907336235046], [450.25745391845703, 62.47458636760712], 0.9997483491897583, 0.9999919533729553], [[773.4303283691406, 129.23728466033936], [404.85443115234375, 67.35643208026886], 0.9999056458473206, 0.9999828934669495], [[852.1903991699219, 224.31047916412354], [491.16432189941406, 143.6758303642273], 0.9997633099555969, 0.9999815225601196], [[709.7102355957031, 216.01545810699463], [364.10533905029297, 156.17711305618286], 0.9997488856315613, 0.9999307990074158], [[878.4715270996094, 317.3720169067383], [523.5573577880859, 230.83884716033936], 0.944110095500946, 0.9970139861106873], [[659.2174530029297, 321.2060308456421], [349.1344451904297, 240.67952871322632], 0.9737527370452881, 0.874290943145752], [[848.2384490966797, 334.00606870651245], [459.9701690673828, 191.75532817840576], 0.9492328763008118, 0.9957559108734131], [[715.0820922851562, 411.24946117401123], [339.64542388916016, 273.9678883552551], 0.9362778663635254, 0.9271819591522217], [[816.6829681396484, 461.76785945892334], [457.4724578857422, 322.394163608551], 0.994133710861206, 0.9998279809951782], [[729.3872833251953, 459.1375780105591], [382.27527618408203, 323.45146894454956], 0.99610435962677, 0.9998182654380798], [[800.5540466308594, 623.2865810394287], [462.3267364501953, 455.4829502105713], 0.772060215473175, 0.9887554049491882], [[708.5706329345703, 627.811017036438], [380.69175720214844, 461.5546131134033], 0.8487342596054077, 0.9830537438392639], [[799.3817138671875, 793.6765480041504], [487.0178985595703, 612.8169107437134], 0.48102298378944397, 0.9858336448669434], [[693.0414581298828, 794.6718406677246], [379.3260955810547, 624.7975444793701], 0.5113649368286133, 0.9875134825706482]]
3.7 [[[820.5158996582031, 142.94424176216125], [415.2159881591797, 58.62602412700653], 0.9998906850814819, 0.9999951720237732], [[825.5705261230469, 126.1050009727478], [427.4047088623047, 49.35929238796234], 0.999834418296814, 0.9999914169311523], [[802.2029113769531, 124.19894814491272], [407.13130950927734, 49.99934256076813], 0.9998829364776611, 0.9999880790710449], [[821.1174774169922, 131.65353655815125], [442.96363830566406, 57.88947880268097], 0.9997318983078003, 0.9999909400939941], [[773.4944152832031, 129.08954858779907], [400.91835021972656, 60.50890266895294], 0.9999092817306519, 0.9999793171882629], [[851.7875671386719, 224.30680990219116], [484.00630950927734, 139.91222977638245], 0.9997445344924927, 0.9999809861183167], [[709.6463775634766, 215.98531007766724], [356.5867233276367, 149.34672832489014], 0.9997656941413879, 0.9999278783798218], [[878.5734558105469, 316.8959140777588], [515.4538726806641, 230.2107810974121], 0.9400686621665955, 0.9970190525054932], [[659.2179870605469, 321.2681293487549], [341.6621780395508, 242.10667848587036], 0.9757489562034607, 0.8646275401115417], [[848.4081268310547, 333.9724016189575], [449.08802032470703, 188.35518836975098], 0.9468916058540344, 0.9956493973731995], [[715.2952575683594, 411.3767910003662], [328.4471893310547, 267.7759122848511], 0.9388957023620605, 0.9273644685745239], [[816.6874694824219, 461.84240341186523], [447.50492095947266, 318.37366104125977], 0.9939028024673462, 0.9998218417167664], [[729.4023132324219, 459.25593852996826], [372.6128387451172, 320.77258586883545], 0.995987594127655, 0.9998147487640381], [[800.5419921875, 623.4421491622925], [452.98118591308594, 452.9035234451294], 0.7699360251426697, 0.989119827747345], [[708.7425994873047, 627.81174659729], [369.1740036010742, 462.14508533477783], 0.8494099974632263, 0.9822801351547241], [[799.2826843261719, 793.7193775177002], [478.41346740722656, 609.9067783355713], 0.47942447662353516, 0.9861859083175659], [[694.0110015869141, 794.9801445007324], [367.22965240478516, 624.9526834487915], 0.513049304485321, 0.987536609172821]]
3.8 [[[820.4474639892578, 142.39487171173096], [405.7911682128906, 56.93087339401245], 0.9998887777328491, 0.9999949932098389], [[825.5399322509766, 125.76601266860962], [417.7280807495117, 46.76029622554779], 0.9998308420181274, 0.9999910593032837], [[802.1022796630859, 124.13498282432556], [396.1977005004883, 48.22125792503357], 0.999883234500885, 0.9999874830245972], [[821.0614013671875, 131.60565376281738], [434.09412384033203, 55.44017672538757], 0.9997217059135437, 0.999990701675415], [[773.4652709960938, 129.08880829811096], [388.1214904785156, 60.00066697597504], 0.9999132752418518, 0.9999781847000122], [[851.7235565185547, 224.5017957687378], [475.96527099609375, 139.3903362751007], 0.9997293949127197, 0.9999807476997375], [[709.5762634277344, 215.98061084747314], [346.72325134277344, 149.8740828037262], 0.9997813105583191, 0.9999261498451233], [[878.6396026611328, 316.9084882736206], [508.85501861572266, 230.3417158126831], 0.9371517896652222, 0.997109591960907], [[659.1505432128906, 321.3099932670593], [334.0673065185547, 244.36458349227905], 0.9775810241699219, 0.8635110855102539], [[848.41552734375, 333.85193824768066], [438.2917785644531, 185.3445053100586], 0.9452534317970276, 0.9957156181335449], [[715.4665374755859, 411.6671133041382], [320.41542053222656, 269.6580505371094], 0.9412386417388916, 0.9289779663085938], [[816.6679382324219, 462.0590400695801], [439.6748733520508, 319.03618812561035], 0.9936763644218445, 0.9998047351837158], [[729.4125366210938, 459.3075656890869], [364.3510055541992, 321.1516785621643], 0.9958954453468323, 0.9997998476028442], [[800.5234527587891, 623.5304689407349], [448.0441665649414, 453.59111309051514], 0.7662250995635986, 0.9894604086875916], [[709.1890716552734, 627.8040647506714], [362.38037109375, 468.97793769836426], 0.8504226803779602, 0.9821307063102722], [[799.1415405273438, 793.6123466491699], [467.6959991455078, 610.2624607086182], 0.4774020314216614, 0.9864497780799866], [[694.3144226074219, 795.0417709350586], [359.95155334472656, 625.5394220352173], 0.5141248106956482, 0.9875777959823608]]
3.9 [[[820.3660583496094, 142.30537176132202], [397.5965118408203, 58.88570487499237], 0.9998838901519775, 0.9999949932098389], [[825.5033874511719, 125.68793892860413], [409.49275970458984, 48.39672267436981], 0.9998223781585693, 0.9999911189079285], [[802.0200347900391, 124.12685036659241], [388.12923431396484, 50.02675473690033], 0.9998812079429626, 0.9999873638153076], [[821.0569763183594, 131.60244584083557], [427.45765686035156, 57.09048628807068], 0.9997016191482544, 0.9999909996986389], [[773.4313201904297, 129.0856432914734], [381.33766174316406, 61.36792838573456], 0.999916136264801, 0.9999781250953674], [[851.7092895507812, 224.65298652648926], [470.2817916870117, 140.30572056770325], 0.9997007250785828, 0.9999812245368958], [[709.53369140625, 215.97567558288574], [341.49658203125, 151.0422384738922], 0.9997952580451965, 0.9999271035194397], [[878.3344268798828, 316.91750049591064], [503.74107360839844, 234.3541717529297], 0.9307348132133484, 0.997187077999115], [[659.0283203125, 321.3360643386841], [326.87267303466797, 246.18312120437622], 0.9792524576187134, 0.8609799146652222], [[848.9382934570312, 334.9873924255371], [436.77825927734375, 186.38805627822876], 0.9401546120643616, 0.9957879781723022], [[715.6772613525391, 411.7901086807251], [315.65460205078125, 270.4363417625427], 0.9432740211486816, 0.9306538701057434], [[816.6654205322266, 462.4000024795532], [433.31226348876953, 319.59938764572144], 0.993261992931366, 0.9997970461845398], [[729.4194030761719, 459.54471588134766], [358.74900817871094, 321.5045499801636], 0.9957242608070374, 0.9997955560684204], [[800.5271911621094, 623.6121368408203], [443.0195999145508, 456.59252643585205], 0.7616544365882874, 0.9899056553840637], [[709.4380187988281, 627.8920412063599], [358.19995880126953, 470.82891941070557], 0.8517086505889893, 0.9823125600814819], [[799.1261291503906, 793.5226535797119], [462.4040985107422, 610.6834602355957], 0.47570744156837463, 0.9868199229240417], [[694.4358825683594, 795.6491088867188], [358.28922271728516, 625.5755567550659], 0.5156499743461609, 0.9878019094467163]]
4.0 [[[820.2927398681641, 142.677640914917], [391.6565704345703, 59.01558816432953], 0.9998834133148193, 0.9999949932098389], [[825.5220031738281, 126.09925031661987], [404.8542022705078, 48.27568531036377], 0.9998208284378052, 0.9999911189079285], [[801.9973754882812, 124.40120816230774], [383.6105728149414, 49.35111701488495], 0.9998820424079895, 0.9999870657920837], [[821.0444641113281, 131.8511188030243], [423.7926483154297, 56.764957308769226], 0.9996965527534485, 0.999991238117218], [[773.3982849121094, 129.10142540931702], [378.8152313232422, 60.18559992313385], 0.9999196529388428, 0.9999775290489197], [[851.3852691650391, 224.77621793746948], [466.17706298828125, 139.99723434448242], 0.9996950030326843, 0.9999818205833435], [[709.2234039306641, 216.04249477386475], [336.83326721191406, 151.1201298236847], 0.9998086094856262, 0.9999274015426636], [[878.2752990722656, 316.9251608848572], [501.65504455566406, 234.4089961051941], 0.9289662837982178, 0.9972841739654541], [[659.0312194824219, 321.57570362091064], [322.4642562866211, 245.37760019302368], 0.9807142615318298, 0.8554670810699463], [[848.8575744628906, 334.8700189590454], [435.6603240966797, 187.48630285263062], 0.9396924376487732, 0.9958475232124329], [[715.9998321533203, 412.03365325927734], [310.0484848022461, 270.7967233657837], 0.9451125264167786, 0.9314449429512024], [[816.7047882080078, 462.46012687683105], [428.39229583740234, 319.159140586853], 0.9930768013000488, 0.9997894167900085], [[729.5918273925781, 459.59222316741943], [353.27308654785156, 321.6931414604187], 0.9956524968147278, 0.9997907876968384], [[800.5238342285156, 623.5903358459473], [438.1156921386719, 457.03129291534424], 0.7611249089241028, 0.9903299808502197], [[709.8453521728516, 627.8813982009888], [352.030029296875, 469.8517370223999], 0.853412926197052, 0.9828613996505737], [[799.1791534423828, 792.6700115203857], [452.9127883911133, 611.0021924972534], 0.47607699036598206, 0.9873089790344238], [[694.7134399414062, 795.6325435638428], [354.13463592529297, 623.9904356002808], 0.5184551477432251, 0.9881712198257446]]
4.1 [[[820.2761077880859, 143.34208846092224], [386.9569396972656, 56.71919345855713], 0.9998829364776611, 0.9999945759773254], [[825.584716796875, 126.73648953437805], [399.9673843383789, 46.09560191631317], 0.9998189806938171, 0.9999904036521912], [[802.0813751220703, 124.73929524421692], [378.67870330810547, 47.398146986961365], 0.9998825788497925, 0.999985933303833], [[820.9846496582031, 132.21388220787048], [418.54248046875, 54.76587474346161], 0.9996918439865112, 0.9999908804893494], [[773.3796691894531, 129.12524342536926], [373.0372619628906, 58.20599555969238], 0.9999226927757263, 0.999975323677063], [[850.7572174072266, 224.77913618087769], [460.6949996948242, 137.8285825252533], 0.9996903538703918, 0.9999820590019226], [[708.8385772705078, 216.04017734527588], [331.90101623535156, 148.36316227912903], 0.999820351600647, 0.9999250769615173], [[878.3156585693359, 316.89722299575806], [492.1752166748047, 232.64028310775757], 0.9281760454177856, 0.9972431659698486], [[659.2320251464844, 321.9170308113098], [311.6183090209961, 245.26544094085693], 0.9820370078086853, 0.8517556190490723], [[848.7879943847656, 333.6804270744324], [424.68250274658203, 188.5391664505005], 0.9391956925392151, 0.9956969022750854], [[716.2035369873047, 412.1032190322876], [307.3189926147461, 269.3047285079956], 0.9468513131141663, 0.932086169719696], [[816.5419006347656, 462.31202602386475], [423.7485885620117, 318.4218978881836], 0.992972195148468, 0.999793291091919], [[729.5186614990234, 459.5090961456299], [347.9719924926758, 321.0043931007385], 0.9956095814704895, 0.9997910261154175], [[800.5240631103516, 623.5179376602173], [428.41136932373047, 457.3318290710449], 0.75885009765625, 0.9908029437065125], [[710.0471496582031, 627.798228263855], [346.4731979370117, 469.89057540893555], 0.8535967469215393, 0.982582151889801], [[799.1049957275391, 790.7486915588379], [447.2601318359375, 611.103515625], 0.4741302728652954, 0.9878919124603271], [[694.9952697753906, 795.1735210418701], [349.9462127685547, 624.148063659668], 0.5188959836959839, 0.9882769584655762]]
4.2 [[[821.1994171142578, 144.06693935394287], [380.2250289916992, 57.46332406997681], 0.9998773336410522, 0.9999942779541016], [[825.9626007080078, 127.24222540855408], [392.84088134765625, 46.48322939872742], 0.999809980392456, 0.9999898672103882], [[803.1752014160156, 125.14392256736755], [371.02500915527344, 47.87246882915497], 0.999879002571106, 0.999984860420227], [[820.6495666503906, 132.37217545509338], [411.1160659790039, 55.348531007766724], 0.9996776580810547, 0.9999906420707703], [[773.8219451904297, 129.23730611801147], [364.1196823120117, 58.71715486049652], 0.999923825263977, 0.9999733567237854], [[850.2134704589844, 224.74055528640747], [454.6356964111328, 138.40800404548645], 0.9996816515922546, 0.9999823570251465], [[708.4407806396484, 216.0070037841797], [325.2967834472656, 148.2260262966156], 0.9998303651809692, 0.9999247193336487], [[878.3462524414062, 316.5904211997986], [486.73168182373047, 233.4443235397339], 0.9256538152694702, 0.9972777962684631], [[659.4196319580078, 322.04959630966187], [309.2238998413086, 242.80819416046143], 0.9831940531730652, 0.8501260876655579], [[848.6453247070312, 332.1640992164612], [419.85523223876953, 188.97522926330566], 0.9373359680175781, 0.9957120418548584], [[716.2321472167969, 412.17222690582275], [297.91845321655273, 269.47216272354126], 0.9483229517936707, 0.9334893822669983], [[816.3160705566406, 462.29185581207275], [415.8195495605469, 318.2159686088562], 0.992904543876648, 0.9997887015342712], [[729.2449188232422, 459.4813299179077], [338.79432678222656, 320.51339864730835], 0.995579183101654, 0.9997854828834534], [[800.3690338134766, 623.4810304641724], [422.82073974609375, 457.37208366394043], 0.7574414014816284, 0.9911617040634155], [[710.0449371337891, 627.7875423431396], [340.9626007080078, 469.2083930969238], 0.8523626327514648, 0.9827194213867188], [[799.0931701660156, 790.6891250610352], [441.11427307128906, 610.4924869537354], 0.47191300988197327, 0.9882045388221741], [[694.6183776855469, 795.1197910308838], [342.7375030517578, 623.5169506072998], 0.5174062252044678, 0.9884330034255981]]
4.3 [[[822.2812652587891, 144.84814882278442], [378.0549621582031, 57.99399375915527], 0.999869704246521, 0.999994158744812], [[826.3447570800781, 127.85705208778381], [391.2303924560547, 46.997891664505005], 0.9997988343238831, 0.9999897480010986], [[804.4076538085938, 125.61241865158081], [368.74656677246094, 48.42256307601929], 0.9998733997344971, 0.999984622001648], [[820.1254272460938, 132.57773995399475], [408.3922576904297, 55.8897203207016], 0.9996621012687683, 0.9999905824661255], [[774.3421173095703, 129.34977650642395], [361.31935119628906, 59.32939052581787], 0.999923825263977, 0.9999727606773376], [[849.8757171630859, 224.6654748916626], [450.89820861816406, 138.86303544044495], 0.9996762871742249, 0.9999818205833435], [[708.1531524658203, 216.0014247894287], [321.8535614013672, 148.76060128211975], 0.9998385906219482, 0.9999169707298279], [[877.9011535644531, 316.5410256385803], [477.0622253417969, 233.09046506881714], 0.9229300618171692, 0.9970526099205017], [[659.4482421875, 322.1915602684021], [296.448974609375, 241.39067888259888], 0.98417729139328, 0.8477581739425659], [[848.6408233642578, 332.1782183647156], [424.25628662109375, 196.6802716255188], 0.9357192516326904, 0.9954275488853455], [[716.2291717529297, 412.2072458267212], [289.80663299560547, 269.7169518470764], 0.9494510293006897, 0.9313755631446838], [[815.9160614013672, 462.3498344421387], [410.68115234375, 318.5206890106201], 0.9928237199783325, 0.9997848868370056], [[728.8069152832031, 459.4790983200073], [335.29857635498047, 319.7789239883423], 0.9955304265022278, 0.9997801780700684], [[800.0467681884766, 623.4764385223389], [417.53307342529297, 458.4738492965698], 0.755972146987915, 0.9912802577018738], [[709.9861907958984, 627.791919708252], [335.9431457519531, 465.5468559265137], 0.8503986597061157, 0.9826557040214539], [[798.8904571533203, 790.7414817810059], [433.9859390258789, 609.1082096099854], 0.46944430470466614, 0.9883304238319397], [[694.2842864990234, 795.254373550415], [336.2531280517578, 620.3578662872314], 0.5156738758087158, 0.9885383248329163]]
4.4 [[[824.0104675292969, 145.27112245559692], [373.22410583496094, 55.832921862602234], 0.9998615384101868, 0.9999942779541016], [[826.6716003417969, 128.33054780960083], [385.99876403808594, 45.21890580654144], 0.9997868537902832, 0.9999899864196777], [[806.2662506103516, 126.0485565662384], [363.5757827758789, 46.35823309421539], 0.999867856502533, 0.9999850392341614], [[818.79638671875, 132.75755524635315], [403.48793029785156, 53.76558244228363], 0.9996447563171387, 0.9999907612800598], [[775.5368041992188, 129.56157445907593], [356.7509078979492, 57.3839145898819], 0.9999234676361084, 0.9999732971191406], [[849.580078125, 224.64109897613525], [444.8451232910156, 135.50937294960022], 0.9996690154075623, 0.9999819397926331], [[707.8813171386719, 216.0199213027954], [316.646785736084, 144.28741693496704], 0.9998459219932556, 0.9999167323112488], [[877.7024841308594, 316.5445876121521], [472.6592254638672, 224.37661170959473], 0.9207402467727661, 0.9969281554222107], [[659.4535827636719, 322.3400044441223], [296.00940704345703, 236.60418033599854], 0.9850617051124573, 0.8489271998405457], [[848.5520172119141, 332.1383285522461], [412.490234375, 186.79630994796753], 0.9341405630111694, 0.9951276183128357], [[716.2190246582031, 412.24226474761963], [288.63513946533203, 266.35103702545166], 0.9505339860916138, 0.9309225678443909], [[815.5780029296875, 462.29833602905273], [407.38746643066406, 312.2029495239258], 0.9927353858947754, 0.999793529510498], [[728.3367156982422, 459.2872667312622], [331.12571716308594, 311.8138790130615], 0.9955040812492371, 0.9997848272323608], [[799.7945404052734, 623.4600019454956], [410.0502395629883, 449.9260997772217], 0.7567371726036072, 0.9916085004806519], [[709.9842834472656, 627.733941078186], [330.5152893066406, 454.85823154449463], 0.849934458732605, 0.9829633235931396], [[798.7776184082031, 790.3241729736328], [425.68199157714844, 605.6656694412231], 0.4703260660171509, 0.9887328147888184], [[693.9897155761719, 795.2448463439941], [328.6073684692383, 617.0970296859741], 0.5178503394126892, 0.9886271357536316]]
4.5 [[[825.3334045410156, 145.5307924747467], [363.663330078125, 51.06544554233551], 0.9998525977134705, 0.9999938011169434], [[826.8952941894531, 128.6258590221405], [376.44107818603516, 39.02803748846054], 0.9997730851173401, 0.99998939037323], [[807.6691436767578, 126.35579824447632], [353.7095260620117, 41.75022214651108], 0.9998615980148315, 0.9999836683273315], [[817.4497985839844, 132.83430933952332], [395.45719146728516, 47.60293364524841], 0.9996240735054016, 0.9999904036521912], [[776.3565063476562, 129.73309636116028], [346.6599655151367, 52.978472113609314], 0.9999226927757263, 0.9999704360961914], [[849.0756988525391, 224.54880952835083], [437.5530242919922, 132.2391164302826], 0.9996598362922668, 0.9999821782112122], [[707.7033996582031, 216.0498547554016], [310.06275177001953, 140.95884919166565], 0.9998518824577332, 0.9999111890792847], [[877.5009918212891, 316.22649908065796], [464.6564483642578, 223.05479764938354], 0.9182804822921753, 0.9968404769897461], [[659.4557189941406, 322.4576139450073], [289.8826217651367, 237.41716861724854], 0.9858914017677307, 0.8399778604507446], [[848.309326171875, 331.93426609039307], [399.95155334472656, 183.72934341430664], 0.932277500629425, 0.9944424629211426], [[716.1930847167969, 412.25471019744873], [282.5254249572754, 274.1900396347046], 0.9515461921691895, 0.9169160723686218], [[815.4592132568359, 462.2979927062988], [399.7785186767578, 312.7073335647583], 0.9925544857978821, 0.9997974038124084], [[728.2025146484375, 459.2865800857544], [322.4304962158203, 313.30950021743774], 0.9954316020011902, 0.9997730255126953], [[799.7978973388672, 623.3265781402588], [399.90028381347656, 451.0640001296997], 0.7550869584083557, 0.9914135932922363], [[710.0079345703125, 627.718620300293], [324.31053161621094, 456.7536735534668], 0.848008930683136, 0.9814613461494446], [[798.9385223388672, 789.049243927002], [419.0674591064453, 610.6011486053467], 0.46758517622947693, 0.9885948896408081], [[693.9566802978516, 795.1839065551758], [321.88072204589844, 619.963002204895], 0.5166324973106384, 0.9873783588409424]]
4.6 [[[825.7096862792969, 145.68417191505432], [351.5396499633789, 50.70092797279358], 0.9998469352722168, 0.9999932050704956], [[826.9669342041016, 128.83591890335083], [364.0579605102539, 39.12084996700287], 0.9997631907463074, 0.9999880194664001], [[808.0384826660156, 126.59249782562256], [344.16404724121094, 41.14226996898651], 0.9998574256896973, 0.9999815821647644], [[816.7607116699219, 132.9071044921875], [384.78633880615234, 46.80305063724518], 0.9996094703674316, 0.99998939037323], [[776.6674041748047, 129.88493084907532], [340.27530670166016, 52.09461987018585], 0.9999226331710815, 0.9999668598175049], [[848.6050415039062, 224.3915033340454], [430.0606155395508, 131.7178988456726], 0.9996530413627625, 0.9999817609786987], [[707.5736999511719, 216.10156774520874], [303.93795013427734, 139.19758200645447], 0.9998570084571838, 0.999912679195404], [[877.0219421386719, 315.3398036956787], [461.2500762939453, 223.7418293952942], 0.9153708815574646, 0.996845006942749], [[659.4844055175781, 322.5541305541992], [284.0706253051758, 231.1002016067505], 0.9866712093353271, 0.8356819152832031], [[847.9314422607422, 330.84277868270874], [388.2230758666992, 184.51490879058838], 0.9305296540260315, 0.9943843483924866], [[716.1668395996094, 412.25719928741455], [271.10301971435547, 268.9190912246704], 0.9524824023246765, 0.9177472591400146], [[815.455322265625, 462.2732734680176], [389.4321823120117, 313.4794878959656], 0.9924793243408203, 0.9997968673706055], [[728.2035827636719, 459.2936611175537], [312.8770065307617, 314.33382511138916], 0.9954001903533936, 0.9997723698616028], [[799.8182678222656, 623.1336736679077], [395.0981140136719, 451.8198251724243], 0.75571209192276, 0.991753339767456], [[710.0170135498047, 627.6668214797974], [312.1781539916992, 457.75055408477783], 0.8467076420783997, 0.9821226596832275], [[799.2989349365234, 788.5891914367676], [410.9756088256836, 610.1051759719849], 0.46586236357688904, 0.9890462756156921], [[693.8322448730469, 795.0842571258545], [314.6153259277344, 620.3006601333618], 0.5140421986579895, 0.987845778465271]]
4.7 [[[825.7363128662109, 145.7917606830597], [343.3361053466797, 48.323965072631836], 0.999843180179596, 0.9999929666519165], [[827.0179748535156, 129.01618480682373], [355.5740737915039, 36.7190283536911], 0.9997563362121582, 0.9999876618385315], [[808.0624389648438, 126.77778482437134], [335.96187591552734, 38.31934690475464], 0.9998554587364197, 0.9999814033508301], [[816.6501617431641, 133.04428339004517], [376.7805862426758, 44.28010582923889], 0.9995976686477661, 0.9999891519546509], [[776.8328857421875, 130.025532245636], [333.78971099853516, 48.601632714271545], 0.9999235272407532, 0.9999668002128601], [[848.3216857910156, 224.33425426483154], [422.9985809326172, 128.05076122283936], 0.9996436834335327, 0.999981701374054], [[707.5799560546875, 216.1242914199829], [296.8678283691406, 135.87709307670593], 0.9998623132705688, 0.9999144077301025], [[876.0093688964844, 314.8488521575928], [454.6529769897461, 220.99788665771484], 0.9119568467140198, 0.9969128966331482], [[659.5991516113281, 322.6645302772522], [256.63822174072266, 213.13729763031006], 0.9874007701873779, 0.8405113816261292], [[847.3615264892578, 329.7434592247009], [383.45123291015625, 181.52488946914673], 0.9289177060127258, 0.994284451007843], [[716.1643218994141, 412.27097511291504], [254.83062744140625, 251.4622664451599], 0.9537313580513, 0.9188092350959778], [[815.4613494873047, 462.17997550964355], [385.6431198120117, 311.1306667327881], 0.9924166798591614, 0.9998011589050293], [[728.2054138183594, 459.27769660949707], [308.5190773010254, 312.80033111572266], 0.9953915476799011, 0.999774158000946], [[799.8163604736328, 623.00368309021], [386.419677734375, 443.4937334060669], 0.7562437653541565, 0.9921067953109741], [[710.0496673583984, 627.5961399078369], [304.56729888916016, 450.6987476348877], 0.8464149832725525, 0.9811164736747742], [[799.5701599121094, 787.8365421295166], [406.37264251708984, 606.7251634597778], 0.4641670286655426, 0.989470899105072], [[693.6373901367188, 794.9187755584717], [309.33420181274414, 617.0299100875854], 0.5133358836174011, 0.9875748157501221]]
4.8 [[[825.640869140625, 145.87002754211426], [334.30152893066406, 45.93908965587616], 0.9998418092727661, 0.999992311000824], [[827.0630645751953, 129.11414980888367], [347.00794219970703, 34.102152585983276], 0.9997548460960388, 0.999986469745636], [[807.9559326171875, 126.85644865036011], [327.08629608154297, 35.972255766391754], 0.9998536109924316, 0.999979555606842], [[816.7558288574219, 133.14038157463074], [368.36875915527344, 40.88680297136307], 0.9995970129966736, 0.9999881982803345], [[776.8749237060547, 130.09612798690796], [326.456298828125, 45.31343221664429], 0.9999237656593323, 0.9999631643295288], [[848.3528900146484, 224.3294906616211], [416.24298095703125, 125.27248620986938], 0.9996507167816162, 0.999981701374054], [[707.6548767089844, 216.12817525863647], [290.84300994873047, 133.25021266937256], 0.9998672008514404, 0.9999122023582458], [[876.0795593261719, 314.82091426849365], [447.1080780029297, 218.99434089660645], 0.9125450849533081, 0.9970201849937439], [[659.9280548095703, 322.7712392807007], [260.80408096313477, 219.0697431564331], 0.9879611730575562, 0.8335520625114441], [[847.2510528564453, 329.2628073692322], [366.95125579833984, 176.44192099571228], 0.9302317500114441, 0.9942474961280823], [[716.1490631103516, 412.2885274887085], [251.08718872070312, 255.81165075302124], 0.9545659422874451, 0.9123578667640686], [[815.3775024414062, 462.1932363510132], [380.72715759277344, 311.86750173568726], 0.9925761818885803, 0.999798595905304], [[728.1523132324219, 459.14058208465576], [303.6372756958008, 313.3753752708435], 0.9954547882080078, 0.9997603297233582], [[799.7512054443359, 623.1280946731567], [378.75614166259766, 444.8065137863159], 0.7562670111656189, 0.9923740029335022], [[710.0408172607422, 627.109866142273], [300.5398941040039, 450.54614067077637], 0.8455233573913574, 0.9807143807411194], [[798.4974670410156, 788.1077671051025], [398.26290130615234, 607.4582004547119], 0.462264746427536, 0.9897052049636841], [[692.5177764892578, 794.621114730835], [301.5994644165039, 617.6128721237183], 0.5107316970825195, 0.9874027371406555]]
4.9 [[[825.6611633300781, 145.9002721309662], [331.0934066772461, 46.80473506450653], 0.9998387694358826, 0.9999916553497314], [[827.2495269775391, 129.2445695400238], [343.27281951904297, 34.52843874692917], 0.9997513890266418, 0.9999856352806091], [[808.0623626708984, 126.9720733165741], [323.3641815185547, 36.30379021167755], 0.9998510479927063, 0.9999778866767883], [[817.0051574707031, 133.34962606430054], [365.40538787841797, 41.23958855867386], 0.9995927214622498, 0.9999876618385315], [[777.1438598632812, 130.17393350601196], [320.66539764404297, 45.63541531562805], 0.9999237656593323, 0.9999600648880005], [[848.5187530517578, 224.34579849243164], [412.5086212158203, 126.28767013549805], 0.9996517300605774, 0.9999808073043823], [[707.7774810791016, 216.12838983535767], [282.85085678100586, 135.00793933868408], 0.9998720288276672, 0.9999035000801086], [[876.1018371582031, 314.8276090621948], [442.5233840942383, 219.8252034187317], 0.9107986688613892, 0.997004508972168], [[660.0266265869141, 322.7754235267639], [257.222900390625, 228.92542362213135], 0.98846834897995, 0.8279018998146057], [[847.2576904296875, 329.2406415939331], [369.9353790283203, 177.36103892326355], 0.9301485419273376, 0.9941811561584473], [[716.12060546875, 412.3357343673706], [246.08165740966797, 262.9893493652344], 0.9553238749504089, 0.9100955128669739], [[815.4376220703125, 462.18443870544434], [375.1289367675781, 314.8200988769531], 0.9926998019218445, 0.999794602394104], [[728.2601928710938, 459.09492015838623], [298.46527099609375, 314.2519211769104], 0.9955337047576904, 0.9997472763061523], [[799.7715759277344, 623.0986976623535], [376.49486541748047, 451.7663097381592], 0.7585717439651489, 0.9924193024635315], [[710.0956726074219, 626.9712495803833], [295.70934295654297, 456.3267946243286], 0.8474911451339722, 0.9801981449127197], [[798.5224151611328, 787.5177669525146], [392.5870132446289, 613.6209297180176], 0.4643551707267761, 0.9897599816322327], [[692.5175476074219, 793.2217311859131], [298.59460830688477, 622.3560047149658], 0.5141054391860962, 0.9873775839805603]]
5.0 [[[826.7572021484375, 145.8977508544922], [323.5350036621094, 46.797133684158325], 0.9998347163200378, 0.9999906420707703], [[827.6380157470703, 129.3029022216797], [336.0569381713867, 34.301781356334686], 0.9997464418411255, 0.999984085559845], [[809.1313171386719, 127.01573967933655], [315.7805824279785, 36.11037880182266], 0.999847412109375, 0.9999746084213257], [[816.9855499267578, 133.3693242073059], [358.20526123046875, 40.69489359855652], 0.9995877742767334, 0.9999868869781494], [[777.8638458251953, 130.18131494522095], [313.42037200927734, 45.183377265930176], 0.9999232292175293, 0.999954104423523], [[848.5677337646484, 224.3201780319214], [405.52513122558594, 125.82526803016663], 0.999656617641449, 0.9999808073043823], [[707.8339385986328, 216.15761518478394], [275.4437255859375, 135.33586621284485], 0.9998759031295776, 0.9998984336853027], [[875.9574127197266, 314.70778942108154], [435.5160140991211, 220.39211511611938], 0.910103976726532, 0.9970822930335999], [[660.1413726806641, 322.7797794342041], [256.4308738708496, 229.39468145370483], 0.9889496564865112, 0.8122386932373047], [[847.1372985839844, 328.7654399871826], [357.71434783935547, 178.33778142929077], 0.9310364723205566, 0.9942078590393066], [[716.1259460449219, 412.35620498657227], [242.03937530517578, 263.55623960494995], 0.9562551379203796, 0.9033831357955933], [[815.504150390625, 462.151780128479], [365.6656265258789, 315.01755237579346], 0.9928103685379028, 0.9997933506965637], [[728.3079528808594, 459.03852939605713], [289.6238136291504, 314.4695234298706], 0.9955956935882568, 0.999739408493042], [[799.8203277587891, 623.0378866195679], [370.0233840942383, 454.28908824920654], 0.7619069814682007, 0.9925889372825623], [[710.2658843994141, 626.7924642562866], [290.08203506469727, 457.10875511169434], 0.8480845093727112, 0.9800282716751099], [[798.6692810058594, 787.4723625183105], [390.23998260498047, 613.9036130905151], 0.46627092361450195, 0.9899390935897827], [[692.4971008300781, 792.8979778289795], [293.885440826416, 623.7723398208618], 0.515363872051239, 0.987448513507843]]
5.1 [[[827.5388336181641, 145.8963131904602], [329.00962829589844, 47.5778067111969], 0.9998303055763245, 0.999989926815033], [[828.0284881591797, 129.34999108314514], [342.2983932495117, 34.70707654953003], 0.9997409582138062, 0.9999826550483704], [[809.8881530761719, 127.05590844154358], [321.0038375854492, 37.57930666208267], 0.9998435378074646, 0.9999722838401794], [[816.9966125488281, 133.38894724845886], [361.66698455810547, 40.82100301980972], 0.999582052230835, 0.9999861717224121], [[778.4235382080078, 130.2178680896759], [316.2135887145996, 45.43226480484009], 0.999922513961792, 0.9999516606330872], [[848.5731506347656, 224.2344331741333], [407.76920318603516, 126.51538968086243], 0.9996604919433594, 0.999981164932251], [[708.0537414550781, 216.15862369537354], [278.17325592041016, 135.5857515335083], 0.9998790621757507, 0.9998956918716431], [[875.8158874511719, 314.39736127853394], [436.6256332397461, 223.33012104034424], 0.9087355732917786, 0.9971577525138855], [[660.2124786376953, 322.77737617492676], [255.62175750732422, 229.67028379440308], 0.9893601536750793, 0.8049063086509705], [[847.0632171630859, 328.3862614631653], [360.17345428466797, 178.9379096031189], 0.9311628937721252, 0.9943248629570007], [[716.1259460449219, 412.37380027770996], [239.6175765991211, 267.1776509284973], 0.9568495750427246, 0.9019886255264282], [[815.5040740966797, 462.1097660064697], [367.1690368652344, 315.49835443496704], 0.9929009675979614, 0.9997832179069519], [[728.3098602294922, 458.81914615631104], [291.6934585571289, 315.10934829711914], 0.9956343770027161, 0.9997327327728271], [[799.8213195800781, 623.0190467834473], [369.9501419067383, 457.1324872970581], 0.7641437649726868, 0.9927663207054138], [[710.3497314453125, 626.549391746521], [287.7345657348633, 460.2411890029907], 0.8485192060470581, 0.9797798991203308], [[798.6702728271484, 787.4839496612549], [389.1516876220703, 615.3482723236084], 0.46751609444618225, 0.9901336431503296], [[692.1501922607422, 792.7712059020996], [292.3421287536621, 625.0609588623047], 0.5161458253860474, 0.9874919652938843]]
5.2 [[[827.63427734375, 145.92068910598755], [328.13819885253906, 48.001869320869446], 0.9998182058334351, 0.9999892115592957], [[828.1587219238281, 129.4052767753601], [342.00897216796875, 35.12200623750687], 0.9997218251228333, 0.999981164932251], [[809.9755859375, 127.11530327796936], [319.67639923095703, 38.00633579492569], 0.9998337030410767, 0.9999701380729675], [[817.0079040527344, 133.41439604759216], [360.97755432128906, 41.577876806259155], 0.9995513558387756, 0.9999852776527405], [[778.5453033447266, 130.2593994140625], [314.8466491699219, 46.25299394130707], 0.9999194145202637, 0.9999494552612305], [[848.5738372802734, 224.21640872955322], [407.1955108642578, 126.41276836395264], 0.9996440410614014, 0.9999818205833435], [[708.3007049560547, 216.17409467697144], [277.539005279541, 136.1158311367035], 0.9998810291290283, 0.9998975992202759], [[875.5278778076172, 314.26990270614624], [436.77967071533203, 223.68653297424316], 0.9026772975921631, 0.997272789478302], [[660.2183532714844, 322.72152185440063], [255.85548400878906, 226.20862483978271], 0.989753007888794, 0.8048752546310425], [[846.7607879638672, 328.37143421173096], [356.9961166381836, 178.39638233184814], 0.9270604848861694, 0.9945055246353149], [[716.0924530029297, 412.277455329895], [238.57067108154297, 267.06905364990234], 0.9574680924415588, 0.903195858001709], [[815.5047607421875, 461.919264793396], [367.86643981933594, 315.1184678077698], 0.9928386807441711, 0.9997789263725281], [[728.3198547363281, 458.4490442276001], [290.18102645874023, 315.3483009338379], 0.9956153035163879, 0.9997267723083496], [[799.8311614990234, 622.8778553009033], [366.95831298828125, 455.39862155914307], 0.7640447020530701, 0.9928033351898193], [[710.4588317871094, 626.2319469451904], [285.8921432495117, 458.90604972839355], 0.8477509021759033, 0.9788001775741577], [[798.7310028076172, 787.3158931732178], [389.03053283691406, 616.2394523620605], 0.46647971868515015, 0.9900919795036316], [[692.0179748535156, 792.4941444396973], [290.24877548217773, 625.0369262695312], 0.5150076150894165, 0.9868872165679932]]
5.3 [[[827.5804138183594, 145.99650979042053], [329.2150115966797, 48.25113773345947], 0.9998068809509277, 0.9999881386756897], [[828.1697845458984, 129.51208233833313], [343.5037612915039, 35.48952788114548], 0.9997036457061768, 0.9999794960021973], [[809.9241638183594, 127.21221685409546], [320.7294464111328, 38.29086720943451], 0.9998241066932678, 0.9999668002128601], [[817.0155334472656, 133.47579717636108], [361.27368927001953, 42.148436307907104], 0.9995213747024536, 0.9999845027923584], [[778.5368347167969, 130.29510498046875], [315.6181335449219, 46.771175265312195], 0.9999162554740906, 0.9999452233314514], [[848.5594177246094, 224.16300058364868], [406.71356201171875, 126.73922538757324], 0.9996272921562195, 0.9999825358390808], [[708.3526611328125, 216.210036277771], [280.02981185913086, 135.92635989189148], 0.9998825192451477, 0.9998963475227356], [[875.5366516113281, 314.1378092765808], [436.03397369384766, 226.6493010520935], 0.8975948691368103, 0.9973559379577637], [[660.2752685546875, 322.732572555542], [257.156925201416, 225.15573978424072], 0.9901019334793091, 0.8000072836875916], [[846.6693115234375, 328.33197355270386], [360.1958465576172, 179.69401359558105], 0.922508716583252, 0.994623064994812], [[716.1544036865234, 412.2803735733032], [238.07300567626953, 266.1104965209961], 0.9576452374458313, 0.9024257659912109], [[815.5059051513672, 461.5368461608887], [366.4911651611328, 313.7531805038452], 0.9927724003791809, 0.9997749328613281], [[728.330078125, 458.04572582244873], [290.67378997802734, 315.3231739997864], 0.9955949783325195, 0.9997146129608154], [[799.8497009277344, 622.8471279144287], [366.01898193359375, 452.0880889892578], 0.7628228664398193, 0.9929158687591553], [[710.5082702636719, 625.9986591339111], [285.08724212646484, 458.7766170501709], 0.847299337387085, 0.9774365425109863], [[798.7306976318359, 786.820821762085], [387.26585388183594, 616.1170148849487], 0.46569883823394775, 0.9901477098464966], [[691.7521667480469, 792.0837879180908], [290.5131149291992, 625.0544357299805], 0.5143253803253174, 0.9862178564071655]]
5.4 [[[827.5569152832031, 145.9833025932312], [329.5456314086914, 48.34039628505707], 0.9997984170913696, 0.9999874234199524], [[828.1636810302734, 129.51810121536255], [344.1130065917969, 35.693421363830566], 0.9996902346611023, 0.999978244304657], [[809.9031066894531, 127.22417950630188], [320.85277557373047, 38.48247081041336], 0.9998173713684082, 0.9999651312828064], [[816.9770812988281, 133.49686861038208], [361.34410858154297, 42.22271740436554], 0.9994961619377136, 0.9999837875366211], [[778.4737396240234, 130.3206181526184], [315.34276962280273, 47.11781859397888], 0.9999144077301025, 0.9999441504478455], [[848.4185791015625, 224.15836572647095], [405.91957092285156, 126.80272936820984], 0.9996089935302734, 0.999983012676239], [[708.4043121337891, 216.22434854507446], [278.7667465209961, 136.0628628730774], 0.9998844861984253, 0.9998972415924072], [[875.345458984375, 314.0602397918701], [435.64109802246094, 227.26573705673218], 0.8916507959365845, 0.9974177479743958], [[660.2812957763672, 322.743558883667], [253.48505020141602, 224.25750017166138], 0.990443229675293, 0.7993828654289246], [[846.414794921875, 328.34707975387573], [360.8445358276367, 180.08098125457764], 0.9176551699638367, 0.9946776032447815], [[716.201171875, 412.2820043563843], [236.61334991455078, 264.6990966796875], 0.9578555226325989, 0.9032851457595825], [[815.5018615722656, 460.96113681793213], [366.97689056396484, 313.1741666793823], 0.9926506280899048, 0.9997636079788208], [[728.3462524414062, 457.5260639190674], [291.88318252563477, 315.4359984397888], 0.9955562353134155, 0.9996984601020813], [[799.8442077636719, 622.6773118972778], [366.3490676879883, 452.80906677246094], 0.7591667175292969, 0.9928808212280273], [[710.6338500976562, 625.8291435241699], [287.11252212524414, 458.7379503250122], 0.8465909361839294, 0.9754354357719421], [[798.695068359375, 785.7592678070068], [387.3927688598633, 617.4037456512451], 0.4629914164543152, 0.9900190830230713], [[691.7516326904297, 791.8919563293457], [288.7538719177246, 624.744758605957], 0.5132049918174744, 0.9851750731468201]]
5.5 [[[827.4220275878906, 145.988849401474], [329.9333953857422, 48.488051891326904], 0.9997933506965637, 0.999987006187439], [[828.1160736083984, 129.53231692314148], [344.76612091064453, 35.87207794189453], 0.9996813535690308, 0.9999772310256958], [[809.7679901123047, 127.26552844047546], [321.02962493896484, 38.65966022014618], 0.9998130798339844, 0.9999637007713318], [[816.8896484375, 133.51940989494324], [361.61277770996094, 42.424296140670776], 0.9994783997535706, 0.9999833703041077], [[778.2524108886719, 130.34077763557434], [315.7979965209961, 47.201122641563416], 0.9999133944511414, 0.999943196773529], [[848.1635284423828, 224.15385961532593], [405.53890228271484, 126.71387314796448], 0.999599277973175, 0.999983549118042], [[708.32763671875, 216.26657724380493], [278.90249252319336, 135.80225944519043], 0.9998868107795715, 0.9998989105224609], [[875.1021575927734, 314.0260577201843], [436.4775085449219, 227.38420486450195], 0.8881665468215942, 0.997527003288269], [[660.3565979003906, 323.06774139404297], [252.89648056030273, 222.79447317123413], 0.9907302856445312, 0.7997933626174927], [[845.8457946777344, 328.2251787185669], [359.3929672241211, 180.45812129974365], 0.9147170186042786, 0.9948596358299255], [[716.2744140625, 412.3230743408203], [235.56865692138672, 263.53671312332153], 0.9579271078109741, 0.9045130610466003], [[815.4994201660156, 460.747332572937], [366.9696807861328, 313.29233407974243], 0.9925801753997803, 0.9997482299804688], [[728.3695983886719, 457.43950366973877], [292.00429916381836, 315.51026344299316], 0.9955447912216187, 0.9996843338012695], [[799.8198699951172, 622.4435520172119], [366.5557861328125, 452.9912853240967], 0.7569561004638672, 0.9929388165473938], [[710.6907653808594, 625.7474327087402], [287.66780853271484, 458.9127016067505], 0.8462498188018799, 0.9742594957351685], [[798.7368011474609, 784.7858619689941], [387.9908752441406, 617.5494861602783], 0.4610948860645294, 0.9898945689201355], [[691.7597961425781, 791.5797901153564], [288.532772064209, 624.8659515380859], 0.5120571851730347, 0.9846201539039612]]
5.6 [[[827.0502471923828, 145.9905230998993], [329.83673095703125, 48.679760098457336], 0.9997873306274414, 0.9999867081642151], [[827.9156494140625, 129.53288555145264], [344.97352600097656, 36.041030287742615], 0.9996716976165771, 0.9999766945838928], [[809.4685363769531, 127.27484107017517], [320.91251373291016, 38.78797173500061], 0.9998070001602173, 0.9999632239341736], [[816.6738891601562, 133.52926969528198], [361.7255401611328, 42.498244643211365], 0.9994595646858215, 0.999983012676239], [[777.9466247558594, 130.3489100933075], [315.9318161010742, 47.26661145687103], 0.9999120235443115, 0.9999433159828186], [[848.0685424804688, 224.10633087158203], [405.62835693359375, 126.76855802536011], 0.9995934963226318, 0.9999839067459106], [[708.3114624023438, 216.312153339386], [278.2924270629883, 135.9649622440338], 0.9998886585235596, 0.999900221824646], [[875.0984191894531, 314.1759395599365], [436.48109436035156, 227.38311052322388], 0.8856710195541382, 0.9975985288619995], [[660.361328125, 323.1180167198181], [251.0457992553711, 222.68645524978638], 0.9909664392471313, 0.8018437027931213], [[845.7901000976562, 328.2813334465027], [358.32237243652344, 180.57021617889404], 0.911553144454956, 0.9949190020561218], [[716.2732696533203, 412.26874351501465], [234.75364685058594, 263.13787937164307], 0.9574776291847229, 0.9051508903503418], [[815.4758453369141, 460.4671812057495], [366.5945816040039, 313.3908462524414], 0.992554247379303, 0.999739408493042], [[728.3631896972656, 457.2701597213745], [291.5889549255371, 315.60802459716797], 0.9955422282218933, 0.9996715784072876], [[799.7518920898438, 622.4166870117188], [365.9919738769531, 452.99763679504395], 0.7543421983718872, 0.9929400682449341], [[710.7180786132812, 625.7328414916992], [287.51062393188477, 458.9124870300293], 0.8445308208465576, 0.972620964050293], [[798.5426330566406, 784.6593475341797], [388.19496154785156, 617.8412675857544], 0.4587629437446594, 0.9897916316986084], [[691.7251586914062, 791.3246154785156], [288.31018447875977, 624.8586559295654], 0.5088371634483337, 0.9836481809616089]]
5.7 [[[826.5980529785156, 145.9904158115387], [329.9077606201172, 48.824127316474915], 0.9997732639312744, 0.9999859929084778], [[827.6773834228516, 129.50904607772827], [345.1058578491211, 36.16870880126953], 0.999651312828064, 0.9999756217002869], [[809.0808868408203, 127.27854251861572], [320.91297149658203, 38.875843584537506], 0.9997944831848145, 0.9999616742134094], [[816.4212036132812, 133.5165560245514], [361.67991638183594, 42.61179327964783], 0.9994264841079712, 0.9999823570251465], [[777.7101135253906, 130.35622715950012], [316.06456756591797, 47.34431505203247], 0.9999079704284668, 0.9999415874481201], [[848.0100250244141, 224.05223608016968], [405.35179138183594, 126.79459691047668], 0.999579668045044, 0.9999839663505554], [[708.2273864746094, 216.3788652420044], [278.18843841552734, 136.06329202651978], 0.9998887181282043, 0.9998980164527893], [[875.0334930419922, 314.1424012184143], [436.3760757446289, 227.43486642837524], 0.8803855776786804, 0.9976195693016052], [[660.3707885742188, 323.22845935821533], [253.39570999145508, 223.8706612586975], 0.9911156892776489, 0.7990227341651917], [[845.7540893554688, 328.4322452545166], [358.5380172729492, 180.71430444717407], 0.9054441452026367, 0.9948634505271912], [[716.2089538574219, 412.22514152526855], [235.44588088989258, 263.17306995391846], 0.9568396210670471, 0.9048147201538086], [[815.4264831542969, 460.42718410491943], [365.8338165283203, 313.4653043746948], 0.9925059080123901, 0.9997316002845764], [[728.3287048339844, 457.2320079803467], [290.7521057128906, 315.6834053993225], 0.9954796433448792, 0.9996535181999207], [[799.6689605712891, 622.5330305099487], [366.3121795654297, 453.01836490631104], 0.7511160373687744, 0.9929340481758118], [[710.7233428955078, 625.7232713699341], [287.310848236084, 458.9244604110718], 0.8409470915794373, 0.9714902639389038], [[797.7745819091797, 785.8717060089111], [388.1831741333008, 618.0734395980835], 0.455257773399353, 0.9896986484527588], [[691.1873626708984, 791.3574028015137], [288.5032272338867, 624.7583198547363], 0.5022594332695007, 0.9828939437866211]]
5.8 [[[825.9960174560547, 145.92657923698425], [329.9166488647461, 48.934961557388306], 0.9997702836990356, 0.9999847412109375], [[827.1870422363281, 129.33563590049744], [345.2642059326172, 36.246876418590546], 0.999646782875061, 0.9999735951423645], [[808.3364868164062, 127.2303056716919], [321.00242614746094, 38.926902115345], 0.9997900724411011, 0.9999578595161438], [[816.0274505615234, 133.40364575386047], [361.81739807128906, 42.84584552049637], 0.9994205832481384, 0.999981164932251], [[777.2817230224609, 130.366290807724], [316.2994956970215, 47.366915345191956], 0.9999066591262817, 0.9999353289604187], [[847.9669952392578, 223.9162802696228], [405.0143051147461, 126.81852221488953], 0.9995814561843872, 0.9999838471412659], [[708.1204986572266, 216.44263744354248], [278.89713287353516, 136.1258089542389], 0.9998887181282043, 0.9998922348022461], [[875.4712677001953, 314.07013177871704], [436.03992462158203, 227.48990535736084], 0.8815698623657227, 0.9976648688316345], [[660.372314453125, 323.2526206970215], [253.78713607788086, 225.95611095428467], 0.9912832379341125, 0.7913026213645935], [[845.7308959960938, 328.3973979949951], [358.62186431884766, 180.80813884735107], 0.9051722288131714, 0.9948787689208984], [[716.1748504638672, 412.1979331970215], [235.51782608032227, 263.8269281387329], 0.9564193487167358, 0.9030340909957886], [[815.3189849853516, 460.3855562210083], [364.7878646850586, 313.51388454437256], 0.9925443530082703, 0.9997255206108093], [[728.1214904785156, 457.08377838134766], [290.61405181884766, 315.7150340080261], 0.9954788684844971, 0.9996393322944641], [[799.4450378417969, 622.5458192825317], [366.1220169067383, 452.9204320907593], 0.7509002685546875, 0.9930152893066406], [[710.6803131103516, 625.6846904754639], [286.41530990600586, 458.93540382385254], 0.8383715748786926, 0.9709218740463257], [[796.7734527587891, 785.9898090362549], [386.9112014770508, 618.0094528198242], 0.4544450044631958, 0.9897997379302979], [[690.8216857910156, 791.1889171600342], [288.5672378540039, 624.4478273391724], 0.4980543851852417, 0.9826934337615967]]
5.9 [[[823.7422180175781, 145.88794469833374], [330.1374816894531, 49.0254807472229], 0.9997771382331848, 0.9999839663505554], [[826.2689208984375, 129.16200041770935], [345.4510498046875, 36.33873403072357], 0.9996574521064758, 0.9999723434448242], [[805.927734375, 127.1850836277008], [321.12613677978516, 38.95208269357681], 0.9997945427894592, 0.9999550580978394], [[816.055908203125, 133.34420800209045], [361.86683654785156, 42.90151208639145], 0.9994384050369263, 0.9999804496765137], [[775.8531188964844, 130.37389755249023], [316.4473533630371, 47.369420528411865], 0.9999088048934937, 0.9999311566352844], [[847.9591369628906, 223.89585256576538], [404.85877990722656, 126.81337237358093], 0.9995942711830139, 0.9999841451644897], [[708.1198120117188, 216.44840955734253], [279.248104095459, 136.1150050163269], 0.9998909831047058, 0.999889075756073], [[875.836181640625, 314.0668058395386], [435.9200668334961, 227.7446722984314], 0.885413646697998, 0.9977259635925293], [[660.3654479980469, 323.2481360435486], [254.58255767822266, 226.98341846466064], 0.9914457201957703, 0.7851894497871399], [[845.7234191894531, 328.245906829834], [358.9904022216797, 181.00117206573486], 0.9081071615219116, 0.9949581027030945], [[716.1473846435547, 412.140212059021], [235.66974639892578, 264.3638849258423], 0.9564441442489624, 0.902128279209137], [[814.8672485351562, 460.3774881362915], [364.12498474121094, 313.5569500923157], 0.9927060604095459, 0.9997239708900452], [[727.6638031005859, 456.9377374649048], [290.23181915283203, 315.7668113708496], 0.9955429434776306, 0.9996307492256165], [[799.1758728027344, 622.5167655944824], [365.4281997680664, 452.8782033920288], 0.7507882714271545, 0.993130087852478], [[710.5229187011719, 625.5575752258301], [285.48513412475586, 459.3579912185669], 0.8381633162498474, 0.9706101417541504], [[795.6675720214844, 785.9808826446533], [386.0889434814453, 617.944221496582], 0.45498138666152954, 0.9899206161499023], [[690.3199005126953, 790.8697986602783], [288.5658645629883, 624.0333938598633], 0.49668073654174805, 0.9825701117515564]]
6.0 [[[816.3048553466797, 142.6237177848816], [330.2797317504883, 49.03689086437225], 0.9997898936271667, 0.9999833703041077], [[823.0088043212891, 127.08895325660706], [345.55274963378906, 36.392842233181], 0.999676525592804, 0.9999712109565735], [[797.8927612304688, 124.24826860427856], [321.2221908569336, 38.91289830207825], 0.999805212020874, 0.9999522566795349], [[816.9065093994141, 132.96141386032104], [361.7951202392578, 43.05398494005203], 0.9994670748710632, 0.9999798536300659], [[770.3292083740234, 128.94498825073242], [316.5224075317383, 47.37652838230133], 0.9999134540557861, 0.9999265670776367], [[847.9521179199219, 223.9299488067627], [404.97161865234375, 126.81384444236755], 0.9996053576469421, 0.9999845623970032], [[708.1259918212891, 216.34676456451416], [279.66182708740234, 136.15796327590942], 0.999894917011261, 0.9998854398727417], [[876.6577911376953, 314.33910369873047], [435.4221725463867, 228.66252422332764], 0.8908098340034485, 0.9978011250495911], [[660.3514099121094, 323.2450032234192], [255.3548812866211, 226.99891090393066], 0.9916595220565796, 0.7768397331237793], [[845.6009674072266, 328.05126428604126], [358.8660430908203, 181.5914511680603], 0.9122705459594727, 0.9951226711273193], [[716.1503601074219, 412.19497203826904], [234.53258514404297, 267.71939277648926], 0.9567323327064514, 0.9004761576652527], [[814.6556091308594, 460.3192949295044], [363.91185760498047, 314.7976756095886], 0.9928292036056519, 0.9997244477272034], [[727.6499176025391, 456.60338401794434], [290.8248519897461, 317.07581520080566], 0.995587170124054, 0.9996278882026672], [[798.9799499511719, 622.5587797164917], [365.3220748901367, 454.4576597213745], 0.7484343647956848, 0.9933676719665527], [[710.2394866943359, 625.5353450775146], [285.10589599609375, 460.56846141815186], 0.8392659425735474, 0.9710909128189087], [[794.8121643066406, 787.0047569274902], [385.5469512939453, 618.2936382293701], 0.4536535441875458, 0.990212082862854], [[689.8109436035156, 790.9885025024414], [288.33740234375, 623.7252187728882], 0.4947514832019806, 0.982853353023529]]
6.1 [[[802.2425842285156, 138.25719952583313], [330.42957305908203, 49.08042311668396], 0.999805748462677, 0.9999826550483704], [[814.9988555908203, 123.32875370979309], [345.62976837158203, 36.444525718688965], 0.9997003674507141, 0.999970018863678], [[785.1636505126953, 120.50220966339111], [321.29486083984375, 38.934189677238464], 0.9998184442520142, 0.9999493956565857], [[817.3542785644531, 131.76101803779602], [361.7399215698242, 43.093096911907196], 0.999505341053009, 0.9999791383743286], [[762.8477478027344, 127.6444923877716], [316.5541076660156, 47.400872111320496], 0.9999191761016846, 0.9999216794967651], [[848.7741088867188, 224.63747262954712], [405.11409759521484, 126.83255553245544], 0.9996266961097717, 0.9999848008155823], [[708.0033874511719, 216.17445945739746], [279.86934661865234, 136.19630813598633], 0.9999002814292908, 0.999881386756897], [[877.9053497314453, 318.9663004875183], [434.8480987548828, 229.4632387161255], 0.8986204862594604, 0.9978551268577576], [[659.8069763183594, 322.933931350708], [255.79809188842773, 227.11984634399414], 0.991777241230011, 0.768545389175415], [[845.5892944335938, 328.04137229919434], [358.92879486083984, 182.02028274536133], 0.9183352589607239, 0.9952255487442017], [[715.4454040527344, 412.1360921859741], [234.13524627685547, 268.9286398887634], 0.9566304683685303, 0.8982571363449097], [[814.1427612304688, 460.8734607696533], [363.6428451538086, 315.3264570236206], 0.9931024312973022, 0.9997241497039795], [[727.4060821533203, 456.60261154174805], [291.2087631225586, 317.38632917404175], 0.9957177639007568, 0.9996240735054016], [[798.8292694091797, 622.6728916168213], [365.0460433959961, 454.9927282333374], 0.7467987537384033, 0.9935610294342041], [[709.9891662597656, 625.4686975479126], [284.8036575317383, 460.72407245635986], 0.8426275849342346, 0.9713483452796936], [[794.0414428710938, 788.1693935394287], [385.3786087036133, 618.4255170822144], 0.4539202153682709, 0.9904831051826477], [[689.4509124755859, 790.9278202056885], [288.2975387573242, 623.4564828872681], 0.4950101673603058, 0.9830694794654846]]
6.2 [[[785.2900695800781, 133.98288488388062], [330.6676483154297, 49.11660611629486], 0.9998174905776978, 0.9999817609786987], [[802.5754547119141, 119.79341983795166], [345.8014678955078, 36.47760272026062], 0.9997162818908691, 0.9999686479568481], [[771.1732482910156, 118.09929370880127], [321.4589309692383, 38.95421236753464], 0.9998264312744141, 0.999946117401123], [[816.5106201171875, 130.03966212272644], [361.8700408935547, 43.21598768234253], 0.9995304942131042, 0.9999783635139465], [[756.6870880126953, 126.66808247566223], [316.67728424072266, 47.422624826431274], 0.9999219179153442, 0.9999159574508667], [[850.1993560791016, 225.1504397392273], [405.3090286254883, 126.84974312782288], 0.9996404051780701, 0.9999849796295166], [[707.8192138671875, 215.98586797714233], [280.0539016723633, 136.22869849205017], 0.9999045133590698, 0.9998757839202881], [[879.7557067871094, 322.02670097351074], [434.5887756347656, 229.70519542694092], 0.906755268573761, 0.9978930354118347], [[658.9714050292969, 322.29498624801636], [257.37884521484375, 227.3872947692871], 0.991912841796875, 0.7572467923164368], [[845.3529357910156, 328.04150104522705], [359.2137908935547, 182.3378348350525], 0.9242582321166992, 0.9952773451805115], [[713.9155578613281, 411.9859313964844], [234.66533660888672, 269.32968378067017], 0.9563355445861816, 0.8945921063423157], [[814.0757751464844, 460.8795976638794], [363.67984771728516, 315.48702478408813], 0.9932088851928711, 0.9997243285179138], [[727.2682189941406, 456.50386333465576], [291.45172119140625, 317.5237441062927], 0.9958059191703796, 0.999620795249939], [[798.7274169921875, 622.7073955535889], [364.9553680419922, 455.1714277267456], 0.7469570636749268, 0.9937027096748352], [[709.7705078125, 625.0474834442139], [284.6461868286133, 460.7344579696655], 0.8479917049407959, 0.971306324005127], [[794.4770812988281, 787.408504486084], [385.2402877807617, 618.5359382629395], 0.4554338753223419, 0.9907209277153015], [[689.4694519042969, 790.6589126586914], [288.4321975708008, 623.332028388977], 0.49884170293807983, 0.9831384420394897]]
6.3 [[[777.5433349609375, 130.20010113716125], [330.80841064453125, 49.13987696170807], 0.9998301863670349, 0.9999809265136719], [[796.5219116210938, 116.10271096229553], [345.92151641845703, 36.51171237230301], 0.9997345209121704, 0.9999673366546631], [[763.60595703125, 115.35399913787842], [321.5196228027344, 38.961041271686554], 0.9998357892036438, 0.9999432563781738], [[814.6970367431641, 126.58809900283813], [361.9452667236328, 43.27579826116562], 0.9995604157447815, 0.9999774694442749], [[752.8956604003906, 125.15825629234314], [316.7231750488281, 47.442097663879395], 0.9999250173568726, 0.9999110102653503], [[851.6650390625, 225.1789140701294], [405.4372787475586, 126.89178943634033], 0.9996585845947266, 0.9999850392341614], [[707.8212738037109, 215.84403276443481], [280.15966415405273, 136.38880491256714], 0.9999090433120728, 0.9998708367347717], [[883.2382965087891, 324.40515518188477], [434.47303771972656, 229.9279260635376], 0.9149078130722046, 0.9979222416877747], [[658.9189910888672, 321.90889835357666], [258.57288360595703, 227.621591091156], 0.9919968843460083, 0.7476349472999573], [[845.2825164794922, 327.69598960876465], [359.45735931396484, 182.4001693725586], 0.9305530190467834, 0.9953218698501587], [[712.7667236328125, 411.9223737716675], [234.84182357788086, 269.77317094802856], 0.956401526927948, 0.8911810517311096], [[814.1299438476562, 460.85221767425537], [363.6412811279297, 315.7275652885437], 0.993420422077179, 0.9997237920761108], [[727.178955078125, 456.2952947616577], [291.5690612792969, 317.6505374908447], 0.9959657192230225, 0.9996177554130554], [[798.7284851074219, 622.477240562439], [365.057373046875, 455.7946014404297], 0.7495911717414856, 0.9937107563018799], [[709.6596527099609, 624.6596145629883], [284.5619201660156, 460.7481908798218], 0.8549367785453796, 0.9708461165428162], [[795.3213500976562, 785.7940292358398], [385.28594970703125, 619.0340995788574], 0.4610081911087036, 0.9908027052879333], [[689.9000549316406, 790.4226207733154], [288.57250213623047, 623.2576131820679], 0.5078513026237488, 0.9829295873641968]]
6.4 [[[774.6259307861328, 126.90679907798767], [330.9327697753906, 49.11809742450714], 0.9998419284820557, 0.9999803900718689], [[793.577880859375, 112.58937120437622], [346.0189437866211, 36.526145339012146], 0.9997519254684448, 0.9999665021896362], [[759.3865203857422, 112.79532194137573], [321.5989685058594, 38.92644077539444], 0.999844491481781, 0.9999415874481201], [[813.0381774902344, 123.22781682014465], [362.0541000366211, 43.31355571746826], 0.9995890259742737, 0.9999768733978271], [[750.1152038574219, 123.56092572212219], [316.75024032592773, 47.457552552223206], 0.999927818775177, 0.9999089241027832], [[853.5044860839844, 225.35742044448853], [405.4448699951172, 126.97059273719788], 0.9996759295463562, 0.9999850392341614], [[707.8271484375, 215.91113090515137], [280.2676010131836, 136.40591740608215], 0.9999131560325623, 0.9998666048049927], [[885.8161926269531, 336.3794803619385], [433.97682189941406, 230.30088186264038], 0.9220829606056213, 0.9979325532913208], [[658.9250183105469, 321.90879106521606], [258.61202239990234, 227.99943923950195], 0.9919748306274414, 0.7402063608169556], [[845.1811218261719, 328.46097707748413], [359.5219421386719, 182.43703365325928], 0.9360547661781311, 0.9953536987304688], [[711.9248199462891, 411.81156635284424], [235.09654998779297, 269.7412419319153], 0.9557408690452576, 0.8885871767997742], [[814.0667724609375, 461.6303586959839], [363.2511901855469, 315.7423710823059], 0.9936763048171997, 0.9997209906578064], [[726.9533538818359, 456.34893894195557], [291.48611068725586, 317.5049686431885], 0.9961338639259338, 0.9996151924133301], [[798.4722137451172, 622.4804592132568], [365.2860641479492, 458.0473566055298], 0.7511006593704224, 0.9936099052429199], [[709.5713043212891, 624.3584775924683], [284.7116470336914, 460.5695343017578], 0.8613946437835693, 0.9703250527381897], [[795.3826141357422, 785.3200721740723], [385.1732635498047, 619.5779228210449], 0.46662575006484985, 0.9907358288764954], [[689.9810791015625, 790.3115558624268], [288.71044158935547, 623.0496025085449], 0.5155112147331238, 0.9826657176017761]]
6.5 [[[773.7403106689453, 125.95951795578003], [330.9906005859375, 49.08845901489258], 0.999853253364563, 0.9999803900718689], [[792.430419921875, 111.34820580482483], [346.0717010498047, 36.543408036231995], 0.9997687935829163, 0.999966561794281], [[758.1856536865234, 111.59033417701721], [321.6680145263672, 38.898972272872925], 0.9998534321784973, 0.9999415874481201], [[811.4857482910156, 121.7735230922699], [362.1498489379883, 43.34594339132309], 0.9996168613433838, 0.9999768733978271], [[748.9102172851562, 122.66738533973694], [316.7375183105469, 47.470529079437256], 0.9999310970306396, 0.9999095797538757], [[854.1225433349609, 225.39346933364868], [405.43739318847656, 127.08161473274231], 0.9996923804283142, 0.9999852776527405], [[707.6786804199219, 216.14261627197266], [280.21203994750977, 136.60734057426453], 0.9999169707298279, 0.9998650550842285], [[885.95458984375, 340.7654929161072], [433.7889862060547, 230.6212019920349], 0.9285532832145691, 0.9979581236839294], [[658.9270782470703, 322.0609474182129], [258.4600830078125, 227.98349618911743], 0.9919645190238953, 0.7364848852157593], [[844.5966339111328, 328.5239553451538], [359.5839309692383, 182.47947692871094], 0.9411302804946899, 0.9953967928886414], [[711.3062286376953, 411.61518573760986], [235.15182495117188, 269.4733214378357], 0.9555459022521973, 0.8866679668426514], [[814.1166687011719, 462.10564613342285], [362.96546936035156, 315.74511766433716], 0.9939329028129578, 0.999721109867096], [[726.8672180175781, 456.4552402496338], [291.4398193359375, 317.4227213859558], 0.9962935447692871, 0.9996158480644226], [[798.3512115478516, 622.5230741500854], [365.09437561035156, 458.43217849731445], 0.7563607096672058, 0.9934813380241394], [[709.4768524169922, 624.3065929412842], [284.60397720336914, 460.313458442688], 0.868061363697052, 0.9694605469703674], [[795.6388854980469, 785.07004737854], [385.1668167114258, 619.6277475357056], 0.47583848237991333, 0.9906821250915527], [[689.9809265136719, 763.4690380096436], [288.7588119506836, 622.7307844161987], 0.5257851481437683, 0.9823041558265686]]
6.6 [[[771.6164398193359, 124.26908254623413], [331.07521057128906, 49.049577713012695], 0.9998639822006226, 0.9999807476997375], [[790.1008605957031, 109.47923183441162], [346.1375427246094, 36.551537811756134], 0.9997851848602295, 0.9999671578407288], [[756.0269165039062, 110.22899508476257], [321.70753479003906, 38.86579602956772], 0.9998618364334106, 0.9999427199363708], [[809.1713714599609, 120.26681900024414], [362.2229766845703, 43.38968753814697], 0.9996446371078491, 0.9999772310256958], [[748.2353210449219, 121.66698575019836], [316.7572021484375, 47.479755878448486], 0.9999338984489441, 0.9999121427536011], [[854.3995666503906, 225.30199527740479], [405.4180145263672, 127.22473740577698], 0.9997109770774841, 0.9999855756759644], [[707.4297332763672, 216.50267601013184], [279.94211196899414, 136.92283272743225], 0.9999196529388428, 0.9998667240142822], [[885.6156921386719, 338.50194454193115], [433.7751007080078, 230.78331470489502], 0.9347540140151978, 0.9979871511459351], [[658.9045715332031, 322.0566773414612], [257.86624908447266, 227.90077686309814], 0.9919354915618896, 0.7363712787628174], [[843.8618469238281, 327.89520263671875], [359.5054626464844, 182.4247169494629], 0.9462497234344482, 0.9954609274864197], [[710.3786468505859, 410.6394624710083], [234.88903045654297, 269.16958808898926], 0.9560513496398926, 0.8870091438293457], [[814.2431640625, 462.09590435028076], [362.6607894897461, 315.71874618530273], 0.9941968321800232, 0.9997243285179138], [[726.7169952392578, 456.3430166244507], [291.24032974243164, 317.3702359199524], 0.9964385628700256, 0.9996224641799927], [[798.2086944580078, 622.5940132141113], [365.1516342163086, 458.670015335083], 0.7623398900032043, 0.993365466594696], [[709.1421508789062, 624.1307258605957], [284.62093353271484, 460.07094383239746], 0.8727899789810181, 0.968771755695343], [[795.9402465820312, 784.874439239502], [385.2196502685547, 619.6095514297485], 0.4810900092124939, 0.9906215071678162], [[689.9990081787109, 772.0533084869385], [288.757266998291, 622.4464702606201], 0.5315034985542297, 0.9819846153259277]]
6.7 [[[769.2686462402344, 123.10039043426514], [331.1164093017578, 49.05637979507446], 0.9998736381530762, 0.9999806880950928], [[787.2810363769531, 108.01081895828247], [346.19346618652344, 36.56323492527008], 0.9998003244400024, 0.9999670386314392], [[753.7332153320312, 109.24420595169067], [321.7197799682617, 38.869038820266724], 0.9998694658279419, 0.9999426007270813], [[805.6952667236328, 118.51130247116089], [362.2804260253906, 43.44570815563202], 0.9996702075004578, 0.9999771118164062], [[746.9188690185547, 120.82244396209717], [316.7939758300781, 47.48836576938629], 0.9999364018440247, 0.9999127388000488], [[854.4260406494141, 224.60599422454834], [405.4610824584961, 127.27696537971497], 0.9997282028198242, 0.9999856352806091], [[706.9318389892578, 216.59159660339355], [279.9453353881836, 137.1386218070984], 0.9999216198921204, 0.999866783618927], [[885.4878997802734, 336.1529517173767], [433.8367462158203, 230.98514556884766], 0.9402528405189514, 0.997995138168335], [[658.8859558105469, 322.2623920440674], [257.8080368041992, 227.9135012626648], 0.9917760491371155, 0.7358828783035278], [[843.6895751953125, 328.01819801330566], [359.4688034057617, 182.42177724838257], 0.9508140683174133, 0.995496392250061], [[710.2136993408203, 410.6407928466797], [234.85836029052734, 269.1057515144348], 0.9555466175079346, 0.8877435922622681], [[814.6952819824219, 462.08723545074463], [362.5947570800781, 315.7023525238037], 0.994401752948761, 0.9997233152389526], [[726.7475891113281, 456.34430408477783], [291.2353515625, 317.32345819473267], 0.9965544939041138, 0.9996236562728882], [[798.2085418701172, 623.0842781066895], [365.25707244873047, 458.9724826812744], 0.7673996090888977, 0.9933030605316162], [[708.9846038818359, 624.1243743896484], [284.73438262939453, 460.0903844833374], 0.8771929740905762, 0.9686519503593445], [[796.1579895019531, 785.2695178985596], [384.95811462402344, 619.521746635437], 0.486802339553833, 0.9905820488929749], [[690.0593566894531, 779.9180603027344], [288.71490478515625, 622.3784923553467], 0.5384005904197693, 0.9819102883338928]]
6.8 [[[765.9218597412109, 122.09878921508789], [331.11854553222656, 49.062082171440125], 0.9998806715011597, 0.9999808073043823], [[783.6200714111328, 106.53443455696106], [346.2168884277344, 36.57327175140381], 0.9998109340667725, 0.9999672174453735], [[751.2944030761719, 108.38085651397705], [321.7079162597656, 38.874609768390656], 0.9998744130134583, 0.9999430775642395], [[802.3735809326172, 117.00704455375671], [362.32120513916016, 43.499717116355896], 0.9996881484985352, 0.9999772906303406], [[744.9239349365234, 120.34884095191956], [316.81396484375, 47.49305963516235], 0.9999376535415649, 0.9999141097068787], [[854.3971252441406, 223.90868425369263], [405.49354553222656, 127.30696320533752], 0.9997375011444092, 0.9999858140945435], [[705.6008911132812, 217.50376224517822], [279.96850967407227, 137.3159158229828], 0.9999232888221741, 0.9998681545257568], [[885.3542327880859, 340.49965381622314], [433.9176940917969, 231.0004448890686], 0.9448063969612122, 0.9980196356773376], [[658.8649749755859, 323.460910320282], [257.8019332885742, 227.67873287200928], 0.9916306734085083, 0.7369131445884705], [[843.5669708251953, 327.9502844810486], [359.44923400878906, 182.43714094161987], 0.9543942809104919, 0.9955538511276245], [[710.2421569824219, 410.8669137954712], [234.7262191772461, 268.88235569000244], 0.9545873403549194, 0.8893638253211975], [[815.7939147949219, 462.61741161346436], [362.67539978027344, 315.7015585899353], 0.9945356249809265, 0.9997214674949646], [[726.8361663818359, 456.8273591995239], [291.2797546386719, 317.33004570007324], 0.9966564178466797, 0.9996243119239807], [[798.3042907714844, 624.0233945846558], [365.33653259277344, 459.20770168304443], 0.7740844488143921, 0.9933298230171204], [[708.9252471923828, 624.2308902740479], [284.8305320739746, 460.4770088195801], 0.8821563720703125, 0.9687750935554504], [[796.4608764648438, 785.4382610321045], [384.64378356933594, 619.4794321060181], 0.4948253929615021, 0.9905861616134644], [[690.2687072753906, 783.1275272369385], [288.68967056274414, 622.3765182495117], 0.5474948883056641, 0.9819228053092957]]
6.9 [[[764.3300628662109, 121.73441648483276], [331.15203857421875, 49.06686723232269], 0.9998849034309387, 0.9999811053276062], [[782.3715972900391, 106.05839610099792], [346.2482452392578, 36.58928990364075], 0.9998164772987366, 0.9999676942825317], [[750.2846527099609, 107.98292398452759], [321.72027587890625, 38.921454548835754], 0.9998764991760254, 0.999944269657135], [[800.8446502685547, 116.30682706832886], [362.354736328125, 43.67386221885681], 0.999696671962738, 0.9999776482582092], [[743.8998413085938, 119.79544758796692], [316.8260192871094, 47.5727641582489], 0.9999375343322754, 0.9999163746833801], [[854.1078186035156, 223.4046220779419], [405.526123046875, 127.38402843475342], 0.9997356534004211, 0.9999860525131226], [[704.6315002441406, 217.88819789886475], [279.93099212646484, 137.80914187431335], 0.9999243021011353, 0.9998701214790344], [[885.2870941162109, 340.1484775543213], [433.98094177246094, 231.0281467437744], 0.948296070098877, 0.9980493783950806], [[658.3860778808594, 323.77329111099243], [257.34676361083984, 227.50247955322266], 0.9914963841438293, 0.7400192022323608], [[843.0982208251953, 327.9500484466553], [359.45995330810547, 182.49134302139282], 0.9567283987998962, 0.9956230521202087], [[710.2603912353516, 410.8790588378906], [234.53189849853516, 268.8608121871948], 0.9534596800804138, 0.8916307091712952], [[815.9507751464844, 462.65642166137695], [362.7495574951172, 315.6990909576416], 0.9945951104164124, 0.9997211694717407], [[726.8000030517578, 456.82774543762207], [291.3143539428711, 317.3394227027893], 0.9967216849327087, 0.9996263980865479], [[798.2356262207031, 625.1390218734741], [365.45970916748047, 459.1977024078369], 0.7767743468284607, 0.9933426380157471], [[708.8204956054688, 624.278826713562], [284.90442276000977, 460.6300449371338], 0.8854227066040039, 0.9687104821205139], [[796.4744567871094, 786.32643699646], [384.4924545288086, 619.3604707717896], 0.4996430277824402, 0.9906066656112671], [[690.1955413818359, 786.1243915557861], [288.7083435058594, 622.412223815918], 0.5522365570068359, 0.9819119572639465]]
7.0 [[[766.3158416748047, 122.16333389282227], [331.11438751220703, 49.071840047836304], 0.9998902678489685, 0.9999812245368958], [[783.4946441650391, 106.76290512084961], [346.23085021972656, 36.597194373607635], 0.999824583530426, 0.9999678134918213], [[751.1647033691406, 108.40032935142517], [321.6804885864258, 38.96958410739899], 0.9998800158500671, 0.9999448657035828], [[800.6874847412109, 116.77963614463806], [362.3753356933594, 43.722431659698486], 0.999709963798523, 0.9999775886535645], [[743.7765502929688, 119.92236971855164], [316.8131446838379, 47.72886872291565], 0.9999381899833679, 0.9999175667762756], [[853.2920074462891, 223.21253299713135], [405.54656982421875, 127.41905808448792], 0.9997432827949524, 0.9999860525131226], [[704.1202545166016, 218.15695524215698], [279.94983673095703, 138.1604790687561], 0.9999241828918457, 0.9998705387115479], [[885.1443481445312, 332.99646377563477], [433.9828872680664, 231.00252628326416], 0.951993465423584, 0.9980572462081909], [[657.8575134277344, 323.83779287338257], [257.104549407959, 227.2848129272461], 0.9913622736930847, 0.7416507005691528], [[842.7235412597656, 327.6600694656372], [359.37660217285156, 182.50099897384644], 0.9594265818595886, 0.9956563115119934], [[710.2781677246094, 410.8912467956543], [234.41417694091797, 268.81030082702637], 0.9517650008201599, 0.8930109739303589], [[815.7869720458984, 462.1979570388794], [362.7936553955078, 315.69531440734863], 0.9946777820587158, 0.9997186660766602], [[726.6012573242188, 456.1513566970825], [291.3987159729004, 317.38343238830566], 0.9967647790908813, 0.9996253848075867], [[798.1694793701172, 625.1751136779785], [365.55126190185547, 459.1759443283081], 0.7773764133453369, 0.9933125972747803], [[708.6476135253906, 624.2340230941772], [284.9661636352539, 460.71441650390625], 0.8875113129615784, 0.9686293601989746], [[796.2919616699219, 786.2971687316895], [384.10884857177734, 618.9522171020508], 0.5025026798248291, 0.9905700087547302], [[688.7428283691406, 786.1682510375977], [288.72501373291016, 622.4103355407715], 0.5533855557441711, 0.9818618297576904]]
7.1 [[[768.5073089599609, 122.04390048980713], [331.0888671875, 49.057801365852356], 0.9998961687088013, 0.9999813437461853], [[785.0636291503906, 106.88703775405884], [346.19720458984375, 36.575720608234406], 0.9998340010643005, 0.9999679327011108], [[753.0516052246094, 108.367520570755], [321.6433334350586, 38.98152530193329], 0.9998851418495178, 0.9999454617500305], [[801.2721252441406, 117.02573418617249], [362.37571716308594, 43.833324909210205], 0.9997249245643616, 0.9999775886535645], [[744.2263031005859, 119.8330307006836], [316.78592681884766, 47.85337686538696], 0.9999402761459351, 0.9999186396598816], [[852.5669860839844, 223.0935287475586], [405.5653381347656, 127.43080615997314], 0.9997506141662598, 0.9999861121177673], [[703.9031982421875, 218.15571069717407], [279.97655868530273, 138.40587973594666], 0.999924898147583, 0.9998709559440613], [[884.85107421875, 328.94553422927856], [434.0187072753906, 230.94802379608154], 0.9550502896308899, 0.9980636835098267], [[657.7925109863281, 323.90941858291626], [256.796817779541, 227.03154802322388], 0.9912621378898621, 0.7439942955970764], [[842.3942565917969, 327.3039150238037], [359.3735885620117, 182.5593638420105], 0.9616755843162537, 0.9956985712051392], [[710.3755187988281, 411.1957311630249], [234.36410903930664, 268.64168643951416], 0.950049102306366, 0.8946000933647156], [[815.6778717041016, 462.13637351989746], [362.83382415771484, 315.66765546798706], 0.9948030710220337, 0.9997150301933289], [[726.4485931396484, 456.15036964416504], [291.495304107666, 317.4138593673706], 0.9968292713165283, 0.9996230006217957], [[798.1592559814453, 625.582594871521], [365.7218933105469, 459.15560245513916], 0.7775357961654663, 0.9932730793952942], [[708.6116027832031, 624.2557382583618], [285.02099990844727, 461.05422019958496], 0.8898586630821228, 0.9685600399971008], [[796.3326263427734, 786.6353416442871], [383.81813049316406, 618.8212823867798], 0.5056538581848145, 0.9904730916023254], [[688.1205749511719, 786.6265869140625], [288.71673583984375, 622.5151348114014], 0.5557465553283691, 0.9817895889282227]]
7.2 [[[772.6354217529297, 122.1593427658081], [331.0960006713867, 49.041354060173035], 0.9998992085456848, 0.999981701374054], [[787.6997375488281, 107.19099640846252], [346.15440368652344, 36.57370626926422], 0.9998391270637512, 0.9999685883522034], [[754.1304016113281, 108.56216311454773], [321.62364959716797, 39.04085844755173], 0.9998869299888611, 0.999946653842926], [[802.7885437011719, 117.25037455558777], [362.3691940307617, 43.918753266334534], 0.9997331500053406, 0.9999780654907227], [[744.78271484375, 119.87947583198547], [316.7415428161621, 48.12060534954071], 0.9999406933784485, 0.9999205470085144], [[852.4037170410156, 223.1008243560791], [405.57979583740234, 127.50482439994812], 0.9997542500495911, 0.9999863505363464], [[703.6602020263672, 218.18126678466797], [280.2456283569336, 139.03204679489136], 0.9999238848686218, 0.999872088432312], [[884.6430969238281, 323.2240390777588], [434.3466567993164, 230.92894792556763], 0.9573155641555786, 0.9980934858322144], [[657.59521484375, 323.8656234741211], [256.732177734375, 226.87355518341064], 0.9911136627197266, 0.7457932233810425], [[842.2330474853516, 327.0895314216614], [359.5711898803711, 182.8098177909851], 0.9630603194236755, 0.9957612156867981], [[710.3861999511719, 411.35417461395264], [234.36891555786133, 268.60735416412354], 0.9472898840904236, 0.895680844783783], [[815.3443908691406, 462.26160049438477], [363.21441650390625, 315.63907384872437], 0.9948844313621521, 0.999714732170105], [[726.1911010742188, 456.4048147201538], [291.9704055786133, 317.4203824996948], 0.9968786239624023, 0.999624490737915], [[798.1301879882812, 626.8190717697144], [365.7691192626953, 459.06771183013916], 0.7756800651550293, 0.9932449460029602], [[708.1449127197266, 624.7078943252563], [285.0099182128906, 461.01151943206787], 0.8899099826812744, 0.9685953855514526], [[796.3356018066406, 787.7175807952881], [383.68663787841797, 618.4522533416748], 0.5049558877944946, 0.9904041290283203], [[687.0098876953125, 787.4174308776855], [288.7156105041504, 622.5635433197021], 0.5527732968330383, 0.9817194938659668]]
7.3 [[[789.6516418457031, 123.33710074424744], [331.0885238647461, 49.01491820812225], 0.9999004006385803, 0.9999819397926331], [[798.0648040771484, 108.51500988006592], [346.0616683959961, 36.544883251190186], 0.9998419880867004, 0.9999691247940063], [[769.5621490478516, 109.32416796684265], [321.57875061035156, 39.08720701932907], 0.9998883008956909, 0.9999476075172424], [[805.9980010986328, 117.27904200553894], [362.3448944091797, 43.98805618286133], 0.9997356534004211, 0.9999784827232361], [[747.5493621826172, 120.06702661514282], [316.68142318725586, 48.371949791908264], 0.9999421834945679, 0.9999220371246338], [[851.6852569580078, 222.7241563796997], [405.6922149658203, 127.57876753807068], 0.9997502565383911, 0.9999866485595703], [[703.6260986328125, 218.18603038787842], [280.699405670166, 139.32175755500793], 0.9999232888221741, 0.9998734593391418], [[882.5772094726562, 318.17228078842163], [434.54010009765625, 230.96437454223633], 0.9559988379478455, 0.998115062713623], [[657.6099395751953, 324.0078663825989], [256.983642578125, 226.8281078338623], 0.9910896420478821, 0.7466149926185608], [[842.3066711425781, 327.0870637893677], [359.8466110229492, 183.16393375396729], 0.9608561992645264, 0.9958070516586304], [[710.5184936523438, 411.94374561309814], [234.38711166381836, 268.59699010849], 0.9437354803085327, 0.8965306282043457], [[815.3041076660156, 462.25932598114014], [363.36891174316406, 315.55959463119507], 0.9948635101318359, 0.9997161030769348], [[726.1927795410156, 456.7713975906372], [292.2642135620117, 317.4056625366211], 0.9968650341033936, 0.9996263384819031], [[798.1674957275391, 627.1605920791626], [365.8221435546875, 458.95793437957764], 0.7692626714706421, 0.9931895732879639], [[708.1369781494141, 625.6304883956909], [285.03509521484375, 461.0105323791504], 0.8886359930038452, 0.9684306979179382], [[796.2799835205078, 788.9735412597656], [383.5911560058594, 618.3163404464722], 0.501727283000946, 0.9902867674827576], [[687.020263671875, 790.2022933959961], [288.7249183654785, 622.6460695266724], 0.5481022000312805, 0.981424868106842]]
7.4 [[[804.7734832763672, 126.27296090126038], [331.0606384277344, 49.013877511024475], 0.9998977184295654, 0.9999818801879883], [[809.0238952636719, 111.29613876342773], [345.9571075439453, 36.54033958911896], 0.9998397827148438, 0.9999691247940063], [[783.743896484375, 110.90050220489502], [321.5387725830078, 39.16018187999725], 0.999886155128479, 0.9999474287033081], [[808.0960083007812, 119.21054363250732], [362.2891616821289, 44.01610940694809], 0.9997326731681824, 0.9999785423278809], [[754.0837097167969, 120.19506454467773], [316.63257598876953, 48.61022114753723], 0.9999416470527649, 0.9999215602874756], [[849.9219512939453, 221.91773414611816], [405.77415466308594, 127.60470986366272], 0.9997434616088867, 0.9999867677688599], [[703.6431121826172, 218.05737018585205], [281.05220794677734, 139.74894762039185], 0.9999191164970398, 0.9998723268508911], [[881.2996673583984, 313.9705467224121], [434.70638275146484, 230.96733570098877], 0.9525226950645447, 0.9981241822242737], [[657.6197814941406, 323.8016152381897], [258.27632904052734, 227.50887393951416], 0.9911146759986877, 0.7438720464706421], [[842.5469207763672, 327.0262098312378], [360.2186965942383, 183.39327335357666], 0.9573173522949219, 0.9958189129829407], [[710.5661010742188, 412.23960399627686], [234.58314895629883, 268.97376537323], 0.9426536560058594, 0.8963667750358582], [[815.2928924560547, 461.92763328552246], [363.59214782714844, 315.5616760253906], 0.9948046207427979, 0.999714195728302], [[726.3443756103516, 456.80924892425537], [292.77124404907227, 317.5241732597351], 0.9967767000198364, 0.9996238946914673], [[798.3338928222656, 627.1584892272949], [365.8611297607422, 458.94853591918945], 0.7647498846054077, 0.9931678175926208], [[708.1671905517578, 625.7470035552979], [285.05802154541016, 461.28368854522705], 0.882788360118866, 0.9684514999389648], [[796.3840484619141, 789.5241451263428], [383.5742950439453, 618.1737756729126], 0.4944457411766052, 0.9902191758155823], [[686.9847869873047, 791.2050533294678], [288.7271499633789, 622.7270936965942], 0.5386857390403748, 0.9813365936279297]]
7.5 [[[813.2225036621094, 131.64353728294373], [331.02195739746094, 49.02277708053589], 0.999897301197052, 0.9999818801879883], [[815.7745361328125, 116.55269980430603], [345.81321716308594, 36.54506295919418], 0.9998398423194885, 0.9999692440032959], [[793.1080627441406, 115.25389909744263], [321.5219497680664, 39.27941143512726], 0.9998869895935059, 0.9999476075172424], [[809.7446441650391, 123.66212010383606], [362.18135833740234, 44.08342480659485], 0.9997323155403137, 0.9999787211418152], [[761.3343811035156, 122.60648846626282], [316.6158103942871, 48.872830867767334], 0.9999425411224365, 0.9999217391014099], [[848.2448577880859, 221.39719247817993], [405.7904815673828, 127.61546015739441], 0.9997411370277405, 0.9999868869781494], [[703.8136291503906, 217.8005862236023], [281.16785049438477, 139.94208812713623], 0.9999180436134338, 0.999871551990509], [[877.6896667480469, 312.42499351501465], [434.8130416870117, 230.82715272903442], 0.9490852355957031, 0.9981195330619812], [[657.596435546875, 323.6858296394348], [258.5984230041504, 227.55753993988037], 0.9912713766098022, 0.741756021976471], [[842.6359558105469, 326.8102812767029], [360.4648971557617, 183.43226194381714], 0.955694317817688, 0.995796799659729], [[710.8161163330078, 412.4305772781372], [234.69030380249023, 269.0091276168823], 0.9440473318099976, 0.895967423915863], [[815.2363586425781, 461.3847541809082], [363.9987564086914, 315.3716468811035], 0.9948552250862122, 0.9997148513793945], [[726.3439178466797, 456.744704246521], [293.01761627197266, 317.5160837173462], 0.9967877864837646, 0.999625027179718], [[798.3287048339844, 627.1446704864502], [365.92918395996094, 458.8583278656006], 0.7646939158439636, 0.993158757686615], [[708.2368469238281, 625.7890605926514], [285.04581451416016, 461.1741256713867], 0.8794142603874207, 0.9685489535331726], [[796.0216522216797, 789.488353729248], [383.5870361328125, 618.0528402328491], 0.49250704050064087, 0.9901654124259949], [[686.9956970214844, 791.6320610046387], [288.7331008911133, 622.7589797973633], 0.5356619954109192, 0.9812866449356079]]
7.6 [[[818.9211273193359, 135.01438736915588], [329.2580795288086, 49.02073860168457], 0.9998902678489685, 0.9999815225601196], [[820.3298950195312, 119.57972288131714], [343.94615173339844, 36.48133099079132], 0.9998295307159424, 0.9999688267707825], [[799.4535827636719, 118.16170334815979], [321.00109100341797, 39.31050896644592], 0.999882698059082, 0.9999468326568604], [[810.8370208740234, 125.84371089935303], [361.7579650878906, 44.209375977516174], 0.9997139573097229, 0.9999784827232361], [[767.0600891113281, 124.11252737045288], [316.6060447692871, 48.877074122428894], 0.9999412894248962, 0.9999205470085144], [[847.4943542480469, 221.22297763824463], [405.85025787353516, 127.52248406410217], 0.9997227787971497, 0.9999866485595703], [[704.095458984375, 217.39954233169556], [281.7104721069336, 139.8928964138031], 0.9999159574508667, 0.9998709559440613], [[875.0988006591797, 311.7496347427368], [434.8497772216797, 230.67933082580566], 0.9425868391990662, 0.9981096982955933], [[657.51953125, 323.5267639160156], [258.6637306213379, 227.1890902519226], 0.991418182849884, 0.7357878088951111], [[842.8120422363281, 326.9495630264282], [360.43601989746094, 183.1715726852417], 0.9512970447540283, 0.995747983455658], [[711.1891174316406, 412.76244163513184], [234.7639274597168, 268.9260220527649], 0.9454571604728699, 0.8937395811080933], [[815.1995849609375, 461.3191795349121], [364.2470169067383, 315.1428008079529], 0.9947405457496643, 0.9997122883796692], [[726.3072204589844, 456.8289041519165], [293.2852554321289, 317.267324924469], 0.996742308139801, 0.9996251463890076], [[798.3200836181641, 627.147331237793], [366.0741424560547, 458.8521909713745], 0.7665014863014221, 0.9931326508522034], [[708.2410430908203, 625.8860063552856], [285.0112533569336, 461.0010051727295], 0.8773136734962463, 0.9687553644180298], [[796.0234069824219, 789.349308013916], [383.65074157714844, 617.9747343063354], 0.4932956397533417, 0.9901007413864136], [[687.0133972167969, 792.7630519866943], [288.73836517333984, 622.7728843688965], 0.5363752841949463, 0.9812999367713928]]
7.7 [[[821.3253021240234, 137.03272819519043], [321.0672378540039, 49.023399353027344], 0.9998780488967896, 0.9999792575836182], [[821.6754913330078, 121.0822856426239], [334.08946990966797, 36.27379506826401], 0.999811053276062, 0.9999647736549377], [[802.2129058837891, 119.75653409957886], [316.1171340942383, 39.45452481508255], 0.999872624874115, 0.9999410510063171], [[811.0063934326172, 127.01260685920715], [357.6337432861328, 44.03165817260742], 0.9996832013130188, 0.9999749660491943], [[770.3562927246094, 125.33884406089783], [316.50564193725586, 48.84566009044647], 0.9999376535415649, 0.9999110102653503], [[847.0852661132812, 221.11759901046753], [406.1210250854492, 127.56537795066833], 0.9997048377990723, 0.9999845623970032], [[704.2516326904297, 217.12956190109253], [282.20327377319336, 139.88314390182495], 0.9999129772186279, 0.9998706579208374], [[874.5364379882812, 311.6038727760315], [434.8623275756836, 230.6803822517395], 0.9368788003921509, 0.9980883598327637], [[657.5048828125, 323.5776615142822], [258.65087509155273, 226.56008005142212], 0.99153733253479, 0.7295858860015869], [[843.0763244628906, 327.13881969451904], [359.6397399902344, 182.52138376235962], 0.9462893605232239, 0.995684027671814], [[711.8592071533203, 413.16919326782227], [234.72349166870117, 268.44202280044556], 0.9463911652565002, 0.8922849297523499], [[814.7821807861328, 461.3180208206177], [364.2701721191406, 315.2959656715393], 0.9945885539054871, 0.9996883869171143], [[725.8543395996094, 456.91100120544434], [293.29341888427734, 317.2900915145874], 0.9966501593589783, 0.999613881111145], [[797.8730010986328, 627.4496269226074], [366.1845397949219, 458.82579803466797], 0.7665941715240479, 0.9929138422012329], [[708.2403564453125, 626.0178852081299], [284.88561630249023, 460.55296897888184], 0.8733097314834595, 0.9684311747550964], [[794.5703887939453, 789.3743705749512], [383.72669219970703, 617.7326059341431], 0.4923675060272217, 0.9897926449775696], [[686.9508361816406, 793.383264541626], [288.7319564819336, 622.8598737716675], 0.5345097780227661, 0.9810765385627747]]
7.8 [[[822.6200866699219, 137.6002836227417], [316.47695541381836, 47.9163122177124], 0.9998644590377808, 0.9999769330024719], [[822.7490234375, 121.45464062690735], [329.6989059448242, 35.15782177448273], 0.9997903108596802, 0.999960720539093], [[803.7466430664062, 120.19107341766357], [313.1216049194336, 39.06333535909653], 0.9998590350151062, 0.9999363422393799], [[811.2239074707031, 127.58968949317932], [355.1865005493164, 43.31515163183212], 0.9996458888053894, 0.9999702572822571], [[772.4238586425781, 125.915207862854], [316.43054962158203, 48.612619042396545], 0.9999322295188904, 0.9999022483825684], [[846.7871856689453, 221.12465858459473], [406.1322021484375, 127.56277084350586], 0.9996865391731262, 0.9999814629554749], [[704.4613647460938, 216.88640356063843], [282.91637420654297, 139.75451588630676], 0.999908447265625, 0.9998691082000732], [[874.5565032958984, 311.88486099243164], [434.81483459472656, 230.68321466445923], 0.9323884844779968, 0.9979990124702454], [[657.5224304199219, 323.62074851989746], [255.77653884887695, 222.98353672027588], 0.9916528463363647, 0.72756427526474], [[843.2716369628906, 327.3098158836365], [359.55135345458984, 182.42121934890747], 0.9420745968818665, 0.995448648929596], [[712.2560119628906, 413.49878311157227], [234.73417282104492, 267.89931535720825], 0.9469408392906189, 0.8911706805229187], [[813.8906860351562, 461.3751411437988], [364.28741455078125, 315.0087547302246], 0.9943694472312927, 0.9996596574783325], [[725.1844787597656, 456.9404411315918], [293.29471588134766, 316.46023750305176], 0.9965141415596008, 0.9996020793914795], [[797.3433685302734, 627.7015399932861], [366.2262725830078, 458.42913150787354], 0.7646273374557495, 0.992573082447052], [[708.232421875, 626.1178779602051], [284.86568450927734, 460.19471168518066], 0.8690050840377808, 0.9672836065292358], [[792.7607727050781, 789.3420124053955], [383.73939514160156, 617.5301313400269], 0.4901984930038452, 0.9894208908081055], [[686.8476867675781, 793.9040851593018], [288.72034072875977, 623.1083965301514], 0.5315690636634827, 0.9805771112442017]]
7.9 [[[823.6250305175781, 137.7722132205963], [312.8904151916504, 47.06893801689148], 0.9998325705528259, 0.9999710321426392], [[823.7339782714844, 121.63928389549255], [326.65061950683594, 34.37475889921188], 0.9997422695159912, 0.9999507069587708], [[804.68994140625, 120.34403443336487], [311.20290756225586, 38.72702121734619], 0.9998264312744141, 0.9999213218688965], [[811.8312072753906, 127.93420314788818], [352.51014709472656, 42.792968451976776], 0.9995578527450562, 0.999960720539093], [[773.5420227050781, 126.18743062019348], [316.4118957519531, 48.52089822292328], 0.9999189376831055, 0.9998739957809448], [[846.9511413574219, 221.4693546295166], [406.13677978515625, 127.05989956855774], 0.9996511936187744, 0.9999774694442749], [[705.0238800048828, 216.84823036193848], [283.91357421875, 138.82937908172607], 0.9999017715454102, 0.9998577833175659], [[874.5761871337891, 312.634334564209], [434.63523864746094, 230.76340198516846], 0.9249072074890137, 0.9978718161582947], [[657.8453063964844, 323.9542865753174], [255.8873176574707, 221.80810689926147], 0.9916505217552185, 0.71275794506073], [[843.8143157958984, 331.41552686691284], [359.5594024658203, 182.27603673934937], 0.9332908987998962, 0.9950757026672363], [[712.7321624755859, 414.0712308883667], [235.32756805419922, 267.2969341278076], 0.9457380175590515, 0.8839350342750549], [[813.8648223876953, 461.5675735473633], [364.28611755371094, 314.9174737930298], 0.9939591288566589, 0.9996252655982971], [[725.1466369628906, 457.19454288482666], [293.23083877563477, 316.09466314315796], 0.9962578415870667, 0.9995832443237305], [[797.1095275878906, 628.0565357208252], [366.4497375488281, 458.3271646499634], 0.7583003044128418, 0.9923011064529419], [[708.2088470458984, 626.5685319900513], [284.830265045166, 459.8339653015137], 0.862750232219696, 0.9666268229484558], [[791.7359924316406, 789.4252681732178], [383.68621826171875, 617.5564384460449], 0.4837499260902405, 0.9890680909156799], [[686.8534088134766, 794.2281818389893], [288.58896255493164, 623.4305620193481], 0.5234746336936951, 0.9802626967430115]]
8.0 [[[825.4105377197266, 138.39664220809937], [310.1609230041504, 47.080278396606445], 0.999776303768158, 0.9999659061431885], [[824.7774505615234, 122.1309757232666], [324.42970275878906, 34.28810477256775], 0.9996599555015564, 0.9999421834945679], [[806.6655731201172, 121.058349609375], [309.410457611084, 38.7245187163353], 0.9997768998146057, 0.9999094605445862], [[812.1571350097656, 128.25623989105225], [350.41282653808594, 42.69441604614258], 0.9994051456451416, 0.9999521970748901], [[775.6071472167969, 126.79433941841125], [316.27267837524414, 48.35302412509918], 0.9999005198478699, 0.9998542070388794], [[847.3826599121094, 221.67736530303955], [405.7981872558594, 126.19165778160095], 0.999579131603241, 0.9999735355377197], [[706.1198425292969, 216.81962728500366], [284.7544479370117, 137.76663422584534], 0.9998944401741028, 0.9998530149459839], [[873.6872863769531, 313.4657335281372], [434.21775817871094, 230.5497694015503], 0.9100790023803711, 0.9977625012397766], [[657.8515625, 323.9575266838074], [254.8247528076172, 220.02559661865234], 0.9917387366294861, 0.7047773599624634], [[844.44091796875, 335.19954442977905], [359.10606384277344, 182.2195816040039], 0.9183467626571655, 0.9946794509887695], [[712.9462432861328, 414.21310901641846], [236.29505157470703, 262.9770541191101], 0.9451996088027954, 0.8804137706756592], [[813.8698577880859, 462.37167835235596], [364.26273345947266, 314.72182273864746], 0.9932826161384583, 0.9995980262756348], [[725.1057434082031, 457.79162406921387], [293.23665618896484, 315.85485219955444], 0.9959002733230591, 0.9995698928833008], [[796.9734191894531, 628.4545755386353], [366.4671325683594, 458.15481662750244], 0.7517595291137695, 0.9921426177024841], [[708.255615234375, 627.0955324172974], [284.7867965698242, 459.74860668182373], 0.8572341799736023, 0.965544581413269], [[791.4534759521484, 790.367603302002], [383.6245346069336, 617.5509023666382], 0.4775295853614807, 0.9890083074569702], [[687.2048187255859, 795.1880264282227], [288.50805282592773, 623.5033464431763], 0.517025351524353, 0.9799134731292725]]
8.1 [[[826.5985870361328, 139.81738686561584], [308.1143569946289, 47.37882435321808], 0.9997084140777588, 0.9999605417251587], [[825.7635498046875, 123.2747232913971], [322.5194549560547, 34.3231800198555], 0.9995584487915039, 0.9999332427978516], [[808.0991363525391, 122.35442519187927], [308.104190826416, 38.933307230472565], 0.9997179508209229, 0.9998956918716431], [[812.4477386474609, 128.86895298957825], [348.2229232788086, 42.64573663473129], 0.9992173314094543, 0.999944806098938], [[776.7747497558594, 127.62293815612793], [316.2117004394531, 48.32843363285065], 0.9998804926872253, 0.9998315572738647], [[847.4873352050781, 221.84932708740234], [405.3120422363281, 125.2236270904541], 0.9994954466819763, 0.9999701380729675], [[707.5095367431641, 216.6671919822693], [286.1842918395996, 136.2054169178009], 0.9998865127563477, 0.9998477697372437], [[872.1117401123047, 313.6724781990051], [434.06185150146484, 229.94065046310425], 0.8910266160964966, 0.9976971745491028], [[657.9352569580078, 323.92287254333496], [255.14739990234375, 218.70577812194824], 0.9918612241744995, 0.6894019842147827], [[844.79248046875, 335.9046220779419], [358.6956787109375, 182.2222638130188], 0.9011366963386536, 0.9943696856498718], [[713.1788635253906, 414.1529846191406], [238.36456298828125, 259.24299001693726], 0.9447311758995056, 0.8741443753242493], [[813.9215850830078, 463.4688949584961], [364.1891098022461, 314.5914673805237], 0.9924914240837097, 0.9995654821395874], [[725.3512573242188, 459.2040967941284], [293.26562881469727, 315.5039978027344], 0.9954821467399597, 0.9995539784431458], [[797.0394134521484, 628.8869476318359], [366.48536682128906, 458.17309856414795], 0.7456117272377014, 0.9921093583106995], [[708.3296203613281, 628.4488677978516], [284.754695892334, 459.6772813796997], 0.851408839225769, 0.9654589295387268], [[791.5263366699219, 791.8017482757568], [383.6351776123047, 617.5466966629028], 0.47044169902801514, 0.9890956878662109], [[688.2060241699219, 796.116886138916], [288.50536346435547, 623.509783744812], 0.5100897550582886, 0.9800877571105957]]
8.2 [[[828.3401489257812, 140.45392870903015], [307.2726821899414, 47.551199197769165], 0.9996091723442078, 0.999954342842102], [[826.7538452148438, 123.90422701835632], [321.5163803100586, 34.42137837409973], 0.9994223117828369, 0.9999226331710815], [[809.8745727539062, 122.8260326385498], [307.9385757446289, 39.041563868522644], 0.9996399879455566, 0.9998804330825806], [[812.6549530029297, 129.02419924736023], [347.0269012451172, 42.667639553546906], 0.9989635944366455, 0.9999352097511292], [[778.3296203613281, 127.77389287948608], [316.31458282470703, 48.24518322944641], 0.9998560547828674, 0.9998049736022949], [[848.0851745605469, 222.2558856010437], [404.913330078125, 124.78050470352173], 0.999408483505249, 0.9999657869338989], [[709.0283203125, 216.6636300086975], [286.573429107666, 135.1729702949524], 0.9998786449432373, 0.9998406767845154], [[870.7003021240234, 314.1156005859375], [434.0276336669922, 228.58040571212769], 0.8649992942810059, 0.9976557493209839], [[657.9639434814453, 323.71936798095703], [255.26294708251953, 218.07899951934814], 0.991992175579071, 0.6792596578598022], [[846.5921020507812, 338.953800201416], [357.72705078125, 182.13990926742554], 0.8797584176063538, 0.9940972328186035], [[714.3574523925781, 413.40818881988525], [239.18828964233398, 257.09067821502686], 0.9447736740112305, 0.8699281811714172], [[815.0127410888672, 464.5100212097168], [364.20997619628906, 314.54805850982666], 0.9914982914924622, 0.9995288252830505], [[726.4971923828125, 460.5772590637207], [293.41665267944336, 315.42986154556274], 0.9948970675468445, 0.9995362162590027], [[797.7758026123047, 630.4124164581299], [366.5312957763672, 458.1887197494507], 0.7372252345085144, 0.9921229481697083], [[709.3818664550781, 628.9733362197876], [284.73134994506836, 459.5906352996826], 0.8431365489959717, 0.9651234745979309], [[792.1208953857422, 794.4729709625244], [383.9019012451172, 617.5426626205444], 0.46114277839660645, 0.9892662167549133], [[691.5936279296875, 797.1400737762451], [288.5451126098633, 623.5121440887451], 0.4993867576122284, 0.9802495837211609]]
8.3 [[[831.2230682373047, 140.76341271400452], [307.2086524963379, 47.55972862243652], 0.9995489120483398, 0.9999530911445618], [[828.5849761962891, 124.63604092597961], [321.12220764160156, 34.43362534046173], 0.9993368983268738, 0.9999203085899353], [[812.8778839111328, 123.14755439758301], [307.9226303100586, 39.06059950590134], 0.9995888471603394, 0.9998772740364075], [[812.8472137451172, 129.38793897628784], [346.20277404785156, 42.656532526016235], 0.9988104701042175, 0.9999330639839172], [[780.3291320800781, 127.88676023483276], [316.3604164123535, 48.23030233383179], 0.9998385310173035, 0.9997982978820801], [[848.3969879150391, 222.27446794509888], [404.47887420654297, 124.2322289943695], 0.9993696212768555, 0.9999644756317139], [[711.2911224365234, 216.58316373825073], [287.01040267944336, 134.59991097450256], 0.9998703598976135, 0.9998381733894348], [[870.9130096435547, 314.543080329895], [434.1929244995117, 227.0533275604248], 0.8550856709480286, 0.9976940155029297], [[660.0410461425781, 323.72082710266113], [255.01150131225586, 215.6704616546631], 0.9920969009399414, 0.6720690727233887], [[847.7601623535156, 338.47314834594727], [357.00408935546875, 182.05751180648804], 0.8730431199073792, 0.9940852522850037], [[718.6711883544922, 413.40213775634766], [239.12240982055664, 255.30728816986084], 0.9448930025100708, 0.8650792241096497], [[816.4957427978516, 465.70186614990234], [364.23118591308594, 314.38592433929443], 0.9909169673919678, 0.9995140433311462], [[728.8596343994141, 461.80579662323], [293.5887145996094, 315.344181060791], 0.9945546388626099, 0.9995323419570923], [[798.2833862304688, 631.308274269104], [366.5607452392578, 458.1821537017822], 0.7331176400184631, 0.9922294616699219], [[709.5507049560547, 630.0869035720825], [284.6449661254883, 459.39794540405273], 0.8371380567550659, 0.9648963212966919], [[792.1394348144531, 794.8764610290527], [384.26929473876953, 617.5174713134766], 0.4534728229045868, 0.9895199537277222], [[691.6478729248047, 798.6041736602783], [288.66830825805664, 623.5345458984375], 0.49038228392601013, 0.980502724647522]]
8.4 [[[836.3581848144531, 141.11053347587585], [306.61386489868164, 47.54632830619812], 0.9995648860931396, 0.9999474287033081], [[834.3745422363281, 125.27973890304565], [319.74390029907227, 34.4469478726387], 0.9993616938591003, 0.9999116063117981], [[819.0550994873047, 123.49151015281677], [307.22034454345703, 39.0664279460907], 0.999605119228363, 0.999862790107727], [[816.3768768310547, 129.66320872306824], [344.44175720214844, 42.6057368516922], 0.998866617679596, 0.9999265074729919], [[785.8045196533203, 127.8670084476471], [316.12613677978516, 48.226107358932495], 0.9998458623886108, 0.9997711181640625], [[849.0922546386719, 222.37937450408936], [404.07238006591797, 123.20949196815491], 0.9993907809257507, 0.9999622106552124], [[713.9701843261719, 216.37935876846313], [286.5939712524414, 134.44732546806335], 0.9998741745948792, 0.9998230934143066], [[870.5205535888672, 314.5899438858032], [434.15184020996094, 225.8538007736206], 0.8424909114837646, 0.9976750016212463], [[665.850830078125, 323.7145400047302], [255.05271911621094, 215.73665857315063], 0.9924050569534302, 0.6523982882499695], [[851.8419647216797, 337.37114667892456], [356.14906311035156, 181.26900672912598], 0.8750454187393188, 0.9939825534820557], [[723.5874938964844, 413.4032106399536], [238.99730682373047, 255.81154346466064], 0.9479175806045532, 0.8531550168991089], [[817.7153778076172, 468.08177947998047], [364.75711822509766, 314.3780493736267], 0.9910416603088379, 0.9994850158691406], [[732.9998779296875, 464.40337657928467], [293.7030601501465, 315.3517985343933], 0.9945476055145264, 0.9995205402374268], [[801.1105346679688, 631.2803363800049], [367.08396911621094, 458.3764314651489], 0.7307605147361755, 0.9923757314682007], [[712.1077728271484, 633.2136726379395], [284.64746475219727, 459.3446445465088], 0.8320923447608948, 0.9656961560249329], [[793.0896759033203, 793.9128398895264], [384.38106536865234, 617.0993041992188], 0.4426184296607971, 0.989780068397522], [[691.5708923339844, 798.630952835083], [288.8577651977539, 623.5161781311035], 0.4778909385204315, 0.9811866879463196]]
8.5 [[[844.2349243164062, 140.94125390052795], [304.60601806640625, 47.084253430366516], 0.9995663166046143, 0.9999372959136963], [[842.0661926269531, 125.1337194442749], [318.3416748046875, 34.41246539354324], 0.9993767142295837, 0.9998966455459595], [[827.5862121582031, 123.58411073684692], [305.90417861938477, 38.66771221160889], 0.999610960483551, 0.9998377561569214], [[824.8184204101562, 129.61697816848755], [343.33518981933594, 42.62291640043259], 0.9989137053489685, 0.9999146461486816], [[795.1048278808594, 127.85195589065552], [315.69568634033203, 48.095993399620056], 0.9998493790626526, 0.9997200965881348], [[853.0536651611328, 222.39604711532593], [403.46683502197266, 122.30952501296997], 0.99941486120224, 0.9999582767486572], [[720.6481170654297, 216.16023302078247], [286.07715606689453, 134.5073103904724], 0.9998739361763, 0.9997907280921936], [[869.0467834472656, 316.3478422164917], [433.9540481567383, 225.0351047515869], 0.8274517059326172, 0.9975627660751343], [[675.1695251464844, 324.27462816238403], [256.4554977416992, 216.20417833328247], 0.9926009774208069, 0.6235325336456299], [[855.8817291259766, 337.08874225616455], [355.3323745727539, 180.87785482406616], 0.8784571886062622, 0.9935129284858704], [[732.0645141601562, 413.2987976074219], [239.02721405029297, 256.2218999862671], 0.9510099291801453, 0.8324834108352661], [[823.653564453125, 471.2641668319702], [365.65826416015625, 314.21634435653687], 0.9910972118377686, 0.9994668364524841], [[740.1718139648438, 467.2727394104004], [293.7941360473633, 315.3531503677368], 0.9944192171096802, 0.9995056390762329], [[806.3124084472656, 631.4461183547974], [367.32295989990234, 458.36076736450195], 0.7364639639854431, 0.992516279220581], [[715.4103088378906, 635.0584745407104], [284.6433639526367, 458.9640283584595], 0.8291517496109009, 0.9661438465118408], [[798.4200286865234, 795.9401607513428], [384.4770812988281, 617.1023511886597], 0.440780371427536, 0.990074872970581], [[691.5088653564453, 801.2942790985107], [288.9424705505371, 623.3596229553223], 0.4713079333305359, 0.9817476272583008]]
8.6 [[[854.0467071533203, 141.21476411819458], [302.16747283935547, 46.77787005901337], 0.9995219111442566, 0.9999300837516785], [[852.4705505371094, 125.79982995986938], [316.02569580078125, 34.40913408994675], 0.9993308186531067, 0.9998860359191895], [[837.3833465576172, 124.38388109207153], [304.69324111938477, 38.21762144565582], 0.9995896816253662, 0.9998210668563843], [[837.7567291259766, 130.38931488990784], [340.54195404052734, 42.642810344696045], 0.9988565444946289, 0.9999057650566101], [[806.1799621582031, 128.26786994934082], [315.5692672729492, 47.790178656578064], 0.9998459815979004, 0.9996885657310486], [[858.7452697753906, 224.10201787948608], [403.27415466308594, 121.92139863967896], 0.9993748664855957, 0.999954879283905], [[728.568115234375, 215.98947286605835], [286.0256004333496, 134.0645956993103], 0.9998747110366821, 0.9997722506523132], [[869.1992950439453, 320.7190489768982], [433.8333511352539, 224.8479723930359], 0.7969115972518921, 0.9974274039268494], [[685.5213928222656, 326.2947177886963], [256.56551361083984, 216.48194789886475], 0.9928997159004211, 0.6038612723350525], [[864.8800659179688, 337.64981746673584], [355.3955841064453, 181.43858671188354], 0.8697177767753601, 0.9929798245429993], [[742.9310607910156, 414.4031810760498], [240.56428909301758, 253.90633821487427], 0.9540969133377075, 0.8209890127182007], [[828.3872985839844, 475.42691230773926], [366.43402099609375, 313.78920793533325], 0.9908484816551208, 0.9994485974311829], [[745.0706481933594, 469.4052028656006], [294.01981353759766, 315.27652502059937], 0.9941940903663635, 0.9994947910308838], [[812.1311950683594, 633.8150453567505], [367.45872497558594, 458.3578062057495], 0.7411152124404907, 0.992672324180603], [[717.9731750488281, 636.613941192627], [284.70178604125977, 458.6986827850342], 0.8276076316833496, 0.9659537076950073], [[801.6743469238281, 798.0545997619629], [385.34717559814453, 617.7564239501953], 0.4379214644432068, 0.9903379082679749], [[691.9703674316406, 801.1021900177002], [288.99730682373047, 623.2467126846313], 0.462322473526001, 0.9819324612617493]]
8.7 [[[861.5292358398438, 143.49427700042725], [299.46361541748047, 46.75808072090149], 0.9994598031044006, 0.9999244213104248], [[860.8171081542969, 128.59118342399597], [313.37717056274414, 34.49538856744766], 0.9992574453353882, 0.9998781681060791], [[845.3797912597656, 126.9164764881134], [302.8382873535156, 38.10396283864975], 0.9995484948158264, 0.9998086094856262], [[847.5209045410156, 133.5610055923462], [338.0417251586914, 42.80017822980881], 0.9987466335296631, 0.9998998641967773], [[814.58740234375, 130.3336536884308], [315.19906997680664, 47.71142363548279], 0.9998303055763245, 0.999669075012207], [[867.5730895996094, 225.7243251800537], [402.58262634277344, 121.13085508346558], 0.9993468523025513, 0.9999531507492065], [[734.4237518310547, 215.98601818084717], [285.98852157592773, 134.02745246887207], 0.9998751878738403, 0.9997636675834656], [[878.3201599121094, 321.17526054382324], [433.7151336669922, 224.58067417144775], 0.7789233326911926, 0.9973914623260498], [[695.80810546875, 327.29947328567505], [256.6331481933594, 216.66244983673096], 0.993120551109314, 0.587455689907074], [[873.5221862792969, 337.5968384742737], [355.4216766357422, 181.48173809051514], 0.8673732876777649, 0.9926265478134155], [[755.8931732177734, 416.30656242370605], [240.55583953857422, 254.34388160705566], 0.9566672444343567, 0.8120076060295105], [[834.5874786376953, 476.46859645843506], [366.9887161254883, 313.12172412872314], 0.9904141426086426, 0.9994264245033264], [[752.6543426513672, 470.2503776550293], [294.35495376586914, 315.10645151138306], 0.9939234852790833, 0.9994871020317078], [[816.6019439697266, 634.031081199646], [367.5910186767578, 458.2138252258301], 0.7367888689041138, 0.9928638339042664], [[723.2841491699219, 636.7151355743408], [284.8311996459961, 457.9219150543213], 0.8279669284820557, 0.9659324288368225], [[801.2682342529297, 796.0391235351562], [386.92176818847656, 617.9686832427979], 0.43036916851997375, 0.9906558394432068], [[694.6433258056641, 800.9707832336426], [289.0938377380371, 623.0639791488647], 0.4561883211135864, 0.9822692275047302]]
8.8 [[[872.8750610351562, 144.03180241584778], [298.5385513305664, 46.28223538398743], 0.9993957281112671, 0.9999147653579712], [[871.3225555419922, 129.37379837036133], [312.4358558654785, 34.49134111404419], 0.9991403818130493, 0.9998629093170166], [[856.6110229492188, 127.50443816184998], [301.92127227783203, 37.74748653173447], 0.9994942545890808, 0.9997859597206116], [[857.7577209472656, 134.6557652950287], [336.5547561645508, 42.918723821640015], 0.9985474944114685, 0.9998877644538879], [[824.8269653320312, 131.17224097251892], [314.6681594848633, 47.635087966918945], 0.9998101592063904, 0.9996317625045776], [[876.4606475830078, 225.76181173324585], [402.0287322998047, 120.77099919319153], 0.9992937445640564, 0.9999513030052185], [[743.9089965820312, 215.90317010879517], [285.29489517211914, 134.09820914268494], 0.9998790621757507, 0.9997511506080627], [[888.4844207763672, 321.353702545166], [433.49544525146484, 224.3769121170044], 0.7564211487770081, 0.9973316788673401], [[711.4810180664062, 330.1248264312744], [257.23155975341797, 218.73356580734253], 0.9934081435203552, 0.5691872239112854], [[881.9169616699219, 336.0889005661011], [355.45753479003906, 181.4843773841858], 0.8549314737319946, 0.992273211479187], [[767.779541015625, 418.59922885894775], [240.13925552368164, 257.34651803970337], 0.9592819213867188, 0.802565336227417], [[840.8326721191406, 476.0022783279419], [367.5745391845703, 312.27532625198364], 0.9901399612426758, 0.9993975758552551], [[761.4297485351562, 469.59630489349365], [294.9085998535156, 314.9698734283447], 0.9938317537307739, 0.9994755983352661], [[823.9316558837891, 632.4412393569946], [367.7852249145508, 457.6295328140259], 0.7428362369537354, 0.9930016994476318], [[728.7770080566406, 636.5195274353027], [285.12866973876953, 457.9510974884033], 0.8342719078063965, 0.9656517505645752], [[800.7837677001953, 787.5726127624512], [387.4239730834961, 617.7788257598877], 0.4340951442718506, 0.9908550977706909], [[699.1217803955078, 791.3083076477051], [289.2154312133789, 622.9763889312744], 0.4651973843574524, 0.9824942946434021]]
8.9 [[[880.4804992675781, 145.5087125301361], [299.68210220336914, 46.10910415649414], 0.9993595480918884, 0.9999089241027832], [[880.0387573242188, 130.605286359787], [313.42931747436523, 34.493065774440765], 0.999055802822113, 0.9998525977134705], [[864.4137573242188, 128.65156531333923], [302.1135902404785, 37.72696226835251], 0.9994565844535828, 0.9997695088386536], [[867.8153991699219, 135.64353704452515], [337.6105499267578, 42.99552083015442], 0.9984000325202942, 0.9998802542686462], [[832.4664306640625, 131.88623428344727], [313.57107162475586, 47.62981474399567], 0.9997919201850891, 0.9995998740196228], [[887.5547790527344, 226.18991374969482], [401.1524200439453, 120.66083550453186], 0.9992516040802002, 0.9999503493309021], [[750.7549285888672, 216.13757371902466], [283.8926315307617, 134.28112506866455], 0.9998801946640015, 0.9997338056564331], [[901.5281677246094, 321.31216049194336], [432.8922653198242, 223.68561029434204], 0.7430173754692078, 0.9973143339157104], [[727.1819305419922, 335.7026410102844], [257.30899810791016, 220.01877307891846], 0.9934059381484985, 0.5544740557670593], [[893.5015869140625, 335.8979272842407], [355.47752380371094, 181.49780988693237], 0.8446760773658752, 0.9922031164169312], [[778.6544799804688, 421.7996406555176], [240.0605010986328, 258.073353767395], 0.9606421589851379, 0.7942102551460266], [[852.9395294189453, 475.44429302215576], [367.5616455078125, 312.23050117492676], 0.9897253513336182, 0.9993765950202942], [[771.0673522949219, 469.30126190185547], [295.0010299682617, 315.0539016723633], 0.9937024712562561, 0.9994664192199707], [[834.5295715332031, 632.3617601394653], [367.7941131591797, 457.3878335952759], 0.7522941827774048, 0.9932213425636292], [[735.2186584472656, 636.5327882766724], [285.2177429199219, 458.46985816955566], 0.8407334685325623, 0.9665811657905579], [[804.3811798095703, 775.794153213501], [387.39524841308594, 615.8770751953125], 0.44079601764678955, 0.9910863041877747], [[706.3956451416016, 786.4751815795898], [289.2197036743164, 622.8395318984985], 0.47659704089164734, 0.9830902218818665]]
9.0 [[[887.6133728027344, 147.93758153915405], [301.0304641723633, 45.33209502696991], 0.9993938207626343, 0.9999012351036072], [[888.3161926269531, 132.80192971229553], [313.502140045166, 34.12458389997482], 0.999102771282196, 0.9998416900634766], [[870.8791351318359, 130.72885036468506], [302.41451263427734, 37.72341102361679], 0.9994837045669556, 0.999748706817627], [[877.9864501953125, 137.88641095161438], [338.02745819091797, 42.8274804353714], 0.998470664024353, 0.999871551990509], [[839.7830200195312, 133.73061776161194], [311.8605613708496, 47.82573938369751], 0.9997979402542114, 0.9995540976524353], [[899.2451477050781, 227.51213550567627], [401.1762237548828, 120.73031544685364], 0.9992757439613342, 0.9999483227729797], [[759.6678924560547, 217.1340250968933], [282.68314361572266, 134.92010235786438], 0.9998834729194641, 0.9996978640556335], [[911.2929534912109, 321.2213730812073], [432.70694732666016, 223.62022876739502], 0.7449089288711548, 0.9972004890441895], [[738.9981079101562, 338.08993577957153], [258.06976318359375, 222.50393629074097], 0.9935327172279358, 0.5382720828056335], [[905.6265258789062, 336.86418771743774], [355.49869537353516, 181.38251781463623], 0.8490637540817261, 0.9919078350067139], [[787.4452209472656, 424.8189926147461], [239.42590713500977, 263.5346746444702], 0.9623314142227173, 0.7797682285308838], [[859.6600341796875, 475.09865283966064], [367.5501251220703, 312.3382616043091], 0.9898704290390015, 0.9993607997894287], [[779.378662109375, 469.1119623184204], [294.93648529052734, 315.344181060791], 0.993848443031311, 0.9994397759437561], [[841.1100006103516, 632.0015287399292], [367.56553649902344, 456.2661123275757], 0.7569473385810852, 0.9932441115379333], [[747.6436614990234, 636.5041637420654], [285.22705078125, 458.5017442703247], 0.848691999912262, 0.966163694858551], [[805.7561492919922, 770.2524948120117], [387.5969696044922, 615.8004713058472], 0.44840624928474426, 0.9910240173339844], [[712.8871154785156, 786.7078685760498], [289.18914794921875, 622.8285455703735], 0.49302491545677185, 0.9830135107040405]]
9.1 [[[893.5458374023438, 149.14953231811523], [302.8216552734375, 43.84871542453766], 0.9994338154792786, 0.9999011754989624], [[895.2040100097656, 134.36492800712585], [313.99648666381836, 33.29145759344101], 0.9991570711135864, 0.9998418092727661], [[877.2699737548828, 131.72788739204407], [302.6450729370117, 37.56821036338806], 0.9995144009590149, 0.9997474551200867], [[887.5939178466797, 140.07307648658752], [338.10359954833984, 42.30480641126633], 0.998553991317749, 0.9998713135719299], [[846.9187164306641, 134.85525727272034], [309.66808319091797, 48.178664445877075], 0.9998059272766113, 0.9995458722114563], [[909.08203125, 229.21164751052856], [401.2061309814453, 120.84845066070557], 0.9993169903755188, 0.9999480247497559], [[769.6800231933594, 218.77980709075928], [281.8880271911621, 135.4734206199646], 0.999890148639679, 0.9996768832206726], [[922.9025268554688, 322.66613960266113], [432.6448440551758, 223.56435298919678], 0.7513622641563416, 0.9971347451210022], [[746.6984558105469, 342.630615234375], [258.111572265625, 223.18264245986938], 0.9937723278999329, 0.5277314186096191], [[911.7276000976562, 339.03274297714233], [355.51544189453125, 181.33277893066406], 0.8562248945236206, 0.9917727112770081], [[794.5204162597656, 429.5723819732666], [238.42357635498047, 266.03421449661255], 0.9642161726951599, 0.7691224813461304], [[871.1104583740234, 475.02097606658936], [367.34336853027344, 312.4283838272095], 0.9900732636451721, 0.999359667301178], [[795.0336456298828, 468.8582468032837], [294.57101821899414, 315.54622650146484], 0.9940834045410156, 0.9994243383407593], [[845.6083679199219, 628.4178400039673], [367.28504180908203, 456.03771686553955], 0.7605993151664734, 0.9932853579521179], [[768.2858276367188, 636.363959312439], [285.2534484863281, 458.50281715393066], 0.858076274394989, 0.9660329818725586], [[809.8928070068359, 766.1824893951416], [387.6555633544922, 615.8105993270874], 0.4571512043476105, 0.9909984469413757], [[726.8015289306641, 785.502119064331], [289.15637969970703, 622.8398323059082], 0.5137021541595459, 0.9829535484313965]]
9.2 [[[892.6057434082031, 149.3974757194519], [304.71466064453125, 43.80872368812561], 0.9994783997535706, 0.9998984336853027], [[898.2312774658203, 135.21879315376282], [315.8493995666504, 33.14233481884003], 0.9992201924324036, 0.9998379945755005], [[875.5666351318359, 132.1303904056549], [302.9783058166504, 37.585974633693695], 0.9995473027229309, 0.9997396469116211], [[895.6279754638672, 142.44147777557373], [339.39563751220703, 42.06890881061554], 0.9986564517021179, 0.9998689889907837], [[850.0255584716797, 136.39439463615417], [309.8240280151367, 48.28816294670105], 0.9998139142990112, 0.9995267391204834], [[916.7173767089844, 233.9341378211975], [401.3487243652344, 121.05516314506531], 0.9993667602539062, 0.9999473690986633], [[776.8452453613281, 218.74156951904297], [281.9150733947754, 135.49070477485657], 0.9998964667320251, 0.999657928943634], [[932.5441741943359, 326.58881664276123], [432.7564239501953, 223.36320877075195], 0.7654510736465454, 0.9970927238464355], [[747.3664855957031, 339.43756341934204], [258.492431640625, 223.12384843826294], 0.9938905239105225, 0.5187639594078064], [[917.8177642822266, 343.7019109725952], [355.5297088623047, 181.3286590576172], 0.8674874901771545, 0.9916480779647827], [[791.1640930175781, 428.6125373840332], [238.41901779174805, 266.48858070373535], 0.9662817120552063, 0.7614332437515259], [[874.990234375, 472.1523857116699], [367.2679138183594, 312.4867916107178], 0.9902066588401794, 0.9993507266044617], [[798.5246276855469, 462.7921199798584], [294.55480575561523, 315.5629849433899], 0.994259238243103, 0.9994008541107178], [[846.0884094238281, 628.4519147872925], [367.00923919677734, 455.9018039703369], 0.7484095692634583, 0.9933523535728455], [[788.3357238769531, 636.2581300735474], [285.3646469116211, 458.5614824295044], 0.8631623983383179, 0.966041624546051], [[809.0798187255859, 744.9137306213379], [387.69908905029297, 615.8257913589478], 0.4444682002067566, 0.99100661277771], [[751.0369110107422, 788.7519264221191], [289.08641815185547, 622.8491878509521], 0.5248638987541199, 0.9829505681991577]]
9.3 [[[893.6610412597656, 149.81811046600342], [309.5077133178711, 43.92907440662384], 0.9995181560516357, 0.9999021887779236], [[901.3224792480469, 135.76963305473328], [321.7278289794922, 33.109051287174225], 0.9992775917053223, 0.999844491481781], [[877.3966217041016, 132.63425946235657], [304.4926071166992, 37.907466888427734], 0.9995757341384888, 0.9997484683990479], [[900.7631683349609, 143.9057171344757], [344.62989807128906, 41.98027789592743], 0.9987496733665466, 0.9998750686645508], [[854.6433258056641, 138.37934732437134], [309.9122619628906, 48.440587520599365], 0.9998214244842529, 0.9995422959327698], [[920.1463317871094, 236.85437679290771], [401.5073013305664, 121.48520708084106], 0.9994140863418579, 0.9999492168426514], [[783.3543395996094, 218.70496273040771], [281.9736099243164, 135.76475143432617], 0.9999029040336609, 0.9996612668037415], [[933.3858489990234, 330.5932903289795], [432.7510070800781, 223.38033199310303], 0.7764872312545776, 0.9971103072166443], [[749.4950866699219, 333.51202726364136], [258.6090660095215, 224.2041778564453], 0.9940236210823059, 0.5155850648880005], [[916.9203186035156, 343.273229598999], [355.07007598876953, 180.71514129638672], 0.8777055740356445, 0.99176424741745], [[790.3774261474609, 427.8500175476074], [238.39282989501953, 268.130521774292], 0.9680644273757935, 0.757460355758667], [[876.2528991699219, 469.80895042419434], [367.25624084472656, 312.91289806365967], 0.9902989268302917, 0.9993661046028137], [[801.0653686523438, 460.2775812149048], [294.55577850341797, 315.66452264785767], 0.994376540184021, 0.9993972182273865], [[849.3421936035156, 628.5059022903442], [366.72985076904297, 455.7243490219116], 0.7250372767448425, 0.9933834671974182], [[796.4619445800781, 635.954761505127], [285.4501724243164, 458.6867952346802], 0.8646963238716125, 0.9661474823951721], [[808.3695983886719, 756.7491817474365], [387.69412994384766, 615.8294820785522], 0.4225001037120819, 0.9909883737564087], [[761.0426330566406, 799.1643047332764], [289.07012939453125, 622.8881978988647], 0.525118350982666, 0.9829519987106323]]
9.4 [[[894.9241638183594, 149.62287783622742], [317.49197006225586, 43.9655926823616], 0.9995439648628235, 0.9999086856842041], [[905.7786560058594, 135.5746042728424], [330.52085876464844, 33.09994786977768], 0.999312698841095, 0.9998550415039062], [[879.1635131835938, 132.45757699012756], [309.84405517578125, 37.848906219005585], 0.9995851516723633, 0.9997644424438477], [[909.2182922363281, 144.18052554130554], [351.2005615234375, 41.986629366874695], 0.9987941980361938, 0.9998842477798462], [[859.3138122558594, 138.23479771614075], [309.9427795410156, 48.44002425670624], 0.9998157024383545, 0.9995719790458679], [[925.5613708496094, 238.5183548927307], [401.67179107666016, 121.90224766731262], 0.9994335174560547, 0.9999518990516663], [[790.3504943847656, 216.71725273132324], [282.2190856933594, 135.7069981098175], 0.9999030828475952, 0.9996668100357056], [[927.3754119873047, 343.93603563308716], [432.75157928466797, 223.39764833450317], 0.7783744931221008, 0.9971309304237366], [[754.6666717529297, 326.8131136894226], [258.70981216430664, 224.1931700706482], 0.9935734868049622, 0.5167981386184692], [[916.9905090332031, 358.26937437057495], [355.08365631103516, 180.677011013031], 0.8829609751701355, 0.9919299483299255], [[788.6087036132812, 425.7071256637573], [238.36017608642578, 267.81299114227295], 0.9677466750144958, 0.7555283904075623], [[875.4605865478516, 466.8494653701782], [367.24632263183594, 312.91656732559204], 0.9904295206069946, 0.9993917942047119], [[798.0035400390625, 454.6177339553833], [294.6083641052246, 315.64154148101807], 0.9943918585777283, 0.9994091391563416], [[845.4379272460938, 627.9807901382446], [366.59828186035156, 455.72585105895996], 0.7149900794029236, 0.9934858679771423], [[785.8367919921875, 635.8062314987183], [285.5772018432617, 458.74863624572754], 0.8667541742324829, 0.9666160941123962], [[804.3190002441406, 760.0934028625488], [387.7373504638672, 615.8111572265625], 0.4170818030834198, 0.9910480380058289], [[753.6936950683594, 794.7148418426514], [289.06707763671875, 622.9051494598389], 0.5285665988922119, 0.9831781983375549]]
9.5 [[[899.8761749267578, 148.56899499893188], [324.9018859863281, 44.432101249694824], 0.9995729327201843, 0.9999157786369324], [[911.6709899902344, 135.36308526992798], [338.5604476928711, 33.349900245666504], 0.999353289604187, 0.999866247177124], [[884.2708587646484, 132.10673332214355], [314.77977752685547, 37.85831540822983], 0.9996067881584167, 0.999782383441925], [[915.27099609375, 144.21858072280884], [355.9678268432617, 42.471908032894135], 0.9988495707511902, 0.9998937845230103], [[863.1178283691406, 138.10360550880432], [310.1582336425781, 48.48540723323822], 0.9998233914375305, 0.9996064305305481], [[928.9910125732422, 241.99037790298462], [401.73851013183594, 122.41641640663147], 0.9994330406188965, 0.9999549388885498], [[794.6654510498047, 215.1482892036438], [282.2690773010254, 135.6376039981842], 0.9999077916145325, 0.9996811747550964], [[927.1862030029297, 344.986367225647], [432.8008270263672, 223.40895652770996], 0.7620080709457397, 0.9971864223480225], [[753.9409637451172, 323.7259769439697], [255.15987396240234, 223.05434703826904], 0.9934305548667908, 0.5345979332923889], [[919.6417236328125, 357.71816968917847], [355.6869888305664, 180.72865962982178], 0.8808690309524536, 0.9922194480895996], [[787.843017578125, 424.822940826416], [238.33711624145508, 264.91695642471313], 0.9676400423049927, 0.7641038298606873], [[873.6973571777344, 467.4496793746948], [367.2406005859375, 312.96825885772705], 0.9907362461090088, 0.9994169473648071], [[797.7412414550781, 454.7545909881592], [294.6199607849121, 315.71396112442017], 0.9946194887161255, 0.9994249939918518], [[844.0029144287109, 627.935299873352], [366.5761184692383, 456.07852935791016], 0.7183249592781067, 0.9936025738716125], [[777.2964477539062, 634.9902391433716], [285.6276321411133, 459.19392585754395], 0.8752830028533936, 0.9672772884368896], [[794.3472290039062, 760.5016994476318], [387.72911071777344, 615.8207273483276], 0.43196412920951843, 0.9910973310470581], [[745.6589508056641, 793.289966583252], [289.06518936157227, 622.9069089889526], 0.5466518998146057, 0.9834644198417664]]
9.6 [[[899.92919921875, 145.69528698921204], [328.86634826660156, 44.86003428697586], 0.999591588973999, 0.9999225735664368], [[911.8004608154297, 134.03916835784912], [342.8434753417969, 33.65955322980881], 0.9993756413459778, 0.999876856803894], [[885.1558685302734, 130.4613161087036], [317.5323486328125, 37.85690188407898], 0.9996123313903809, 0.9997996091842651], [[916.5784454345703, 144.10823464393616], [358.4166717529297, 43.02138268947601], 0.998867392539978, 0.999902606010437], [[863.7232208251953, 137.66526818275452], [310.55456161499023, 48.50781440734863], 0.9998209476470947, 0.9996395111083984], [[932.2248077392578, 243.63105297088623], [401.83277130126953, 123.52027416229248], 0.9994319081306458, 0.9999580383300781], [[794.659423828125, 213.32134008407593], [281.57827377319336, 136.02186799049377], 0.9999102354049683, 0.9996971487998962], [[929.8188781738281, 343.9630722999573], [432.88745880126953, 223.6141562461853], 0.7513201832771301, 0.9972690343856812], [[754.4657897949219, 322.5365996360779], [253.71187210083008, 222.26052045822144], 0.9930848479270935, 0.5544719099998474], [[920.7908630371094, 357.90740489959717], [356.0355758666992, 180.23202180862427], 0.8809136152267456, 0.9925681948661804], [[786.5550231933594, 420.75963020324707], [237.87734985351562, 264.93412256240845], 0.967399537563324, 0.7746121287345886], [[872.0833587646484, 467.48366832733154], [366.79786682128906, 313.7706685066223], 0.9910737872123718, 0.9994418025016785], [[794.7279357910156, 453.038535118103], [294.0803909301758, 316.89363956451416], 0.9948340654373169, 0.999442994594574], [[842.8089141845703, 627.9643106460571], [366.63291931152344, 457.2063446044922], 0.7201241254806519, 0.99364173412323], [[776.0575103759766, 629.5836782455444], [285.6528663635254, 461.75790309906006], 0.8818885684013367, 0.96769118309021], [[794.7045135498047, 746.268310546875], [387.7341842651367, 616.6925096511841], 0.4384191036224365, 0.9909801483154297], [[742.4752807617188, 783.9091873168945], [289.06646728515625, 623.0808019638062], 0.5552921891212463, 0.9835041165351868]]
9.7 [[[896.495361328125, 144.83217358589172], [331.0920715332031, 45.0631445646286], 0.9996210932731628, 0.9999287128448486], [[907.6011657714844, 133.88608932495117], [344.7938537597656, 33.94530773162842], 0.9994178414344788, 0.9998865127563477], [[881.7936706542969, 129.20607447624207], [319.11306381225586, 37.85486340522766], 0.9996331930160522, 0.9998151659965515], [[912.8369140625, 143.81844878196716], [359.63035583496094, 43.54662358760834], 0.9989405870437622, 0.9999105930328369], [[859.8606872558594, 135.91850638389587], [311.19991302490234, 48.5523122549057], 0.9998270273208618, 0.9996691346168518], [[930.5931854248047, 244.00975942611694], [402.02579498291016, 124.01236295700073], 0.9994686841964722, 0.9999610185623169], [[789.8124694824219, 211.9779396057129], [281.22655868530273, 136.3178551197052], 0.9999145865440369, 0.999711811542511], [[933.4667205810547, 345.87600231170654], [433.1169128417969, 223.79761934280396], 0.7662678360939026, 0.9973453879356384], [[751.2217712402344, 322.2658681869507], [253.33602905273438, 222.44391918182373], 0.9928231239318848, 0.5721322298049927], [[917.4406433105469, 356.1746549606323], [356.3560104370117, 180.26455163955688], 0.8894065022468567, 0.9928730130195618], [[785.0334167480469, 420.93888759613037], [237.5730323791504, 265.2453017234802], 0.9674004912376404, 0.7836318016052246], [[870.4026794433594, 467.4123001098633], [366.59122467041016, 313.94479751586914], 0.9916024208068848, 0.9994654655456543], [[792.7956390380859, 452.62938022613525], [293.61080169677734, 317.0257544517517], 0.9951191544532776, 0.9994581341743469], [[842.4774169921875, 628.0694103240967], [366.7280578613281, 457.2285318374634], 0.7252321839332581, 0.9936265349388123], [[773.5637664794922, 628.0506992340088], [285.6869888305664, 462.84799575805664], 0.8870013952255249, 0.967578649520874], [[792.0748138427734, 751.7307472229004], [387.80025482177734, 617.1013641357422], 0.45033136010169983, 0.9908050894737244], [[741.1647796630859, 777.1679592132568], [289.06742095947266, 623.1589508056641], 0.5651962757110596, 0.9833348989486694]]
9.8 [[[888.28857421875, 142.5519096851349], [332.13626861572266, 45.467825531959534], 0.9996415376663208, 0.9999343156814575], [[903.8526916503906, 130.86729526519775], [345.9648895263672, 34.30505096912384], 0.9994466304779053, 0.9998953342437744], [[874.0703582763672, 126.9326663017273], [320.00099182128906, 37.8830561041832], 0.9996439218521118, 0.9998294711112976], [[907.4127197265625, 141.7844545841217], [360.7065200805664, 44.080050587654114], 0.9989954233169556, 0.9999179244041443], [[857.0231628417969, 133.90034794807434], [311.8301773071289, 48.60375165939331], 0.9998270273208618, 0.9996964335441589], [[927.3108673095703, 244.31201219558716], [402.4671173095703, 124.52107071876526], 0.9995028972625732, 0.9999637007713318], [[787.4571990966797, 212.075035572052], [281.1014938354492, 136.42223596572876], 0.9999173879623413, 0.9997271299362183], [[935.7695770263672, 346.3323640823364], [433.48804473876953, 224.03998374938965], 0.7851117849349976, 0.9974387884140015], [[748.5113525390625, 325.1525902748108], [252.33013153076172, 222.3720359802246], 0.99241703748703, 0.5928715467453003], [[915.4113006591797, 355.2030086517334], [356.97792053222656, 180.56583881378174], 0.8981776833534241, 0.9931898713111877], [[781.551513671875, 425.4386901855469], [237.28710174560547, 265.2371907234192], 0.9658780694007874, 0.7944290041923523], [[869.3925476074219, 467.43783473968506], [366.4582061767578, 314.01485681533813], 0.9917303919792175, 0.9994848966598511], [[791.3349914550781, 453.0378484725952], [293.3918762207031, 317.02345848083496], 0.9951952695846558, 0.9994710683822632], [[842.2039794921875, 628.2629585266113], [366.9906234741211, 457.25672721862793], 0.7238872051239014, 0.9936186075210571], [[770.3539276123047, 628.878493309021], [285.7200241088867, 463.2545757293701], 0.8872004747390747, 0.9675846099853516], [[791.9743347167969, 759.1074657440186], [387.8008270263672, 617.2121715545654], 0.45160093903541565, 0.9906731843948364], [[740.3268432617188, 778.7558269500732], [289.0712356567383, 623.1605815887451], 0.5665680766105652, 0.9832894802093506]]
9.9 [[[869.7596740722656, 135.70884346961975], [333.1424331665039, 45.83994448184967], 0.999627411365509, 0.9999397397041321], [[886.8315887451172, 123.41550707817078], [346.49314880371094, 34.59763705730438], 0.9994038343429565, 0.9999038577079773], [[855.4258728027344, 121.2992012500763], [320.7254409790039, 38.02220106124878], 0.9996078610420227, 0.9998435974121094], [[897.6182556152344, 135.53958535194397], [361.1781692504883, 44.407969415187836], 0.9989126324653625, 0.9999247789382935], [[841.6394805908203, 131.13114953041077], [312.6027297973633, 48.76556396484375], 0.9997977018356323, 0.9997228384017944], [[924.7575378417969, 243.6837100982666], [403.01692962646484, 125.23424863815308], 0.9994950294494629, 0.9999662041664124], [[777.2324371337891, 212.1373701095581], [281.2222671508789, 136.84520959854126], 0.999916136264801, 0.9997435808181763], [[933.0716705322266, 345.11358976364136], [434.1497039794922, 224.2908239364624], 0.7992387413978577, 0.9975478649139404], [[739.2643737792969, 325.63616037368774], [250.90530395507812, 221.01310014724731], 0.9918924570083618, 0.6155093908309937], [[910.2056121826172, 355.9169912338257], [357.5709533691406, 180.70675134658813], 0.9023610949516296, 0.9935160875320435], [[765.5371856689453, 431.39413833618164], [236.57878875732422, 264.8357605934143], 0.962147057056427, 0.8054394125938416], [[867.8171539306641, 467.5815153121948], [366.4547348022461, 314.0598750114441], 0.9915048480033875, 0.9995038509368896], [[782.5611877441406, 454.76441860198975], [293.47461700439453, 316.94709062576294], 0.995176374912262, 0.9994859099388123], [[836.6436767578125, 629.6180963516235], [367.10655212402344, 457.25295066833496], 0.7247250080108643, 0.9935674667358398], [[760.2040100097656, 629.849066734314], [285.8123207092285, 463.23689460754395], 0.8875628709793091, 0.9667723178863525], [[788.9054107666016, 767.1981239318848], [387.8123474121094, 617.231183052063], 0.4522242248058319, 0.9905291795730591], [[739.2507934570312, 779.7175598144531], [289.06543731689453, 623.155517578125], 0.5686146020889282, 0.9829258918762207]]
